GHI,Temperature,Relative Humidity,Solar Zenith Angle,Cloud Type,Clearsky GHI,Power_MW
91.5,12.55,86.53999999999999,83.09,0.5,91.5,0.0
0.0,10.05,100.0,160.53,0.0,0.0,1.1
0.0,9.95,100.0,164.885,0.0,0.0,9.1
0.0,9.75,100.0,160.01500000000001,0.0,0.0,15.0
0.0,9.55,99.58500000000001,150.02499999999998,4.0,0.0,18.4
0.0,9.3,98.27000000000001,138.565,7.0,0.0,7.6
0.0,9.450000000000001,94.42,126.75,7.0,0.0,8.6
0.0,9.9,89.84,114.98500000000001,7.0,0.0,9.6
0.0,10.400000000000002,87.78999999999999,103.535,6.0,0.0,5.5
25.0,12.100000000000001,86.595,82.48,6.0,89.0,0.0
13.0,12.75,86.185,73.785,6.0,232.5,0.0
81.5,13.150000000000002,85.92,66.845,7.5,357.5,0.0
52.0,13.3,87.1,62.335,7.5,436.5,0.0
114.5,13.4,88.355,60.81,6.0,464.0,0.0
64.0,13.55,89.185,62.495000000000005,7.0,429.0,0.0
22.0,13.700000000000001,91.22,67.14500000000001,7.0,347.5,0.0
28.5,13.8,93.55,74.19,6.5,226.0,0.0
30.0,13.55,95.46000000000001,82.96000000000001,6.0,85.0,0.0
0.0,11.05,95.58500000000001,164.8,6.0,0.0,2.3
0.0,10.8,96.26,160.015,6.0,0.0,0.4
0.0,10.850000000000001,95.74000000000001,150.06,6.0,0.0,3.2
0.0,10.95,95.44,138.61,7.5,0.0,4.5
0.0,11.100000000000001,95.02,126.79499999999999,6.0,0.0,5.1
0.0,10.95,94.87,115.025,6.0,0.0,6.7
0.0,10.8,94.44,103.57,6.0,0.0,4.6
0.0,10.8,93.11500000000001,92.425,6.5,0.0,0.1
40.5,11.05,92.26500000000001,82.49000000000001,7.5,98.0,0.0
23.0,11.25,91.53,73.775,7.0,250.0,0.0
73.5,11.5,90.535,66.81,6.0,376.5,0.0
31.5,11.55,88.795,62.27,6.0,458.0,0.0
184.0,11.350000000000001,88.11500000000001,60.715,7.0,487.5,0.0
77.0,11.25,87.87,62.38,6.0,457.0,0.0
80.5,11.350000000000001,87.17500000000001,67.02000000000001,6.0,373.0,0.0
27.5,11.5,87.935,74.055,7.0,246.0,0.0
46.5,11.350000000000001,89.8,82.82,7.0,93.0,0.0
0.0,8.95,90.065,160.26,0.0,0.0,1.1
0.0,8.9,88.49,164.71,0.0,0.0,9.0
0.0,8.850000000000001,87.275,160.005,0.0,0.0,14.6
0.0,8.65,87.715,150.09,7.0,0.0,18.4
0.0,8.55,89.45,138.65,7.0,0.0,20.2
0.0,8.75,90.405,126.83500000000001,7.0,0.0,17.8
0.0,9.3,90.69,115.065,6.0,0.0,10.8
0.0,9.700000000000001,91.065,103.6,6.5,0.0,8.5
0.0,10.05,91.5,92.435,6.0,0.0,1.3
14.0,10.75,90.56,82.49000000000001,6.0,97.5,0.0
38.5,11.75,89.11500000000001,73.755,6.0,248.0,0.0
126.0,12.75,86.545,66.765,6.0,375.5,0.0
119.0,13.600000000000001,81.62,62.2,6.0,457.5,0.0
115.0,13.850000000000001,78.685,60.620000000000005,6.0,485.0,0.0
84.0,13.700000000000001,79.465,62.265,6.0,445.5,0.0
65.0,13.3,82.455,66.885,6.0,356.5,0.0
81.5,12.95,85.795,73.91499999999999,7.0,225.5,0.0
21.0,12.8,88.10000000000001,82.68,7.0,82.0,0.0
0.0,12.95,93.685,160.115,7.0,0.0,0.7
0.0,12.850000000000001,93.495,164.61,7.5,0.0,8.2
0.0,12.650000000000002,93.655,159.99,7.0,0.0,14.1
0.0,12.55,93.48500000000001,150.11,7.0,0.0,18.0
0.0,12.45,92.95500000000001,138.685,7.0,0.0,19.7
0.0,12.3,92.10000000000001,126.875,7.0,0.0,19.6
0.0,12.200000000000001,90.92,115.1,6.5,0.0,18.0
0.0,12.100000000000001,89.805,103.625,6.0,0.0,14.0
0.0,12.25,87.455,92.45,6.5,0.0,7.0
53.0,12.8,85.78999999999999,82.49000000000001,7.0,93.5,0.0
244.5,13.600000000000001,80.385,73.73,0.0,244.5,0.0
380.0,14.850000000000001,77.175,66.715,0.0,380.0,0.0
464.5,16.15,72.655,62.120000000000005,0.0,464.5,0.0
493.0,16.75,70.84,60.515,0.0,493.0,0.0
464.5,16.950000000000003,70.405,62.135000000000005,0.0,464.5,0.0
381.0,16.65,71.705,66.745,0.0,381.0,0.0
251.5,15.850000000000001,75.955,73.765,0.5,251.5,0.0
99.5,14.15,85.485,82.53,1.0,99.5,0.0
0.0,10.05,92.17,159.965,1.0,0.0,1.0
0.0,9.8,92.325,164.51,0.5,0.0,8.6
0.0,9.55,92.67,159.965,1.5,0.0,14.1
0.0,9.4,92.25,150.125,2.0,0.0,17.8
0.0,9.350000000000001,91.07,138.715,4.0,0.0,19.5
0.0,9.200000000000001,90.79,126.905,6.0,0.0,19.4
0.0,9.1,90.49,115.13,7.0,0.0,17.4
0.0,9.1,89.68,103.64500000000001,7.0,0.0,13.9
0.0,9.350000000000001,87.78,92.45500000000001,7.0,0.0,7.0
42.5,10.350000000000001,84.67500000000001,82.475,5.5,103.0,0.0
156.5,11.400000000000002,80.27000000000001,73.7,3.5,259.5,0.0
313.0,12.55,76.35000000000001,66.66,5.5,393.0,0.0
389.0,13.65,74.68,62.035000000000004,7.5,481.0,0.0
413.5,14.5,73.255,60.405,7.0,511.0,0.0
442.0,14.95,73.225,62.005,3.5,479.0,0.0
289.0,15.0,74.89,66.595,5.5,393.0,0.0
209.5,14.3,81.02000000000001,73.61500000000001,7.0,260.5,0.0
77.0,12.850000000000001,87.86500000000001,82.38,7.5,104.0,0.0
0.0,9.700000000000001,98.09,159.815,4.0,0.0,0.9
0.0,9.600000000000001,97.65,164.39,7.0,0.0,8.1
0.0,9.5,97.36,159.93,7.0,0.0,13.7
0.0,9.5,96.325,150.135,5.0,0.0,17.7
0.0,9.55,94.825,138.74,2.0,0.0,19.8
0.0,9.45,94.075,126.93,3.0,0.0,19.9
0.0,9.350000000000001,93.095,115.15,0.5,0.0,17.5
0.0,9.200000000000001,92.35000000000001,103.66,1.0,0.0,13.8
0.0,9.450000000000001,89.69,92.46000000000001,2.0,0.0,7.1
84.5,10.450000000000001,86.57,82.46000000000001,7.0,104.5,0.0
204.0,11.5,81.89,73.665,5.0,263.5,0.0
400.5,12.65,78.19,66.595,0.0,400.5,0.0
488.5,13.900000000000002,74.89,61.94,0.0,488.5,0.0
518.5,15.05,71.045,60.28,0.0,518.5,0.0
488.0,15.9,66.09,61.86,0.0,488.0,0.0
399.0,16.05,65.16499999999999,66.45,0.0,399.0,0.0
265.0,15.600000000000001,69.495,73.465,0.0,265.0,0.0
95.0,14.15,77.11500000000001,82.225,3.5,107.0,0.0
0.0,12.850000000000001,96.19,159.655,5.5,0.0,0.4
0.0,12.5,96.48,164.26999999999998,4.0,0.0,0.9
0.0,11.75,98.095,159.885,4.0,0.0,3.6
0.0,11.100000000000001,99.44,150.14,1.0,0.0,5.0
0.0,10.850000000000001,99.73,138.755,0.5,0.0,9.4
0.0,10.600000000000001,99.845,126.95500000000001,0.0,0.0,15.8
0.0,10.350000000000001,99.99000000000001,115.17,0.0,0.0,18.5
0.0,10.200000000000001,100.0,103.67000000000002,0.0,0.0,13.4
0.0,10.8,96.31,92.455,0.0,0.0,7.3
102.5,12.600000000000001,93.565,82.445,0.0,102.5,0.0
180.0,13.65,90.765,73.62,2.0,261.0,0.0
389.5,14.200000000000001,85.5,66.525,0.0,389.5,0.0
244.5,14.45,80.11000000000001,61.84,1.5,477.0,0.0
84.5,14.4,78.465,60.155,3.5,506.5,0.0
477.5,14.150000000000002,78.64500000000001,61.715,0.0,477.5,0.0
331.5,13.8,78.515,66.28999999999999,1.0,393.0,0.0
262.0,13.05,79.47,73.295,0.0,262.0,0.0
106.0,11.600000000000001,86.25999999999999,82.065,0.0,106.0,0.0
0.0,9.650000000000002,100.0,159.495,0.0,0.0,0.8
0.0,9.55,100.0,164.14000000000001,0.0,0.0,8.3
0.0,9.350000000000001,100.0,159.83499999999998,0.0,0.0,14.7
0.0,9.100000000000001,100.0,150.135,0.0,0.0,18.7
0.0,8.7,100.0,138.765,0.0,0.0,20.5
0.0,8.25,100.0,126.965,2.0,0.0,20.4
0.0,7.85,99.765,115.18,0.0,0.0,18.5
0.0,7.4,99.01,103.67000000000002,0.5,0.0,14.5
0.0,7.65,94.75999999999999,92.44,3.0,0.0,7.4
89.0,9.0,88.22,82.41,1.5,100.5,0.0
258.5,10.15,80.04,73.57000000000001,0.0,258.5,0.0
393.0,11.55,69.65,66.45,0.0,393.0,0.0
479.0,12.450000000000001,64.60499999999999,61.735,0.0,479.0,0.0
510.0,13.0,63.230000000000004,60.019999999999996,0.0,510.0,0.0
482.5,13.3,63.54,61.565,0.0,482.5,0.0
395.0,13.350000000000001,65.195,66.125,0.0,395.0,0.0
262.0,12.700000000000001,70.285,73.13499999999999,0.5,262.0,0.0
73.0,11.25,80.225,81.9,4.5,106.5,0.0
0.0,7.95,92.885,159.325,0.5,0.0,1.1
0.0,7.8500000000000005,93.725,164.005,0.0,0.0,8.6
0.0,7.7,94.25,159.775,0.0,0.0,14.4
0.0,7.6000000000000005,93.99,150.12,0.0,0.0,18.4
0.0,7.550000000000001,92.715,138.775,0.0,0.0,19.8
0.0,7.300000000000001,91.78999999999999,126.975,0.0,0.0,19.3
0.0,6.85,91.5,115.185,0.0,0.0,17.7
0.0,6.4,91.255,103.665,0.0,0.0,14.3
0.0,6.5,88.50999999999999,92.42500000000001,0.5,0.0,7.6
101.5,7.950000000000001,83.565,82.375,0.0,101.5,0.0
260.5,9.45,75.55,73.51,0.0,260.5,0.0
398.0,11.200000000000001,67.75,66.36,0.0,398.0,0.0
487.5,12.600000000000001,62.485,61.620000000000005,0.0,487.5,0.0
520.5,13.600000000000001,58.89,59.88,0.0,520.5,0.0
498.5,14.150000000000002,59.18000000000001,61.400000000000006,0.0,498.5,0.0
411.5,14.3,59.019999999999996,65.95500000000001,0.0,411.5,0.0
275.5,13.8,63.599999999999994,72.965,0.0,275.5,0.0
114.5,12.600000000000001,68.68,81.74000000000001,0.0,114.5,0.0
6.5,11.7,66.395,91.755,0.0,6.5,0.0
0.0,10.200000000000001,79.78,159.155,0.5,0.0,1.1
0.0,10.100000000000001,80.795,163.86,2.0,0.0,8.8
0.0,9.600000000000001,83.94,159.70999999999998,0.0,0.0,14.4
0.0,9.100000000000001,88.315,150.10500000000002,2.0,0.0,17.9
0.0,8.850000000000001,91.68,138.775,7.0,0.0,20.1
0.0,8.75,93.625,126.97999999999999,5.5,0.0,20.0
0.0,8.65,94.58000000000001,115.185,3.5,0.0,17.5
0.0,8.4,95.605,103.66,4.0,0.0,13.6
0.0,8.450000000000001,94.785,92.41,1.0,0.0,7.1
49.0,9.3,91.53,82.34,1.5,99.0,0.0
45.0,10.25,87.61500000000001,73.445,3.0,256.0,0.0
99.0,11.350000000000001,84.935,66.27,3.0,381.5,0.0
161.0,12.65,83.57000000000001,61.5,3.0,469.0,0.0
324.5,13.200000000000001,83.17,59.735,2.5,501.5,0.0
468.5,13.45,82.9,61.235,1.0,468.5,0.0
313.0,13.45,83.655,65.785,4.5,383.5,0.0
194.0,13.0,86.64500000000001,72.785,8.0,253.5,0.0
54.0,12.100000000000001,90.72,81.565,5.5,103.5,0.0
3.0,11.55,92.18,91.595,7.0,6.0,0.0
0.0,11.700000000000001,97.825,159.635,7.0,0.0,0.1
0.0,12.0,97.75,150.07999999999998,7.0,0.0,0.4
0.0,12.3,97.39,138.76999999999998,7.0,0.0,0.4
0.0,12.55,96.965,126.975,7.0,0.0,0.3
0.0,12.700000000000001,96.89,115.18,5.5,0.0,0.3
48.5,13.25,95.32,82.295,7.5,97.0,0.0
70.0,13.850000000000001,94.10499999999999,73.375,7.0,251.0,0.0
132.0,14.25,93.725,66.17,7.0,378.5,0.0
274.5,14.45,92.7,61.370000000000005,7.0,468.0,0.0
358.0,14.600000000000001,89.96000000000001,59.58,7.0,505.5,0.0
359.5,14.650000000000002,85.14500000000001,61.065,7.5,480.5,0.0
272.5,14.3,80.78,65.60499999999999,4.0,400.5,0.0
188.5,13.450000000000001,78.81,72.605,3.5,273.0,0.0
82.5,12.0,83.575,81.39500000000001,5.5,117.0,0.0
4.5,10.900000000000002,86.64,91.43,3.5,8.0,0.0
0.0,8.25,98.795,158.79500000000002,4.0,0.0,0.5
0.0,7.9,99.44,163.54500000000002,5.0,0.0,7.2
0.0,7.550000000000001,99.86,159.555,7.0,0.0,12.2
0.0,7.3500000000000005,99.09,150.04500000000002,7.0,0.0,15.4
0.0,7.1,98.32000000000001,138.755,0.0,0.0,10.9
0.0,6.8500000000000005,98.01500000000001,126.97,0.0,0.0,9.5
0.0,6.75,97.0,115.17000000000002,0.5,0.0,5.2
0.0,6.800000000000001,95.4,103.625,5.0,0.0,0.1
0.0,7.5,91.71000000000001,92.345,7.0,0.0,7.2
51.5,8.950000000000001,87.82,82.24000000000001,7.5,100.0,0.0
131.0,10.200000000000001,83.44,73.295,4.0,253.5,0.0
364.5,11.850000000000001,79.235,66.06,3.5,389.5,0.0
477.5,13.450000000000001,74.39,61.235,0.0,477.5,0.0
511.5,14.200000000000001,72.215,59.415000000000006,0.5,511.5,0.0
419.0,14.55,70.78999999999999,60.885000000000005,1.0,488.5,0.0
371.0,14.55,69.905,65.415,3.5,406.0,0.0
242.0,13.850000000000001,74.425,72.42,4.5,275.0,0.0
101.0,12.450000000000001,85.305,81.215,1.5,118.0,0.0
8.5,11.350000000000001,86.39500000000001,91.265,0.0,8.5,0.0
0.0,9.0,93.89,158.61,4.0,0.0,1.0
0.0,8.75,93.805,163.375,0.0,0.0,8.6
0.0,8.5,94.155,159.465,0.0,0.0,15.0
0.0,8.3,95.0,150.01,0.0,0.0,19.1
0.0,8.200000000000001,95.06,138.735,7.0,0.0,20.5
0.0,8.200000000000001,94.24,126.95500000000001,0.0,0.0,21.0
0.0,8.25,93.515,115.15,4.0,0.0,19.4
0.0,8.4,92.83500000000001,103.595,4.0,0.0,14.8
0.0,8.95,90.805,92.31,5.5,0.0,8.1
49.5,10.4,86.91,82.18,5.5,104.0,0.0
221.0,12.100000000000001,82.515,73.21000000000001,7.0,263.0,0.0
329.5,13.850000000000001,80.16499999999999,65.95,7.5,398.0,0.0
399.0,15.100000000000001,77.745,61.09,7.0,487.0,0.0
385.5,15.650000000000002,75.91,59.25,6.0,519.0,0.0
359.0,15.650000000000002,76.37,60.7,8.0,490.0,0.0
279.5,15.25,79.965,65.225,7.5,407.0,0.0
200.0,14.450000000000001,86.535,72.22999999999999,5.5,277.5,0.0
70.0,13.5,90.08,81.03,6.0,120.5,0.0
3.0,12.8,92.57499999999999,91.095,8.0,9.0,0.0
0.0,11.850000000000001,95.22,158.41500000000002,4.0,0.0,0.1
0.0,11.2,94.65,163.2,5.5,0.0,4.2
0.0,10.3,92.59,159.365,7.5,0.0,10.5
0.0,9.700000000000001,90.305,149.96,7.0,0.0,13.4
0.0,9.3,89.62,138.71,7.0,0.0,9.7
0.0,9.2,90.485,126.935,7.5,0.0,0.3
0.0,9.75,90.275,115.125,3.0,0.0,9.6
0.0,10.200000000000001,90.245,103.56,5.5,0.0,5.7
0.0,10.600000000000001,88.78999999999999,92.27000000000001,5.0,0.0,0.1
18.0,11.05,87.82,82.11500000000001,7.5,103.0,0.0
36.5,11.150000000000002,86.86000000000001,73.12,6.5,259.5,0.0
146.5,10.95,85.905,65.83500000000001,8.0,393.0,0.0
62.5,10.8,85.25,60.94,6.5,485.0,0.0
149.5,10.95,83.61500000000001,59.075,6.0,521.0,0.0
135.0,11.100000000000001,82.36,60.510000000000005,7.0,499.0,0.0
177.5,11.05,82.39,65.025,7.0,413.5,0.0
225.5,10.700000000000001,84.36000000000001,72.03999999999999,8.0,279.0,0.0
50.0,10.3,86.455,80.845,3.0,121.5,0.0
5.0,10.05,86.575,90.92,5.5,9.5,0.0
0.0,8.3,84.735,158.22500000000002,0.0,0.0,1.2
0.0,7.9,84.96000000000001,163.025,0.0,0.0,9.2
0.0,7.6,84.76,159.255,0.0,0.0,15.1
0.0,7.25,84.97999999999999,149.91000000000003,0.0,0.0,19.2
0.0,6.95,85.565,138.68,0.0,0.0,20.8
0.0,6.6,86.765,126.91,0.0,0.0,20.6
0.0,6.1,89.06,115.095,0.0,0.0,18.8
0.0,5.8500000000000005,89.665,103.525,0.5,0.0,14.2
0.0,6.3500000000000005,86.455,92.215,0.0,0.0,5.3
115.5,8.05,80.87,82.03999999999999,0.0,115.5,0.0
282.5,9.350000000000001,71.11,73.025,0.0,282.5,0.0
424.0,10.600000000000001,61.195,65.705,0.0,424.0,0.0
518.5,11.350000000000001,55.69,60.785000000000004,0.0,518.5,0.0
554.0,11.9,52.89,58.89,0.0,554.0,0.0
527.5,12.200000000000001,52.245000000000005,60.315,0.0,527.5,0.0
439.5,12.05,54.120000000000005,64.825,0.0,439.5,0.0
301.5,11.3,60.1,71.84,0.0,301.5,0.0
136.0,9.700000000000001,74.36,80.655,0.0,136.0,0.0
12.0,8.5,77.695,90.74000000000001,0.0,12.0,0.0
0.0,7.300000000000001,85.67,158.02499999999998,3.5,0.0,0.8
0.0,7.2,86.04,162.83499999999998,3.5,0.0,7.4
0.0,7.050000000000001,86.92,159.14,4.0,0.0,12.0
0.0,6.9,87.89,149.845,4.0,0.0,14.4
0.0,6.8500000000000005,88.03,138.645,4.0,0.0,15.5
0.0,6.9,87.28,126.875,4.0,0.0,15.0
0.0,7.0,86.21000000000001,115.06,5.5,0.0,11.7
0.0,7.0,85.50999999999999,103.47999999999999,4.0,0.0,10.3
0.0,7.300000000000001,83.535,92.16,6.0,0.0,6.6
21.5,8.25,81.215,81.95500000000001,4.0,106.5,0.0
154.0,9.5,75.58500000000001,72.92,4.0,265.5,0.0
252.5,10.850000000000001,68.375,65.57,7.0,400.5,0.0
287.0,11.45,65.42500000000001,60.620000000000005,6.5,489.0,0.0
398.0,11.75,64.175,58.705,7.0,522.5,0.0
356.5,12.25,63.53,60.11,5.5,497.5,0.0
291.5,12.350000000000001,65.34,64.62,6.0,415.0,0.0
231.5,12.100000000000001,70.535,71.64,1.5,284.0,0.0
62.5,11.600000000000001,73.605,80.465,3.5,126.0,0.0
5.5,11.150000000000002,73.735,90.565,5.5,11.0,0.0
0.0,9.850000000000001,77.18,157.825,7.0,0.0,1.3
0.0,9.5,79.09,162.64000000000001,7.0,0.0,8.6
0.0,9.0,81.195,159.02,7.0,0.0,14.4
0.0,8.5,82.075,149.78,7.5,0.0,18.7
0.0,8.15,82.77,138.595,7.0,0.0,14.5
0.0,8.0,83.24,126.84,7.0,0.0,7.7
0.0,7.8500000000000005,83.875,115.02000000000001,7.0,0.0,0.1
0.0,8.3,82.14,92.095,7.0,0.0,0.1
76.0,10.05,78.45,81.875,7.5,110.0,0.0
187.5,11.450000000000001,74.295,72.81,4.0,272.5,0.0
320.0,12.75,75.0,65.43,5.0,406.5,0.0
399.0,13.5,77.2,60.45,5.5,497.5,0.0
339.5,13.850000000000001,78.49000000000001,58.51,4.0,532.0,0.0
334.0,14.0,79.47,59.900000000000006,7.0,507.0,0.0
282.0,13.95,80.795,64.415,7.5,422.0,0.0
125.5,13.5,84.425,71.435,7.5,288.5,0.0
35.0,12.75,89.73,80.27000000000001,7.0,129.0,0.0
5.0,12.25,93.07499999999999,90.39,5.5,11.5,0.0
0.0,9.9,98.75,162.44,7.5,0.0,2.7
0.0,9.600000000000001,98.58,158.89,0.5,0.0,9.8
0.0,9.5,98.15,149.70499999999998,0.0,0.0,3.1
0.0,9.5,97.03,138.54500000000002,0.0,0.0,5.4
0.0,9.600000000000001,96.38,126.79499999999999,0.0,0.0,4.7
0.0,9.700000000000001,95.62,114.97,5.0,0.0,7.4
0.0,10.65,90.99000000000001,92.035,7.0,0.0,0.1
65.5,11.4,89.745,81.785,5.5,102.0,0.0
165.5,11.850000000000001,87.41,72.69,3.5,262.0,0.0
250.0,12.350000000000001,82.38,65.285,3.0,405.5,0.0
286.5,12.850000000000001,75.095,60.275000000000006,4.0,502.5,0.0
233.0,12.95,70.83000000000001,58.30500000000001,6.0,540.0,0.0
433.5,12.850000000000001,69.66499999999999,59.685,5.0,517.0,0.0
433.0,12.5,71.25,64.195,0.5,433.0,0.0
125.0,11.950000000000001,75.375,71.225,3.0,300.5,0.0
122.0,10.950000000000001,81.235,80.075,3.5,138.5,0.0
8.5,10.0,85.15,90.205,1.5,13.5,0.0
0.0,8.3,92.245,157.41,0.0,0.0,1.4
0.0,8.05,92.705,162.23000000000002,3.5,0.0,9.4
0.0,7.75,93.17,158.75,0.0,0.0,15.4
0.0,7.4,93.41499999999999,149.625,0.0,0.0,19.6
0.0,7.0,94.305,138.485,0.0,0.0,21.6
0.0,6.6,95.13,126.745,0.0,0.0,21.7
0.0,6.300000000000001,95.08500000000001,114.92,0.0,0.0,20.2
0.0,6.0,94.935,103.305,0.0,0.0,16.4
0.0,6.45,91.105,91.95500000000001,1.5,0.0,9.8
85.5,8.15,86.42,81.685,1.5,119.0,0.0
273.5,9.4,80.62,72.565,4.0,287.5,0.0
346.5,10.850000000000001,71.61,65.13,4.5,428.5,0.0
469.0,11.75,65.025,60.09,1.0,523.0,0.0
559.5,12.150000000000002,61.605000000000004,58.1,1.0,559.5,0.0
502.0,12.4,59.75,59.465,4.0,532.0,0.0
386.5,12.350000000000001,59.605000000000004,63.975,1.0,448.0,0.0
313.0,11.900000000000002,63.135,71.00999999999999,0.0,313.0,0.0
147.5,10.65,73.29,79.87,0.0,147.5,0.0
15.5,9.700000000000001,72.575,90.015,1.5,15.5,0.0
0.0,8.15,87.185,157.195,0.0,0.0,1.5
0.0,7.95,88.37,162.02,1.0,0.0,9.2
0.0,7.700000000000001,89.3,158.60000000000002,0.0,0.0,15.1
0.0,7.45,89.99000000000001,149.535,0.0,0.0,19.2
0.0,7.25,90.07,138.42000000000002,0.0,0.0,21.1
0.0,7.050000000000001,89.64500000000001,126.685,0.0,0.0,21.3
0.0,6.8500000000000005,90.245,114.86,0.0,0.0,19.2
0.0,6.75,90.61500000000001,103.24000000000001,0.0,0.0,15.7
6.5,7.0,89.005,91.875,0.0,6.5,9.7
113.5,8.2,85.405,81.58,0.0,113.5,0.0
277.5,9.45,79.78,72.43,0.0,277.5,0.0
418.0,10.850000000000001,72.20500000000001,64.97,0.0,418.0,0.0
512.0,11.8,65.735,59.900000000000006,0.0,512.0,0.0
548.5,12.3,62.985,57.885000000000005,0.0,548.5,0.0
523.0,12.5,63.13,59.24,0.0,523.0,0.0
439.5,12.4,65.015,63.75,0.0,439.5,0.0
308.0,11.75,70.10499999999999,70.795,0.0,308.0,0.0
130.0,10.3,82.29,79.67,1.0,144.0,0.0
15.5,8.9,88.11500000000001,89.83000000000001,0.0,15.5,0.0
0.0,9.100000000000001,96.955,156.98000000000002,1.0,0.0,1.5
0.0,9.45,96.67500000000001,161.8,0.5,0.0,9.4
0.0,9.75,96.46000000000001,158.445,0.0,0.0,14.8
0.0,9.8,96.31,149.435,0.5,0.0,18.5
0.0,9.9,95.85000000000001,138.35000000000002,1.0,0.0,20.6
0.0,9.95,96.06,126.62,1.0,0.0,20.5
0.0,10.05,96.445,114.79500000000002,4.0,0.0,19.7
0.0,10.200000000000001,96.61,103.16499999999999,1.0,0.0,15.9
6.0,10.400000000000002,95.775,91.795,1.0,6.0,9.7
9.0,11.15,94.42,81.475,5.5,112.5,0.0
72.5,11.650000000000002,92.685,72.295,7.0,277.0,0.0
80.0,11.8,90.96000000000001,64.8,6.0,409.0,0.0
234.0,11.8,89.39500000000001,59.7,5.5,503.5,0.0
200.0,11.8,87.73,57.66,3.0,543.5,0.0
320.0,11.75,86.695,59.004999999999995,2.5,523.5,0.0
441.0,11.650000000000002,85.725,63.519999999999996,0.0,441.0,0.0
310.0,11.3,86.00999999999999,70.575,0.0,310.0,0.0
146.5,10.7,88.71000000000001,79.465,0.0,146.5,0.0
16.5,10.0,89.74000000000001,89.64000000000001,0.0,16.5,0.0
0.0,8.850000000000001,89.58,156.76,0.0,0.0,1.6
0.0,8.8,90.61,161.57,0.0,0.0,9.4
0.0,8.7,92.19500000000001,158.285,0.5,0.0,15.4
0.0,8.4,93.805,149.32999999999998,2.0,0.0,19.7
0.0,7.9,95.9,138.275,0.0,0.0,21.6
0.0,7.15,98.56,126.55,0.0,0.0,21.6
0.0,6.550000000000001,98.555,114.72,0.0,0.0,19.8
0.0,6.050000000000001,95.12,103.08500000000001,0.0,0.0,15.9
7.0,6.2,87.69500000000001,91.70500000000001,0.0,7.0,9.9
124.5,7.450000000000001,79.31,81.355,0.0,124.5,0.0
298.0,8.95,71.44,72.155,0.0,298.0,0.0
445.5,10.650000000000002,64.31,64.625,0.0,445.5,0.0
543.5,12.3,57.14,59.495000000000005,0.0,543.5,0.0
582.0,13.350000000000001,53.34,57.435,0.0,582.0,0.0
558.0,13.95,52.35,58.775000000000006,0.0,558.0,0.0
472.5,14.0,54.04,63.285,0.0,472.5,0.0
335.5,13.25,59.79,70.35499999999999,0.0,335.5,0.0
165.5,11.5,70.31,79.255,0.0,165.5,0.0
20.5,9.75,75.7,89.445,0.0,20.5,0.0
0.0,6.15,92.375,156.53,0.0,0.0,1.7
0.0,5.75,91.91,161.335,0.0,0.0,9.5
0.0,5.45,90.795,158.10500000000002,0.0,0.0,15.2
0.0,5.15,89.62,149.215,0.0,0.0,18.9
0.0,4.8500000000000005,88.6,138.19,0.0,0.0,20.9
0.0,4.7,87.67,126.47999999999999,0.0,0.0,20.8
0.0,4.6000000000000005,87.60000000000001,114.64500000000001,0.0,0.0,19.6
0.0,4.700000000000001,86.815,102.995,0.5,0.0,15.6
8.5,5.65,82.015,91.60499999999999,0.5,8.5,9.8
129.0,8.0,73.72,81.235,0.0,129.0,0.0
300.5,10.0,66.99000000000001,72.005,0.0,300.5,0.0
445.0,12.3,59.894999999999996,64.44500000000001,0.0,445.0,0.0
541.5,14.100000000000001,54.875,59.29,0.0,541.5,0.0
579.0,15.2,53.7,57.205,0.0,579.0,0.0
553.5,15.75,53.5,58.53,0.0,553.5,0.0
468.5,15.8,56.275000000000006,63.045,0.0,468.5,0.0
332.0,15.05,65.56,70.13,0.0,332.0,0.0
164.5,13.4,76.935,79.045,0.0,164.5,0.0
21.0,12.0,77.13,89.25,0.0,21.0,0.0
0.0,8.05,91.57,156.305,3.0,0.0,1.8
0.0,7.550000000000001,91.825,161.1,0.0,0.0,9.6
0.0,7.15,91.725,157.93,0.0,0.0,15.6
0.0,6.8500000000000005,90.88,149.095,0.0,0.0,19.2
0.0,6.65,89.525,138.095,0.0,0.0,21.0
0.0,6.5,87.87,126.39,0.0,0.0,21.5
0.0,6.45,86.2,114.56,0.0,0.0,19.8
0.0,6.45,84.925,102.9,0.0,0.0,15.5
8.5,7.050000000000001,81.815,91.5,0.0,8.5,9.7
129.0,9.0,75.535,81.11,0.0,129.0,0.0
302.0,10.650000000000002,68.655,71.85,0.0,302.0,0.0
449.0,12.5,64.38499999999999,64.26,0.0,449.0,0.0
546.5,14.05,62.31,59.07,0.0,546.5,0.0
585.0,15.2,59.215,56.97,0.0,585.0,0.0
561.0,15.9,57.325,58.285,0.0,561.0,0.0
476.5,16.1,57.105000000000004,62.80500000000001,0.0,476.5,0.0
339.5,15.3,62.81,69.9,0.0,339.5,0.0
170.5,13.25,75.605,78.83,0.0,170.5,0.0
22.5,11.400000000000002,76.03,89.055,0.0,22.5,0.0
0.0,8.0,84.625,156.07,0.0,0.0,1.9
0.0,7.65,84.965,160.85500000000002,0.0,0.0,9.7
0.0,7.5,84.19,157.745,0.0,0.0,15.8
0.0,7.5,83.8,148.965,0.0,0.0,20.0
0.0,7.550000000000001,84.855,138.0,0.0,0.0,22.3
0.0,7.45,87.99000000000001,126.305,0.0,0.0,22.6
0.0,7.3500000000000005,91.885,114.47,1.5,0.0,20.6
0.0,7.300000000000001,95.58500000000001,102.805,3.0,0.0,16.2
8.0,8.0,94.565,91.395,2.0,8.0,10.2
50.5,9.75,89.875,80.975,3.0,125.0,0.0
167.0,11.2,85.68,71.685,3.5,294.0,0.0
274.0,12.200000000000001,83.88,64.07000000000001,6.5,433.5,0.0
428.0,12.55,83.33500000000001,58.85,7.0,528.5,0.0
359.5,12.650000000000002,82.75999999999999,56.725,7.0,567.5,0.0
239.0,12.9,80.495,58.03,4.0,540.5,0.0
154.0,13.0,78.49000000000001,62.56,3.5,458.0,0.0
223.0,12.5,80.685,69.67,2.0,324.5,0.0
88.5,11.400000000000002,88.61,78.61500000000001,3.0,159.0,0.0
20.5,10.4,93.41,88.855,1.0,20.5,0.0
0.0,8.75,97.77000000000001,155.835,1.5,0.0,0.5
0.0,8.600000000000001,96.905,160.60500000000002,1.0,0.0,8.9
0.0,8.3,95.89500000000001,157.55,2.5,0.0,15.7
0.0,7.9,95.49000000000001,148.835,2.5,0.0,16.4
0.0,7.65,95.08500000000001,137.89,2.0,0.0,14.5
0.0,7.45,95.005,126.21000000000001,0.0,0.0,13.6
0.0,7.300000000000001,94.71000000000001,114.37,0.0,0.0,16.8
0.0,7.3500000000000005,92.915,102.7,1.0,0.0,12.6
4.5,8.05,88.285,91.28,2.0,9.5,4.2
114.5,9.600000000000001,84.73,80.83000000000001,2.5,131.0,0.0
302.0,10.75,77.39500000000001,71.515,0.5,302.0,0.0
446.0,11.65,69.045,63.87,0.0,446.0,0.0
540.5,12.150000000000002,65.14,58.620000000000005,0.0,540.5,0.0
577.0,12.25,64.33500000000001,56.47,0.5,577.0,0.0
377.0,11.950000000000001,65.07000000000001,57.775000000000006,5.5,550.0,0.0
347.5,11.45,67.67500000000001,62.31,7.0,462.5,0.0
240.0,11.05,70.72999999999999,69.43,7.5,329.5,0.0
63.0,10.2,77.92500000000001,78.39500000000001,7.5,165.0,0.0
3.5,9.100000000000001,82.67500000000001,88.655,4.0,22.5,0.0
0.0,7.800000000000001,88.18,155.595,0.0,0.0,1.2
0.0,7.800000000000001,89.10000000000001,160.35000000000002,0.0,0.0,8.5
0.0,7.800000000000001,90.47,157.35,1.0,0.0,14.1
0.0,7.8500000000000005,92.17,148.69,2.5,0.0,17.7
0.0,8.15,93.43,137.78000000000003,2.5,0.0,18.4
0.0,8.600000000000001,94.68,126.11,1.0,0.0,18.3
0.0,8.850000000000001,95.405,114.27000000000001,4.0,0.0,16.7
0.0,8.95,95.89000000000001,102.59,5.5,0.0,13.8
4.0,9.45,93.995,91.16,7.0,9.0,9.2
35.0,10.8,91.23,80.69,6.0,127.0,0.1
57.5,11.900000000000002,86.42500000000001,71.345,4.0,297.0,0.0
116.0,12.600000000000001,77.325,63.665000000000006,5.5,431.5,0.0
225.5,13.05,70.43,58.39,5.5,524.0,0.0
369.5,13.150000000000002,69.33500000000001,56.215,4.0,556.0,0.0
289.0,12.850000000000001,71.27000000000001,57.515,6.0,530.5,0.0
399.5,12.3,75.18,62.05500000000001,2.5,451.0,0.0
282.5,11.8,79.87,69.19,1.5,324.0,0.0
132.5,11.0,87.08000000000001,78.17500000000001,1.5,164.5,0.0
14.0,10.05,90.81,88.445,5.0,23.5,0.0
0.0,9.25,95.53999999999999,160.09,7.5,0.0,2.8
0.0,8.95,97.065,157.135,7.0,0.0,4.4
0.0,8.700000000000001,98.29,148.54000000000002,6.5,0.0,4.6
0.0,8.65,98.87,137.66000000000003,7.0,0.0,4.8
0.0,8.9,97.57,126.0,6.5,0.0,5.5
0.0,9.25,96.66,114.165,6.0,0.0,3.8
0.0,9.5,95.735,102.47,7.0,0.0,1.5
4.0,9.950000000000001,94.33500000000001,91.035,7.0,9.5,0.0
36.0,10.900000000000002,91.37,80.535,5.5,124.0,0.0
123.5,11.7,90.26,71.16499999999999,7.0,289.0,0.0
168.5,12.350000000000001,90.27,63.455,7.0,429.0,0.0
125.5,12.850000000000001,90.57,58.144999999999996,4.0,525.0,0.0
180.0,13.350000000000001,89.94,55.955,4.0,565.5,0.0
107.0,13.45,90.385,57.245000000000005,4.0,538.5,0.0
131.5,13.350000000000001,91.97,61.800000000000004,4.0,459.0,0.0
103.5,13.150000000000002,93.51500000000001,68.95500000000001,6.0,330.5,0.0
17.5,12.850000000000001,94.61500000000001,77.955,4.0,168.5,0.0
3.0,12.4,95.56,88.245,4.0,25.0,0.0
0.0,11.25,96.89000000000001,155.11,5.5,0.0,2.4
0.0,10.95,96.515,159.825,7.0,0.0,9.0
0.0,10.700000000000001,94.97,156.925,7.0,0.0,14.0
0.0,10.25,94.02000000000001,148.385,7.0,0.0,15.5
0.0,9.75,93.035,137.53500000000003,7.0,0.0,10.0
0.0,9.4,90.91,125.885,7.0,0.0,0.5
0.0,9.5,88.51,114.045,7.0,0.0,0.3
0.0,9.600000000000001,86.67,102.345,4.0,0.0,0.1
4.0,10.25,83.65,90.9,4.0,10.5,0.0
86.0,11.65,81.64500000000001,80.38,3.5,132.0,0.0
205.0,12.600000000000001,75.89,70.975,2.5,300.0,0.0
392.0,13.5,71.65,63.235,2.0,440.5,0.0
536.5,14.25,70.14000000000001,57.900000000000006,1.0,536.5,0.0
574.0,14.600000000000001,69.52,55.69,0.5,574.0,0.0
380.5,14.5,69.75,56.975,3.0,551.0,0.0
216.0,14.05,71.95,61.535,4.0,470.5,0.0
134.5,13.65,73.59,68.71000000000001,3.5,340.0,0.0
83.0,12.850000000000001,78.82,77.72999999999999,3.5,177.0,0.0
10.0,11.7,77.69,87.73,6.0,27.5,0.0
0.0,10.700000000000001,94.19,159.555,1.0,0.0,3.1
0.0,10.850000000000001,95.175,156.7,7.0,0.0,4.1
0.0,11.05,95.745,148.22000000000003,7.0,0.0,4.6
0.0,11.350000000000001,96.045,137.4,7.0,0.0,5.4
0.0,11.600000000000001,96.37,125.765,7.0,0.0,7.1
0.0,11.75,96.61000000000001,113.925,7.0,0.0,10.6
0.0,11.8,96.94,102.22,7.0,0.0,5.5
6.5,12.05,95.945,90.765,7.0,11.5,0.1
22.5,12.5,94.97500000000001,80.215,5.5,134.0,0.0
161.5,13.0,93.69500000000001,70.785,6.0,301.5,0.0
177.5,13.3,93.075,63.01,7.0,440.0,0.0
192.0,13.5,92.73,57.650000000000006,7.0,537.0,0.0
97.5,13.45,92.84,55.415,7.5,578.5,0.0
162.5,13.350000000000001,89.30000000000001,56.695,7.5,552.0,0.0
305.0,13.200000000000001,83.99,61.269999999999996,3.5,480.5,0.0
238.0,12.950000000000001,82.35499999999999,68.465,3.0,354.0,0.0
111.5,12.0,86.495,77.505,1.5,188.0,0.0
30.0,10.65,91.08500000000001,87.53999999999999,0.0,30.0,0.0
0.0,7.65,96.66,154.60500000000002,1.5,0.0,2.4
0.0,7.3500000000000005,97.18,159.28,0.0,0.0,9.5
0.0,7.050000000000001,96.97,156.47,0.5,0.0,14.8
0.0,6.95,94.58000000000001,148.05,0.0,0.0,19.0
0.0,6.9,92.16,137.26500000000001,0.0,0.0,20.9
0.0,6.5,92.51,125.64,3.5,0.0,20.6
0.0,6.45,92.44999999999999,113.80000000000001,7.0,0.0,19.5
0.0,6.5,92.075,102.08500000000001,7.0,0.0,15.8
7.5,7.5,86.9,90.61500000000001,6.5,14.0,8.6
87.0,9.3,82.66,80.045,6.0,150.0,1.3
225.5,10.650000000000002,75.045,70.59,7.5,325.0,0.0
343.5,12.15,66.58500000000001,62.785,7.5,467.5,0.0
371.0,13.100000000000001,61.525000000000006,57.385000000000005,7.0,562.5,0.0
226.0,13.55,59.945,55.14,6.5,599.5,0.0
342.5,13.850000000000001,60.425000000000004,56.42,7.0,576.0,0.0
349.0,13.8,61.43,61.0,7.0,492.0,0.0
288.0,13.2,65.23,68.21000000000001,7.0,357.5,0.0
123.0,11.9,76.495,77.28,6.0,187.5,0.0
13.5,10.55,82.975,87.35,8.0,30.5,0.0
0.0,10.200000000000001,88.78,156.235,7.0,0.0,0.2
0.0,10.3,89.05,147.87,5.0,0.0,0.5
0.0,10.3,89.9,137.115,5.5,0.0,0.7
0.0,10.350000000000001,91.055,125.51,7.0,0.0,0.6
0.0,10.55,91.775,113.67,5.5,0.0,0.3
0.0,10.8,92.39,101.945,6.0,0.0,0.1
3.5,11.350000000000001,91.95,90.47,4.0,12.5,0.0
41.5,12.3,90.63,79.87,3.5,136.0,0.0
43.5,13.15,89.435,70.38499999999999,3.0,305.0,0.0
105.0,14.100000000000001,88.035,62.545,4.0,447.5,0.0
71.0,14.700000000000001,87.06,57.125,6.0,542.5,0.0
12.0,14.650000000000002,88.17,54.86,8.0,582.0,0.0
91.0,14.3,90.51500000000001,56.135000000000005,4.0,558.0,0.0
130.0,13.95,92.86,60.735,7.0,478.0,0.0
97.5,13.700000000000001,94.17,67.965,3.0,348.5,0.0
114.5,13.4,95.22,77.05000000000001,2.5,184.5,0.0
5.0,13.05,96.035,87.16,7.5,31.0,0.0
0.0,13.25,96.19,155.99,7.0,0.0,0.2
0.0,13.0,96.7,147.685,7.0,0.0,0.5
0.0,12.75,96.64500000000001,136.965,7.0,0.0,0.7
0.0,12.55,97.095,125.37,7.0,0.0,0.6
0.0,12.4,97.32000000000001,113.53,7.0,0.0,0.3
0.0,12.4,96.53,101.80000000000001,7.0,0.0,0.1
3.5,12.900000000000002,95.12,90.31,7.0,13.5,0.0
17.5,13.700000000000001,94.215,79.69,7.5,142.0,0.0
25.0,14.3,93.07,70.175,5.5,311.5,0.0
138.0,15.100000000000001,90.45,62.31,7.0,453.5,0.0
206.5,15.8,86.575,56.855000000000004,4.0,549.5,0.0
287.0,16.1,84.19,54.57,4.0,588.5,0.0
284.5,15.95,84.49000000000001,55.845,4.0,564.0,0.0
280.5,15.700000000000001,85.295,60.46,4.0,483.0,0.0
219.5,15.2,87.575,67.71000000000001,4.0,351.5,0.0
98.0,14.25,92.97999999999999,76.825,4.0,187.0,0.0
16.5,12.950000000000001,98.535,86.97,4.0,31.5,0.0
0.0,11.45,99.56,153.82999999999998,3.0,0.0,2.7
0.0,11.350000000000001,99.61,158.42000000000002,1.0,0.0,9.8
0.0,11.200000000000001,99.86,155.735,0.0,0.0,15.3
0.0,11.05,99.75999999999999,147.49,1.0,0.0,18.4
0.0,10.95,99.42,136.805,2.0,0.0,21.0
0.0,10.850000000000001,98.96000000000001,125.22,1.0,0.0,20.9
0.0,10.700000000000001,98.84,113.39000000000001,3.0,0.0,20.0
0.0,10.650000000000002,98.055,101.64500000000001,2.0,0.0,17.0
15.0,11.25,94.455,90.15,1.5,15.0,10.3
61.0,12.7,90.82000000000001,79.505,2.0,150.0,3.4
67.0,14.0,87.61,69.965,3.0,324.5,0.0
147.0,15.25,82.4,62.06,3.0,472.0,0.0
207.0,16.15,78.125,56.585,3.0,571.5,0.0
325.0,16.700000000000003,75.91,54.275000000000006,3.0,612.0,0.0
346.0,17.05,74.655,55.555,3.0,582.5,0.0
364.0,17.0,75.24000000000001,60.18,2.0,500.5,0.0
367.0,16.25,79.015,67.45500000000001,0.0,367.0,0.0
198.0,14.650000000000002,89.13,76.59,0.0,198.0,0.0
34.5,12.75,96.19999999999999,86.775,0.5,34.5,0.0
0.0,10.350000000000001,100.0,153.565,0.5,0.0,1.9
0.0,10.350000000000001,100.0,158.125,0.0,0.0,5.8
0.0,10.5,100.0,155.47500000000002,0.5,0.0,3.9
0.0,10.950000000000001,99.74000000000001,147.29000000000002,3.0,0.0,4.5
0.0,11.7,98.09,136.64,4.0,0.0,6.1
0.0,12.25,96.795,125.07000000000001,7.0,0.0,1.8
0.0,12.45,95.39500000000001,113.235,7.0,0.0,8.8
0.0,12.200000000000001,91.965,101.485,7.0,0.0,4.5
8.5,11.95,87.265,89.97999999999999,7.0,15.5,13.1
100.0,12.200000000000001,82.61,79.31,7.5,154.0,4.2
268.5,12.75,74.985,69.74000000000001,7.0,336.0,0.0
425.5,13.350000000000001,65.41499999999999,61.81,7.0,486.5,0.0
550.5,13.850000000000001,60.145,56.3,3.5,590.5,0.0
589.0,14.100000000000001,58.7,53.980000000000004,3.5,634.5,0.0
537.5,14.150000000000002,58.47,55.255,2.0,614.0,0.0
529.5,14.0,59.415000000000006,59.900000000000006,0.0,529.5,0.0
344.5,13.450000000000001,62.980000000000004,67.2,1.0,391.0,0.0
180.5,12.200000000000001,74.78999999999999,76.36,1.0,215.5,0.0
39.5,10.600000000000001,80.36500000000001,86.57,0.0,39.5,0.0
0.0,8.100000000000001,88.58500000000001,153.3,0.0,0.0,3.2
0.0,7.8500000000000005,87.455,157.825,0.0,0.0,9.9
0.0,7.450000000000001,86.315,155.215,0.0,0.0,15.9
0.0,7.0,84.265,147.07999999999998,0.0,0.0,19.5
0.0,6.550000000000001,82.42,136.465,0.0,0.0,21.3
0.0,6.0,82.52000000000001,124.91499999999999,0.0,0.0,21.5
0.0,5.450000000000001,84.55000000000001,113.08000000000001,0.0,0.0,20.3
0.0,5.200000000000001,85.17,101.325,0.0,0.0,16.9
19.5,5.9,81.56,89.81,1.0,19.5,11.1
172.0,7.5,73.98,79.11,0.0,172.0,3.6
359.0,9.4,64.44,69.515,0.0,359.0,0.0
515.0,11.4,55.35,61.555,0.0,515.0,0.0
619.0,12.950000000000001,52.03,56.015,0.0,619.0,0.0
661.5,14.100000000000001,49.745000000000005,53.68,0.0,661.5,0.0
639.0,14.700000000000001,50.06,54.96,0.0,639.0,0.0
552.0,14.8,52.69,59.620000000000005,0.0,552.0,0.0
409.0,14.100000000000001,59.065,66.94,0.0,409.0,0.0
227.0,12.3,74.58,76.13,0.0,227.0,0.0
50.5,10.3,78.4,86.375,0.5,50.5,0.0
0.0,7.7,95.42,153.025,7.0,0.0,2.5
0.0,7.7,95.24,157.525,7.0,0.0,9.6
0.0,7.65,94.18,154.945,7.0,0.0,15.0
0.0,7.5,93.0,146.87,7.0,0.0,19.0
0.0,7.3500000000000005,91.565,136.29,7.0,0.0,21.1
0.0,7.050000000000001,90.86,124.75,7.0,0.0,21.4
0.0,6.75,90.11500000000001,112.92,7.0,0.0,19.4
0.0,6.6000000000000005,88.43,101.16,3.5,0.0,16.5
11.5,6.9,85.14,89.63,5.0,17.5,10.3
92.5,8.0,78.88,78.91,5.5,159.5,3.4
213.5,9.700000000000001,70.59,69.285,4.0,341.5,0.0
381.5,11.8,63.515,61.295,7.5,495.5,0.0
497.5,13.650000000000002,60.855000000000004,55.725,7.5,597.0,0.0
578.0,15.2,59.775000000000006,53.370000000000005,3.5,633.0,0.0
571.5,16.200000000000003,56.8,54.650000000000006,4.0,609.5,0.0
421.5,16.55,56.125,59.335,8.0,524.0,0.0
244.0,16.05,59.650000000000006,66.685,7.5,387.0,0.0
150.0,14.5,70.725,75.89500000000001,7.5,214.5,0.0
26.0,12.450000000000001,75.53,86.17500000000001,7.5,47.5,0.0
0.0,9.3,88.465,152.755,1.5,0.0,3.4
0.0,8.9,90.125,157.22,0.0,0.0,10.1
0.0,8.5,91.095,154.67000000000002,0.0,0.0,15.8
0.0,8.25,90.8,146.64499999999998,0.0,0.0,19.0
0.0,8.05,89.815,136.10000000000002,0.0,0.0,21.1
0.0,7.8500000000000005,88.625,124.58,0.0,0.0,22.0
0.0,7.65,87.49000000000001,112.75,0.0,0.0,20.0
0.0,7.6000000000000005,85.9,100.98,0.0,0.0,16.6
20.5,8.75,80.525,89.45,1.0,20.5,11.5
170.5,10.850000000000001,72.285,78.705,0.0,170.5,4.0
353.0,12.650000000000002,67.255,69.05000000000001,0.0,353.0,0.0
505.5,14.600000000000001,63.98,61.03,0.0,505.5,0.0
608.0,16.1,61.585,55.43,0.0,608.0,0.0
649.5,17.200000000000003,58.935,53.06,0.0,649.5,0.0
627.5,17.8,57.175,54.345,0.0,627.5,0.0
543.0,18.05,57.25,59.05,0.0,543.0,0.0
404.5,17.65,61.295,66.42500000000001,0.0,404.5,0.0
228.0,16.200000000000003,72.565,75.66,0.0,228.0,0.0
54.0,14.8,67.75,85.97500000000001,0.0,54.0,0.0
0.0,11.15,82.205,152.48000000000002,0.0,0.0,3.6
0.0,10.55,85.055,156.905,0.0,0.0,10.4
0.0,10.0,87.66,154.385,0.0,0.0,16.1
0.0,9.55,89.245,146.425,0.0,0.0,19.6
0.0,9.0,91.545,135.91000000000003,0.0,0.0,21.9
0.0,8.5,93.95500000000001,124.4,0.0,0.0,22.4
0.0,8.2,94.715,112.575,0.5,0.0,20.0
0.0,8.05,93.195,100.805,0.5,0.0,17.0
21.5,9.100000000000001,85.525,89.25999999999999,0.0,21.5,11.5
175.0,11.150000000000002,75.795,78.49000000000001,0.0,175.0,4.2
359.0,12.95,67.87,68.81,0.0,359.0,0.0
511.5,14.75,62.025000000000006,60.76,0.0,511.5,0.0
614.0,16.05,60.055,55.135000000000005,0.0,614.0,0.0
656.5,17.0,57.83,52.745000000000005,0.0,656.5,0.0
638.0,17.65,56.385000000000005,54.035,0.0,638.0,0.0
554.0,17.8,56.765,58.755,0.0,554.0,0.0
414.0,17.200000000000003,61.245000000000005,66.16,0.0,414.0,0.0
235.5,15.45,75.315,75.43,0.0,235.5,0.0
56.5,13.55,73.975,85.775,0.0,56.5,0.0
0.0,10.600000000000001,84.795,152.195,0.0,0.0,3.7
0.0,9.850000000000001,88.76,156.585,0.0,0.0,10.8
0.0,9.15,91.785,154.09500000000003,0.0,0.0,17.0
0.0,8.65,94.055,146.185,0.0,0.0,20.6
0.0,8.100000000000001,95.88,135.71,0.0,0.0,22.7
0.0,7.700000000000001,96.74000000000001,124.22,0.0,0.0,22.9
0.0,7.4,96.285,112.39500000000001,0.0,0.0,21.2
0.0,7.35,93.68,100.62,0.0,0.0,17.2
24.0,8.350000000000001,85.945,89.06,0.0,24.0,12.2
184.0,10.200000000000001,76.59,78.275,0.0,184.0,4.3
371.0,12.350000000000001,67.97,68.56,0.0,371.0,0.0
526.0,14.350000000000001,63.605000000000004,60.480000000000004,0.0,526.0,0.0
629.5,16.0,60.28,54.83,0.0,629.5,0.0
672.0,17.200000000000003,57.805,52.425,0.0,672.0,0.0
649.5,17.9,56.55500000000001,53.72,0.0,649.5,0.0
564.0,18.15,56.81,58.465,0.0,564.0,0.0
423.0,17.65,61.145,65.9,0.0,423.0,0.0
242.0,15.9,75.035,75.19,0.0,242.0,0.0
60.5,13.850000000000001,75.185,85.57,0.0,60.5,0.0
0.0,10.600000000000001,83.20500000000001,151.91500000000002,0.0,0.0,3.7
0.0,10.3,83.18,156.26999999999998,0.0,0.0,10.4
0.0,9.95,82.76,153.8,0.0,0.0,16.1
0.0,9.650000000000002,81.545,145.95,0.0,0.0,19.7
0.0,9.600000000000001,78.96000000000001,135.505,0.0,0.0,21.8
0.0,9.55,77.195,124.035,0.0,0.0,21.8
0.0,9.350000000000001,76.83,112.215,0.0,0.0,21.9
0.0,9.100000000000001,77.16,100.43,0.0,0.0,18.4
25.0,9.95,75.08500000000001,88.86500000000001,0.5,25.0,12.9
186.5,11.9,70.47,78.05,0.0,186.5,4.5
374.0,13.45,67.305,68.31,0.0,374.0,0.0
527.5,15.200000000000001,66.37,60.195,0.0,527.5,0.0
629.5,16.650000000000002,63.435,54.515,0.0,629.5,0.0
671.5,17.75,60.790000000000006,52.105000000000004,0.0,671.5,0.0
645.5,18.55,58.205,53.405,0.0,645.5,0.0
558.0,18.900000000000002,56.88,58.17,0.5,558.0,0.0
417.5,18.5,59.505,65.63499999999999,0.5,417.5,0.0
239.5,17.05,68.83500000000001,74.95500000000001,0.0,239.5,0.0
60.5,15.15,69.705,85.36,0.5,60.5,0.0
0.0,11.4,85.16,151.63,0.0,0.0,3.5
0.0,10.9,88.16499999999999,155.945,0.5,0.0,10.8
0.0,10.350000000000001,90.735,153.505,3.5,0.0,16.9
0.0,9.850000000000001,93.045,145.7,5.5,0.0,18.9
0.0,9.4,95.05000000000001,135.29500000000002,7.0,0.0,21.2
0.0,9.1,96.13,123.84,4.0,0.0,21.0
0.0,8.95,96.41,112.025,0.0,0.0,19.0
0.0,9.100000000000001,94.73,100.235,0.0,0.0,16.5
24.0,10.05,90.25999999999999,88.655,0.0,24.0,13.0
176.0,11.700000000000001,82.51,77.82,0.0,176.0,4.6
355.0,13.25,76.52000000000001,68.055,0.0,355.0,0.0
505.0,14.900000000000002,71.15,59.91,0.0,505.0,0.0
606.0,16.150000000000002,66.63,54.205,0.0,606.0,0.0
647.5,17.0,63.935,51.775000000000006,0.0,647.5,0.0
627.5,17.400000000000002,63.45,53.08,0.0,627.5,0.0
546.0,17.4,64.595,57.875,0.0,546.0,0.0
410.0,16.85,69.32000000000001,65.37,0.0,410.0,0.0
235.0,15.3,82.61,74.72,0.0,235.0,0.0
61.0,13.25,89.17,85.155,0.0,61.0,0.0
0.0,11.4,100.0,151.345,1.0,0.0,3.9
0.0,11.4,99.96000000000001,155.62,7.0,0.0,10.8
0.0,11.350000000000001,99.27000000000001,153.20499999999998,7.0,0.0,17.1
0.0,11.150000000000002,98.735,145.45,5.0,0.0,20.3
0.0,10.9,98.42,135.07999999999998,7.0,0.0,22.0
0.0,10.650000000000002,98.18,123.64000000000001,7.0,0.0,22.7
0.0,10.4,97.82,111.83500000000001,7.0,0.0,21.3
0.0,10.200000000000001,96.29,100.035,5.5,0.0,19.3
26.0,10.75,91.00999999999999,88.44500000000001,1.0,26.0,12.8
122.0,11.8,84.295,77.59,5.5,186.0,4.7
355.5,12.75,79.62,67.795,4.0,369.5,0.0
521.5,14.100000000000001,74.285,59.620000000000005,0.0,521.5,0.0
625.0,15.2,70.725,53.885,0.0,625.0,0.0
610.5,15.9,68.93,51.44500000000001,3.5,667.5,0.0
644.5,16.25,69.095,52.760000000000005,0.0,644.5,0.0
485.5,16.15,72.795,57.575,7.0,560.5,0.0
382.5,15.400000000000002,81.605,65.1,7.5,421.5,0.0
152.5,14.100000000000001,86.15,74.48,7.5,244.0,0.0
29.0,13.200000000000001,87.57,84.94999999999999,7.0,65.0,0.0
0.0,12.45,87.35,151.06,0.5,0.0,4.1
0.0,12.15,87.08500000000001,155.28500000000003,4.0,0.0,10.7
0.0,11.450000000000001,88.975,152.89,8.0,0.0,16.2
0.0,10.65,90.795,145.19,0.0,0.0,19.7
0.0,10.05,90.43,134.85500000000002,0.0,0.0,22.1
0.0,9.5,89.995,123.435,0.0,0.0,22.9
0.0,8.95,91.33500000000001,111.635,0.0,0.0,21.6
0.0,8.8,90.70500000000001,99.83000000000001,0.0,0.0,18.0
29.0,9.75,85.045,88.235,0.0,29.0,13.1
195.0,11.5,76.8,77.35,0.0,195.0,4.8
381.5,13.45,69.285,67.53,0.0,381.5,0.0
536.5,15.200000000000001,64.92500000000001,59.325,0.0,536.5,0.0
638.5,16.6,62.160000000000004,53.565,0.0,638.5,0.0
680.5,17.700000000000003,58.08,51.11,0.0,680.5,0.0
483.5,18.35,56.185,52.435,8.0,658.0,0.0
389.0,18.55,56.730000000000004,57.275000000000006,8.0,571.0,0.0
308.5,18.05,61.305,64.835,7.5,429.5,0.0
186.5,16.6,74.94500000000001,74.245,8.0,250.5,0.0
49.5,14.65,78.03999999999999,84.74000000000001,7.0,68.5,0.0
0.0,10.9,95.14500000000001,150.765,0.0,0.0,4.2
0.0,10.5,96.27,154.95,0.0,0.0,11.3
0.0,10.200000000000001,95.805,152.57999999999998,0.0,0.0,17.7
0.0,9.850000000000001,93.655,144.925,0.0,0.0,21.8
0.0,9.600000000000001,90.025,134.63,0.0,0.0,24.4
0.0,9.2,88.19,123.225,0.0,0.0,24.6
0.0,8.9,87.66,111.42500000000001,0.0,0.0,22.0
0.0,9.15,85.95,99.62,0.0,0.0,16.7
29.5,10.650000000000002,81.89,88.015,0.0,29.5,4.6
197.0,12.55,75.68,77.11,0.0,197.0,0.0
385.5,14.0,67.26500000000001,67.265,0.0,385.5,0.0
545.5,15.100000000000001,59.05500000000001,59.025000000000006,0.0,545.5,0.0
655.5,15.950000000000001,53.355000000000004,53.235,0.0,655.5,0.0
700.5,16.35,50.36,50.77,0.0,700.5,0.0
676.0,16.35,49.875,52.105000000000004,0.0,676.0,0.0
583.0,15.7,52.394999999999996,56.975,0.0,583.0,0.0
439.5,14.3,58.58,64.565,0.0,439.5,0.0
257.0,12.350000000000001,68.975,74.01,0.0,257.0,0.0
73.0,10.450000000000001,76.57,84.53,0.0,73.0,0.0
0.0,7.75,81.715,150.47000000000003,0.0,0.0,3.9
0.0,7.5,84.105,154.615,0.0,0.0,3.6
0.0,7.25,86.255,152.26,0.0,0.0,5.0
0.0,7.050000000000001,86.84,144.655,0.0,0.0,5.6
0.0,6.75,87.135,134.395,0.0,0.0,6.9
0.0,6.6000000000000005,87.16,123.01,0.0,0.0,9.1
0.0,6.45,87.67,111.215,0.0,0.0,17.9
0.0,6.4,87.23,99.405,0.0,0.0,14.4
32.5,7.2,83.11,87.485,0.0,32.5,0.0
205.0,8.35,74.755,76.86500000000001,0.0,205.0,0.0
393.0,9.3,64.8,66.98500000000001,0.0,393.0,0.0
548.0,10.15,57.375,58.72,0.0,548.0,0.0
652.0,10.75,53.21,52.905,0.0,652.0,0.0
694.5,11.150000000000002,50.955,50.425,0.0,694.5,0.0
671.0,11.3,49.93,51.775000000000006,0.0,671.0,0.0
584.0,11.25,49.75,56.67,0.0,584.0,0.0
442.5,10.850000000000001,51.645,64.295,0.0,442.5,0.0
262.5,9.75,60.41,73.77000000000001,0.0,262.5,0.0
76.5,7.9,74.285,84.325,0.0,76.5,0.0
0.0,5.4,85.95,150.175,0.0,0.0,4.4
0.0,5.4,84.88,154.275,0.0,0.0,11.3
0.0,5.3500000000000005,83.785,151.935,0.0,0.0,17.2
0.0,5.25,82.695,144.38,0.0,0.0,20.8
0.0,5.050000000000001,82.195,134.155,0.0,0.0,22.0
0.0,4.9,81.8,122.79,0.0,0.0,20.3
0.0,4.9,80.8,111.005,0.0,0.0,16.9
0.0,5.300000000000001,75.65,99.185,0.5,0.0,8.7
34.0,6.3500000000000005,70.39500000000001,87.275,0.5,34.0,7.6
208.5,8.05,64.245,76.615,0.0,208.5,4.4
395.0,9.3,56.44,66.71000000000001,0.0,395.0,0.0
549.0,10.05,54.445,58.41,0.0,549.0,0.0
470.5,10.55,54.49,52.57,3.0,649.0,0.0
690.5,10.650000000000002,55.965,50.08,0.0,690.5,0.0
665.0,10.5,57.655,51.44,0.0,665.0,0.0
579.0,10.100000000000001,59.595,56.370000000000005,0.0,579.0,0.0
440.0,9.5,62.425,64.03,1.0,440.0,0.0
218.0,8.600000000000001,68.67500000000001,73.53,4.0,260.0,0.0
77.0,7.35,77.875,84.11500000000001,0.5,77.0,0.0
0.0,7.5,70.4,149.87,5.5,0.0,4.1
0.0,7.300000000000001,71.62,153.93,7.0,0.0,7.6
0.0,6.95,74.11500000000001,151.60500000000002,7.0,0.0,11.6
0.0,6.75,76.09,144.1,7.0,0.0,12.8
0.0,6.6000000000000005,77.87,133.91000000000003,7.0,0.0,9.3
0.0,6.45,79.63499999999999,122.565,7.5,0.0,10.3
0.0,6.200000000000001,81.63,110.785,7.5,0.0,10.4
0.0,6.0,82.79,98.965,5.5,0.0,11.9
21.5,6.1,84.23500000000001,87.065,7.0,33.0,0.9
71.5,6.4,85.23500000000001,76.36,7.5,201.5,0.0
38.0,6.75,83.93,66.43,7.0,383.5,0.0
79.0,6.9,82.8,58.1,7.0,527.5,0.0
87.0,6.95,81.93,52.235,7.0,623.0,0.0
110.5,7.0,81.3,49.730000000000004,5.5,666.5,0.0
133.5,7.0,81.17,51.105000000000004,7.0,637.5,0.0
96.5,6.8500000000000005,81.75,56.065,7.0,549.0,0.0
65.0,6.65,82.565,63.760000000000005,7.0,417.0,0.0
22.5,6.300000000000001,84.29,73.28999999999999,4.0,244.0,0.0
8.0,5.8500000000000005,87.31,83.905,4.0,69.0,0.0
0.0,5.75,83.78999999999999,149.57,0.0,0.0,3.4
0.0,5.8500000000000005,82.785,153.585,0.0,0.0,4.9
0.0,5.9,81.66,151.275,0.5,0.0,1.3
0.0,5.9,80.39,143.81,7.0,0.0,18.7
0.0,5.9,79.72,133.66000000000003,3.5,0.0,10.1
0.0,5.75,80.13499999999999,122.33500000000001,0.0,0.0,7.3
0.0,5.65,80.81,110.555,4.0,0.0,11.2
0.0,5.7,81.07,98.735,4.0,0.0,16.6
17.0,6.550000000000001,81.21000000000001,86.845,4.0,35.5,12.1
155.0,7.5,79.05000000000001,76.10499999999999,7.5,210.5,4.7
196.0,7.95,77.495,66.145,7.0,398.0,0.0
302.0,8.25,75.84,57.785,7.0,550.0,0.0
176.0,8.4,74.36,51.89,5.5,654.5,0.0
256.5,8.4,73.03,49.38,7.5,697.5,0.0
31.5,8.4,71.94,50.769999999999996,5.5,672.5,0.0
109.5,8.350000000000001,70.94999999999999,55.755,5.5,586.5,0.0
82.5,8.2,70.83000000000001,63.489999999999995,6.0,446.0,0.0
198.0,7.75,75.67500000000001,73.055,6.0,265.5,0.0
51.0,6.950000000000001,80.08,83.69500000000001,7.0,80.5,0.0
0.0,5.3500000000000005,89.54,149.265,4.0,0.0,4.3
0.0,5.300000000000001,88.91,153.235,4.0,0.0,9.2
0.0,5.300000000000001,88.47,150.935,4.0,0.0,8.9
0.0,5.15,89.21000000000001,143.51999999999998,4.0,0.0,7.4
0.0,4.95,89.51,133.405,4.0,0.0,5.9
0.0,4.7,90.31,122.1,4.0,0.0,14.2
0.0,4.6000000000000005,90.58500000000001,110.325,0.5,0.0,11.6
0.0,4.7,89.74,98.5,0.5,0.0,7.2
36.5,5.4,88.28,86.62,0.0,36.5,9.0
212.5,6.2,84.98,75.84,0.0,212.5,3.8
404.0,7.050000000000001,81.725,65.855,0.0,404.0,0.0
368.5,8.0,74.72999999999999,57.465,1.5,560.0,0.0
233.5,8.600000000000001,69.41,51.545,2.0,663.5,0.0
468.5,8.95,66.525,49.025000000000006,2.0,702.5,0.0
679.0,9.200000000000001,64.53,50.425,0.5,679.0,0.0
478.0,9.3,63.38,55.44500000000001,1.5,592.0,0.0
356.5,9.3,62.78,63.22,2.0,451.0,0.0
270.0,8.8,67.24000000000001,72.815,0.0,270.0,0.0
84.0,7.85,73.51,83.49000000000001,0.0,84.0,0.0
0.0,6.050000000000001,74.685,148.955,0.0,0.0,4.7
0.0,5.8500000000000005,75.25999999999999,152.88,0.0,0.0,11.4
0.0,5.5,76.785,150.59500000000003,0.0,0.0,16.8
0.0,5.200000000000001,77.94,143.22500000000002,0.0,0.0,20.2
0.0,4.8500000000000005,79.495,133.145,0.0,0.0,21.9
0.0,4.550000000000001,80.7,121.855,0.0,0.0,22.5
0.0,4.2,82.08500000000001,110.095,0.0,0.0,22.6
0.0,4.25,81.31,98.26500000000001,0.0,0.0,19.1
41.0,5.45,78.57499999999999,86.38499999999999,0.0,41.0,12.7
226.5,7.15,71.45,75.575,0.0,226.5,5.2
419.5,8.95,62.745000000000005,65.56,0.0,419.5,0.0
576.0,10.400000000000002,55.285,57.14,0.0,576.0,0.0
680.5,11.450000000000001,49.68,51.19,0.0,680.5,0.0
727.5,12.100000000000001,46.225,48.665000000000006,0.0,727.5,0.0
704.0,12.5,44.985,50.085,0.0,704.0,0.0
616.0,12.600000000000001,44.74,55.145,0.0,616.0,0.0
475.5,12.3,46.05,62.95,0.0,475.5,0.0
290.0,11.100000000000001,56.49,72.58000000000001,0.0,290.0,0.0
94.0,9.0,65.81,83.28,0.0,94.0,0.0
0.0,6.25,93.705,148.64999999999998,0.0,0.0,4.8
0.0,5.95,96.255,152.525,0.0,0.0,11.8
0.0,5.800000000000001,97.245,150.25,0.0,0.0,17.8
0.0,5.7,96.73,142.925,0.0,0.0,21.4
0.0,5.6000000000000005,95.97,132.88,0.0,0.0,23.2
0.0,5.6000000000000005,94.16,121.61500000000001,0.0,0.0,22.9
0.0,5.550000000000001,92.515,109.86000000000001,0.0,0.0,21.7
0.0,5.7,89.83500000000001,98.025,0.0,0.0,19.3
48.0,6.6,85.525,86.155,0.0,48.0,13.3
226.5,8.15,77.45,75.305,0.0,226.5,5.4
416.0,9.9,68.015,65.265,0.0,416.0,0.0
573.0,11.350000000000001,61.61,56.815,0.0,573.0,0.0
676.5,12.5,57.56,50.84,0.0,676.5,0.0
718.5,13.25,56.58,48.30500000000001,0.0,718.5,0.0
695.0,13.75,54.144999999999996,49.74,0.0,695.0,0.0
608.5,13.95,52.335,54.835,0.0,608.5,0.0
466.5,13.65,53.33,62.68,0.0,466.5,0.0
284.0,12.75,61.0,72.345,0.0,284.0,0.0
93.5,11.0,67.185,83.075,0.0,93.5,0.0
0.0,7.8500000000000005,85.42,148.335,0.0,0.0,4.9
0.0,7.7,86.88,152.17000000000002,0.0,0.0,11.8
0.0,7.550000000000001,87.38499999999999,149.9,0.0,0.0,17.4
0.0,7.25,88.1,142.615,0.0,0.0,20.2
0.0,6.85,88.72,132.615,0.0,0.0,21.7
0.0,6.4,89.215,121.36500000000001,0.0,0.0,21.8
0.0,6.0,89.36,109.61500000000001,0.0,0.0,21.2
0.0,6.050000000000001,86.655,97.785,0.5,0.0,18.5
51.5,7.300000000000001,81.75999999999999,85.915,0.0,51.5,13.1
233.0,9.25,71.055,75.03,0.0,233.0,5.3
424.5,11.0,61.82,64.965,0.0,424.5,0.0
578.5,12.600000000000001,57.475,56.485,0.0,578.5,0.0
682.5,13.900000000000002,56.894999999999996,50.480000000000004,0.0,682.5,0.0
724.5,14.950000000000001,55.925,47.94,0.0,724.5,0.0
701.0,15.700000000000001,53.67,49.39,0.0,701.0,0.0
612.5,16.0,52.410000000000004,54.525000000000006,0.0,612.5,0.0
468.5,15.8,54.615,62.410000000000004,0.0,468.5,0.0
285.0,14.5,65.935,72.11,0.0,285.0,0.0
94.0,12.400000000000002,71.975,82.86500000000001,0.0,94.0,0.0
0.0,10.25,80.43,148.01999999999998,0.0,0.0,4.9
0.0,9.950000000000001,82.17500000000001,151.805,0.0,0.0,11.4
0.0,9.15,85.19,149.55,0.0,0.0,16.7
0.0,8.2,89.155,142.305,0.0,0.0,20.0
0.0,7.5,91.18,132.335,0.0,0.0,21.2
0.0,7.15,90.715,121.11500000000001,0.0,0.0,21.0
0.0,7.0,88.95,109.375,0.0,0.0,20.4
0.0,7.300000000000001,84.83500000000001,97.535,0.0,0.0,18.8
54.5,8.700000000000001,79.89500000000001,85.67500000000001,0.0,54.5,12.4
238.0,10.55,71.975,74.755,0.0,238.0,5.0
429.5,12.45,67.10499999999999,64.66,0.0,429.5,0.0
585.0,14.15,63.475,56.155,0.0,585.0,0.0
689.5,15.2,59.97,50.125,0.0,689.5,0.0
731.0,15.950000000000001,57.435,47.57,0.0,731.0,0.0
707.0,16.55,55.165,49.045,0.0,707.0,0.0
619.5,16.950000000000003,53.265,54.21,0.0,619.5,0.0
476.5,16.85,54.185,62.14,0.0,476.5,0.0
292.5,15.850000000000001,63.13,71.87,0.0,292.5,0.0
99.0,13.950000000000001,66.465,82.66,0.0,99.0,0.0
0.0,10.05,90.465,147.705,0.0,0.0,5.0
0.0,9.9,92.37,151.445,0.0,0.0,11.9
0.0,9.850000000000001,93.345,149.19,0.0,0.0,17.6
0.0,9.700000000000001,94.12,141.995,0.0,0.0,21.2
0.0,9.75,93.375,132.06,0.0,0.0,22.1
0.0,9.5,94.02000000000001,120.855,0.0,0.0,22.3
0.0,9.25,94.4,109.12,0.0,0.0,20.2
0.0,9.15,93.725,97.28,0.0,0.0,15.8
56.5,10.05,89.14500000000001,85.42500000000001,0.0,56.5,13.3
239.5,11.5,83.405,74.48,0.0,239.5,5.6
428.5,13.3,77.48500000000001,64.36,0.0,428.5,0.0
582.0,15.25,67.77000000000001,55.815,0.0,582.0,0.0
685.5,16.55,60.754999999999995,49.760000000000005,0.0,685.5,0.0
727.0,17.5,56.365,47.2,0.0,727.0,0.0
704.0,18.200000000000003,51.754999999999995,48.695,0.0,704.0,0.0
616.5,18.5,49.29,53.900000000000006,0.0,616.5,0.0
474.5,18.3,50.015,61.87,0.0,474.5,0.0
291.0,17.05,57.28,71.63499999999999,0.0,291.0,0.0
91.0,14.600000000000001,66.48,82.45,4.0,99.5,0.0
0.0,10.95,86.125,147.39,3.5,0.0,5.0
0.0,11.100000000000001,86.11,151.07999999999998,1.0,0.0,11.5
0.0,10.9,87.35,148.83,1.0,0.0,17.6
0.0,10.450000000000001,89.555,141.675,0.5,0.0,21.6
0.0,9.850000000000001,93.61500000000001,131.775,3.5,0.0,23.4
0.0,9.25,97.83500000000001,120.59,7.0,0.0,23.6
0.0,8.7,100.0,108.87,4.0,0.0,21.8
0.0,8.75,99.42500000000001,97.03,2.5,0.0,17.8
27.0,10.25,93.45,85.17,5.0,58.5,13.4
135.5,11.900000000000002,86.33500000000001,74.195,3.5,241.5,5.7
368.5,13.05,81.965,64.045,2.0,431.0,0.0
584.0,14.15,76.66,55.480000000000004,0.0,584.0,0.0
686.0,15.350000000000001,71.34,49.395,0.0,686.0,0.0
725.5,16.200000000000003,68.255,46.83,0.5,725.5,0.0
698.0,16.4,68.25,48.34,0.0,698.0,0.0
611.0,16.05,70.635,53.585,0.0,611.0,0.0
470.5,15.350000000000001,74.39,61.595,1.0,470.5,0.0
197.0,14.0,82.4,71.4,7.5,287.5,0.0
50.5,12.100000000000001,90.85,82.24000000000001,5.5,99.5,0.0
0.0,9.200000000000001,99.51,147.07,7.0,0.0,5.1
0.0,9.25,98.36500000000001,150.70499999999998,4.0,0.0,11.7
0.0,9.4,97.14,148.47000000000003,5.5,0.0,17.4
0.0,9.45,96.625,141.35000000000002,7.0,0.0,20.9
0.0,9.25,97.86500000000001,131.485,7.0,0.0,23.9
0.0,9.1,98.89,120.325,7.0,0.0,22.1
0.0,9.15,99.045,108.61000000000001,7.0,0.0,12.3
0.0,9.7,96.6,96.77000000000001,7.0,0.0,17.1
22.5,11.05,90.395,84.91499999999999,7.0,62.0,11.5
86.0,12.25,85.575,73.91,6.5,242.0,0.6
67.0,13.25,82.10499999999999,63.735,6.5,426.0,0.0
57.0,14.0,80.69999999999999,55.135000000000005,7.0,575.0,0.0
90.0,14.650000000000002,78.795,49.03,7.0,672.0,0.0
64.0,14.8,78.905,46.455,7.5,707.5,0.0
70.0,14.350000000000001,80.465,47.99,7.0,681.0,0.0
153.5,13.8,82.225,53.275000000000006,6.5,596.0,0.0
39.5,13.4,84.9,61.325,7.0,457.5,0.0
8.5,13.0,86.89500000000001,71.16499999999999,6.0,281.0,0.0
5.0,12.650000000000002,87.99000000000001,82.03,6.0,97.5,0.0
0.0,12.75,91.005,146.745,7.0,0.0,0.1
0.0,12.650000000000002,91.78,150.34,7.0,0.0,2.2
0.0,12.600000000000001,92.21000000000001,148.10500000000002,7.0,0.0,3.9
0.0,12.650000000000002,92.25,141.01999999999998,7.0,0.0,4.5
0.0,12.700000000000001,92.77,131.2,6.5,0.0,5.6
0.0,12.75,93.185,120.06,6.0,0.0,4.5
0.0,12.9,93.63,108.35,6.0,0.0,3.9
0.0,13.25,93.89500000000001,96.505,6.0,0.0,3.3
12.5,13.850000000000001,92.975,84.655,6.5,59.0,2.6
13.0,14.3,93.11000000000001,73.62,6.5,234.0,0.0
61.0,14.700000000000001,92.845,63.42,7.5,416.5,0.0
150.0,15.150000000000002,92.08500000000001,54.785,7.0,565.0,0.0
143.0,15.45,91.68,48.66,7.0,663.5,0.0
141.0,15.700000000000001,91.105,46.08,7.5,705.0,0.0
144.5,15.8,90.935,47.64,7.5,683.0,0.0
104.0,15.850000000000001,90.625,52.96,6.5,601.5,0.0
73.0,15.95,89.935,61.06,7.0,465.0,0.0
11.0,15.600000000000001,91.3,70.935,5.5,285.5,0.0
13.5,15.200000000000001,91.82499999999999,81.83,7.0,101.0,0.0
0.0,12.3,93.27,146.42000000000002,3.5,0.0,3.8
0.0,11.8,90.86000000000001,149.965,4.0,0.0,7.5
0.0,11.0,86.635,147.735,4.0,0.0,11.4
0.0,10.5,84.91,140.69,4.0,0.0,15.0
0.0,10.100000000000001,85.32000000000001,130.9,0.0,0.0,11.9
0.0,9.850000000000001,85.685,119.785,0.0,0.0,12.2
0.0,9.850000000000001,84.945,108.09,1.0,0.0,10.3
0.0,10.3,82.62,96.245,7.0,0.0,8.5
35.5,11.450000000000001,80.205,84.39,7.0,70.5,0.0
222.5,12.25,78.95,73.33,4.0,256.5,1.2
373.0,12.75,76.92,63.1,7.0,443.0,0.0
477.5,13.100000000000001,74.215,54.44,2.0,598.5,0.0
702.5,13.5,71.38,48.29,0.0,702.5,0.0
746.0,13.8,68.85000000000001,45.7,0.0,746.0,0.0
719.5,13.8,67.59,47.28,1.0,719.5,0.0
632.5,13.55,67.565,52.650000000000006,0.0,632.5,0.0
147.0,13.05,68.74000000000001,60.790000000000006,2.5,490.0,0.0
131.0,12.15,72.93,70.695,2.0,306.5,0.0
112.0,10.65,81.935,81.61500000000001,0.5,112.0,0.0
0.0,8.8,87.09,146.09500000000003,0.0,0.0,5.4
0.0,8.95,86.08000000000001,149.59500000000003,0.0,0.0,12.5
0.0,9.1,85.12,147.36,0.0,0.0,18.2
0.0,9.05,85.12,140.36,0.0,0.0,21.8
0.0,8.7,86.11,130.605,0.0,0.0,23.9
0.0,8.25,87.785,119.505,0.0,0.0,24.5
0.0,8.05,88.27000000000001,107.82,0.0,0.0,23.0
0.0,8.4,86.14,95.975,0.0,0.0,19.5
74.0,9.950000000000001,82.9,84.12,0.0,74.0,14.0
265.0,11.350000000000001,76.63,73.035,0.0,265.0,5.9
459.5,12.3,70.515,62.785,0.0,459.5,0.0
373.0,13.05,65.89500000000001,54.09,1.0,615.0,0.0
719.5,13.600000000000001,63.25,47.910000000000004,0.0,719.5,0.0
761.0,13.850000000000001,62.345,45.32,0.0,761.0,0.0
733.5,14.0,61.39,46.925,0.0,733.5,0.0
644.0,13.850000000000001,61.465,52.335,0.5,644.0,0.0
497.5,13.400000000000002,62.915000000000006,60.519999999999996,0.0,497.5,0.0
308.5,12.55,67.16499999999999,70.465,0.0,308.5,0.0
112.0,11.25,75.13,81.41,0.0,112.0,0.0
0.0,10.15,87.52000000000001,145.77,8.0,0.0,4.3
0.0,9.65,86.53,149.215,8.0,0.0,6.9
0.0,9.05,85.45500000000001,146.99,8.0,0.0,9.4
0.0,8.5,83.92,140.01999999999998,4.0,0.0,11.3
0.0,8.1,80.99,130.3,4.0,0.0,11.4
0.0,8.0,77.28,119.225,4.0,0.0,11.9
0.0,8.15,73.265,107.545,2.0,0.0,11.0
0.0,8.5,69.425,95.705,0.0,0.0,7.1
75.0,9.65,71.72,83.845,0.5,75.0,3.9
265.5,10.850000000000001,66.38,72.735,0.5,265.5,0.7
457.5,11.450000000000001,60.74,62.46000000000001,0.5,457.5,0.0
615.0,12.05,58.045,53.74,0.5,615.0,0.0
718.0,12.55,56.43,47.535,0.5,718.0,0.0
755.0,12.850000000000001,55.99,44.94,0.0,755.0,0.0
731.5,13.0,55.495000000000005,46.57,0.0,731.5,0.0
642.0,12.95,55.38,52.025,0.0,642.0,0.0
497.0,12.700000000000001,56.370000000000005,60.254999999999995,0.0,497.0,0.0
312.5,11.9,61.3,70.22999999999999,0.0,312.5,0.0
116.5,10.350000000000001,73.51,81.205,0.5,116.5,0.0
0.0,8.8,86.61500000000001,145.44,6.5,0.0,4.9
0.0,8.700000000000001,88.805,148.835,6.0,0.0,8.5
0.0,8.5,90.465,146.615,6.0,0.0,9.8
0.0,8.100000000000001,91.57,139.68,9.0,0.0,12.6
0.0,7.6,91.59,129.99,7.5,0.0,13.5
0.0,7.3500000000000005,89.405,118.945,6.0,0.0,3.8
0.0,7.300000000000001,88.185,107.275,6.5,0.0,6.7
0.0,7.3500000000000005,87.28999999999999,95.43,5.0,0.0,1.2
67.0,7.7,85.525,83.57,5.5,80.0,0.1
137.0,8.350000000000001,82.605,72.44,7.0,272.0,0.8
401.0,8.95,79.94,62.14,4.0,465.0,0.0
417.5,9.600000000000001,76.39500000000001,53.385000000000005,7.0,621.5,0.0
570.5,10.3,72.58000000000001,47.155,3.5,725.0,0.0
599.0,10.95,68.89,44.555,3.5,765.0,0.0
739.5,11.200000000000001,67.26,46.21,0.0,739.5,0.0
240.0,11.200000000000001,67.275,51.715,7.0,649.0,0.0
446.0,10.8,69.33000000000001,59.985,3.5,502.0,0.0
314.5,10.100000000000001,73.28,70.005,0.0,314.5,0.0
118.5,9.05,80.28999999999999,81.0,0.0,118.5,0.0
0.0,6.800000000000001,80.92,145.11,0.0,0.0,6.4
0.0,6.95,75.13499999999999,148.455,0.0,0.0,14.1
0.0,7.35,69.18,146.23000000000002,0.0,0.0,20.1
0.0,7.75,66.245,139.335,1.0,0.0,23.8
0.0,7.8500000000000005,64.145,129.685,2.5,0.0,25.7
0.0,7.3500000000000005,65.72,118.65,4.0,0.0,24.7
0.0,6.550000000000001,70.995,106.995,4.0,0.0,22.5
0.0,6.45,73.64500000000001,95.15,3.0,0.0,21.2
51.0,8.25,73.715,83.29,4.0,84.0,15.0
179.5,9.900000000000002,66.93,72.135,3.0,277.5,6.5
327.0,11.100000000000001,61.80500000000001,61.81,4.0,471.0,0.0
529.0,11.700000000000001,60.125,53.025000000000006,7.0,619.0,0.0
501.0,11.9,59.80500000000001,46.769999999999996,7.0,722.0,0.0
555.0,11.55,61.515,44.17,7.0,763.0,0.0
233.5,11.5,62.95,45.855000000000004,4.0,740.0,0.0
556.0,11.700000000000001,62.965,51.4,2.5,648.0,0.0
504.0,11.95,62.675,59.72,0.5,504.0,0.0
284.5,11.400000000000002,66.14,69.775,7.5,319.5,0.0
106.0,10.350000000000001,75.28,80.8,2.5,122.0,0.0
0.0,9.55,85.705,144.77499999999998,5.5,0.0,5.7
0.0,9.600000000000001,86.15,148.075,7.0,0.0,13.5
0.0,9.700000000000001,85.75,145.85500000000002,7.0,0.0,19.8
0.0,9.700000000000001,85.53,138.99,7.0,0.0,23.5
0.0,9.700000000000001,85.59,129.375,7.0,0.0,25.2
0.0,9.700000000000001,86.04,118.36500000000001,7.0,0.0,25.2
0.0,9.75,86.47,106.715,7.0,0.0,23.2
0.0,9.850000000000001,86.72,94.87,7.5,0.0,19.8
15.0,10.15,86.61500000000001,83.01,7.0,83.0,15.0
46.5,10.65,86.30000000000001,71.83500000000001,8.0,268.5,6.7
151.5,11.3,85.86500000000001,61.480000000000004,7.0,453.0,0.0
138.5,12.05,85.07499999999999,52.67,7.0,604.0,0.0
154.0,12.65,84.53999999999999,46.39,7.0,702.5,0.0
91.0,13.05,84.405,43.785,7.0,741.5,0.0
83.5,13.25,84.445,45.495000000000005,7.0,716.0,0.0
44.5,13.25,84.905,51.09,8.0,629.0,0.0
78.0,13.05,86.51,59.455,7.5,488.0,0.0
24.0,12.8,87.83500000000001,69.545,8.0,306.0,0.0
7.5,12.5,89.19,80.595,7.5,115.0,0.0
1.5,12.25,90.235,92.14,7.5,5.0,0.0
0.0,10.3,95.56,144.44,6.0,0.0,4.0
0.0,9.450000000000001,95.7,147.69,8.0,0.0,6.4
0.0,8.4,94.67,145.47,8.0,0.0,9.3
0.0,7.700000000000001,92.74000000000001,138.64,6.0,0.0,11.2
0.0,7.3500000000000005,90.42,129.055,6.0,0.0,11.6
0.0,7.2,88.23,118.07,7.0,0.0,9.5
0.0,7.2,86.04,106.435,7.0,0.0,13.3
0.0,7.550000000000001,84.28999999999999,94.59,2.5,0.0,6.6
93.5,9.0,84.74000000000001,82.725,1.0,93.5,9.5
287.5,10.25,84.03999999999999,71.53,0.0,287.5,0.0
345.5,11.350000000000001,82.005,61.150000000000006,1.5,476.0,0.0
174.0,12.15,79.695,52.31,3.0,625.5,0.0
373.5,12.650000000000002,78.295,46.005,2.5,725.0,0.0
528.5,12.8,78.21000000000001,43.394999999999996,2.0,764.0,0.0
516.0,12.850000000000001,78.465,45.14,8.0,739.0,0.0
114.0,12.9,78.38,50.78,7.5,651.5,0.0
253.5,12.75,78.685,59.19,7.0,508.0,0.0
253.0,12.25,81.42500000000001,69.32,7.0,325.5,0.0
120.0,11.2,87.15,80.39500000000001,4.5,129.0,0.0
2.5,10.25,89.85,91.95500000000001,2.0,6.5,0.0
0.0,9.95,90.60499999999999,144.11,7.0,0.0,4.6
0.0,9.700000000000001,91.16,147.305,7.0,0.0,6.4
0.0,9.650000000000002,91.44,145.085,7.0,0.0,12.5
0.0,9.55,91.7,138.285,7.0,0.0,1.5
0.0,9.45,91.655,128.74,7.0,0.0,3.9
0.0,9.4,91.51,117.77000000000001,6.0,0.0,6.6
0.0,9.4,91.13,106.15,3.5,0.0,6.6
0.0,9.600000000000001,89.42,94.305,4.0,0.0,3.6
85.5,10.65,87.34,82.44,1.5,95.5,0.1
140.5,11.3,84.11500000000001,71.22,3.0,291.0,0.0
481.0,11.75,80.12,60.82000000000001,0.5,481.0,0.0
552.0,12.200000000000001,76.555,51.945,2.5,635.0,0.0
740.0,12.45,75.295,45.620000000000005,0.0,740.0,0.0
781.0,12.600000000000001,73.94,43.01,0.0,781.0,0.0
749.0,12.55,72.18,44.78,0.0,749.0,0.0
610.0,12.3,70.975,50.465,3.5,664.5,0.0
434.0,11.950000000000001,70.45500000000001,58.93000000000001,7.0,521.0,0.0
305.5,11.2,73.11,69.09,3.5,333.0,0.0
132.0,10.0,80.31,80.19500000000001,0.0,132.0,0.0
7.0,9.100000000000001,84.78,91.775,0.0,7.0,0.0
0.0,7.3500000000000005,95.625,143.76500000000001,1.5,0.0,7.2
0.0,7.1000000000000005,96.7,146.925,0.0,0.0,15.4
0.0,7.2,95.22,144.695,0.0,0.0,21.8
0.0,7.2,94.565,137.93,4.0,0.0,25.4
0.0,7.050000000000001,94.69,128.41500000000002,4.0,0.0,25.7
0.0,6.8500000000000005,95.22500000000001,117.475,3.5,0.0,17.6
0.0,6.800000000000001,95.095,105.86,3.5,0.0,9.1
0.0,7.300000000000001,92.17500000000001,94.02000000000001,3.5,0.0,0.8
41.5,8.35,88.93,82.15,5.5,105.5,2.8
263.5,9.600000000000001,82.69,70.91,7.0,303.5,0.3
494.5,11.4,71.83000000000001,60.485,0.0,494.5,0.0
591.5,12.8,64.94,51.58500000000001,3.5,644.5,0.0
672.0,13.5,62.77,45.225,7.0,743.0,0.0
731.0,13.4,63.775,42.614999999999995,4.0,780.5,0.0
754.0,12.950000000000001,66.19,44.42,0.0,754.0,0.0
425.0,12.400000000000002,69.66499999999999,50.16,7.0,660.5,0.0
244.0,11.55,75.075,58.67,6.5,512.5,0.0
131.0,10.7,81.34,68.86500000000001,7.5,329.0,0.0
45.5,9.900000000000002,86.44500000000001,79.99000000000001,7.0,135.0,0.0
3.5,9.15,90.275,91.595,6.5,8.0,0.0
0.0,10.55,92.92,143.43,7.0,0.0,0.6
0.0,11.05,93.8,146.54000000000002,7.0,0.0,3.7
0.0,11.05,93.805,144.31,7.0,0.0,3.9
0.0,10.5,90.37,137.575,7.0,0.0,2.8
0.0,9.65,86.88,128.09,7.0,0.0,5.5
0.0,8.95,83.745,117.17,7.0,0.0,9.8
0.0,8.25,81.72,105.57499999999999,3.5,0.0,8.4
0.0,7.95,78.595,93.42500000000001,7.0,0.0,5.2
101.5,8.3,74.56,81.86,7.5,114.5,0.1
257.0,9.2,66.6,70.6,7.5,328.5,0.0
526.5,10.25,56.254999999999995,60.15,0.0,526.5,0.0
679.0,11.2,50.78,51.22,0.0,679.0,0.0
778.0,11.8,50.69,44.84,0.0,778.0,0.0
812.0,12.05,52.83,42.224999999999994,0.0,812.0,0.0
775.0,11.850000000000001,56.255,44.06,0.0,775.0,0.0
677.5,11.2,60.085,49.85,0.0,677.5,0.0
527.0,10.2,65.075,58.410000000000004,0.0,527.0,0.0
286.0,9.100000000000001,72.055,68.64,1.0,333.0,0.0
13.0,8.25,80.02000000000001,79.795,7.0,131.0,0.0
4.5,7.95,86.725,91.41,7.0,6.5,0.0
0.0,6.45,86.46000000000001,143.095,7.5,0.0,0.3
0.0,6.25,87.55000000000001,146.14999999999998,7.0,0.0,0.3
0.0,6.1000000000000005,87.53,143.91500000000002,7.0,0.0,4.2
0.0,6.050000000000001,86.83,137.215,7.0,0.0,3.7
0.0,5.95,87.17500000000001,127.75999999999999,7.0,0.0,7.8
0.0,5.800000000000001,88.85000000000001,116.86500000000001,7.0,0.0,5.2
0.0,5.800000000000001,89.63,105.28,6.5,0.0,14.3
0.0,6.050000000000001,88.99000000000001,93.16,6.5,0.0,18.3
89.5,6.700000000000001,86.83500000000001,81.57,7.0,100.5,6.0
283.0,7.25,83.64500000000001,70.29,3.5,291.0,5.6
410.0,7.800000000000001,80.73,59.81,7.0,479.0,0.0
474.0,8.15,78.61500000000001,50.85,5.5,640.5,0.0
455.5,8.350000000000001,76.78,44.445,7.0,745.0,0.0
404.5,8.5,74.075,41.83,7.0,787.0,0.0
359.0,8.5,72.22,43.7,6.5,765.0,0.0
300.0,8.5,70.705,49.545,7.5,674.0,0.0
319.5,8.3,70.435,58.150000000000006,7.0,527.0,0.0
306.0,7.800000000000001,72.80000000000001,68.42,3.5,337.5,0.0
118.5,7.050000000000001,77.83,79.6,3.5,137.0,0.0
9.0,6.25,80.785,91.23,4.0,9.0,0.0
0.0,5.2,84.54,142.75,7.0,0.0,5.4
0.0,5.1000000000000005,83.63,145.765,7.0,0.0,6.1
0.0,4.95,83.15,143.525,7.0,0.0,3.8
0.0,4.75,82.565,136.85,7.0,0.0,14.4
0.0,4.65,82.045,127.435,7.5,0.0,15.9
0.0,4.45,82.235,116.56,7.5,0.0,25.6
0.0,4.3,82.87,104.98500000000001,2.5,0.0,6.8
0.0,4.6,81.855,92.89500000000001,1.0,0.0,20.8
58.0,5.550000000000001,79.955,81.275,1.5,112.5,16.1
272.5,6.2,77.11500000000001,69.975,1.0,320.0,7.5
519.0,6.9,73.055,59.475,0.0,519.0,0.0
675.0,7.7,67.78,50.485,0.0,675.0,0.0
780.0,8.45,63.230000000000004,44.055,0.0,780.0,0.0
824.5,9.05,59.760000000000005,41.44,0.0,824.5,0.0
796.5,9.45,57.945,43.345,0.0,796.5,0.0
702.5,9.5,58.675,49.24,0.0,702.5,0.0
550.5,9.0,62.7,57.89,0.0,550.5,0.0
358.0,8.2,69.14,68.2,0.0,358.0,0.0
84.0,7.050000000000001,78.9,79.39500000000001,7.5,151.5,0.0
6.0,6.300000000000001,84.715,91.05,6.5,11.0,0.0
0.0,6.25,88.61500000000001,142.41,7.0,0.0,6.1
0.0,6.3500000000000005,88.285,145.37,7.0,0.0,9.5
0.0,6.6000000000000005,87.23,143.135,7.0,0.0,10.3
0.0,6.6000000000000005,87.09,136.49,7.0,0.0,7.5
0.0,6.45,86.97,127.105,6.5,0.0,17.2
0.0,6.3500000000000005,86.84,116.255,7.5,0.0,6.8
0.0,6.2,86.57,104.69,7.0,0.0,6.4
0.0,6.45,84.875,92.62,7.0,0.0,5.0
86.5,7.35,83.66499999999999,80.97500000000001,7.0,116.5,15.0
320.5,7.9,80.94,69.66,1.0,320.5,7.4
293.0,8.5,77.63,59.135000000000005,5.5,515.5,0.0
336.0,9.2,73.395,50.115,4.0,674.0,0.0
180.5,9.9,69.61500000000001,43.66,4.0,778.0,0.0
200.5,10.350000000000001,67.52000000000001,41.05,4.0,818.5,0.0
136.0,10.45,67.195,42.980000000000004,6.0,788.5,0.0
254.5,10.3,67.52000000000001,48.93,5.5,695.5,0.0
221.5,9.950000000000001,68.935,57.635000000000005,4.0,548.0,0.0
257.0,9.350000000000001,72.0,67.975,3.0,360.0,0.0
37.5,8.4,79.785,79.2,4.0,154.0,0.0
12.0,7.45,83.155,90.86500000000001,1.0,12.0,0.0
0.0,6.0,88.265,134.985,0.0,0.0,0.3
0.0,5.75,88.305,142.065,0.0,0.0,7.3
0.0,5.7,87.25,144.98000000000002,0.0,0.0,15.3
0.0,5.8500000000000005,85.475,142.74,0.0,0.0,21.6
0.0,6.050000000000001,83.285,136.12,0.0,0.0,25.0
0.0,6.25,81.23,126.77000000000001,0.0,0.0,26.4
0.0,6.200000000000001,79.82,115.945,0.0,0.0,24.9
0.0,5.9,80.03,104.39,2.0,0.0,17.0
0.0,6.25,79.39,92.345,4.0,0.0,14.5
76.0,7.550000000000001,79.72999999999999,80.68,3.0,126.0,15.5
193.0,8.8,75.2,69.345,4.0,329.5,5.5
288.5,10.05,68.88,58.8,4.0,521.0,0.0
453.5,10.950000000000001,64.225,49.75,3.5,671.5,0.0
277.5,11.600000000000001,62.290000000000006,43.265,3.0,772.5,0.0
566.0,11.850000000000001,62.97,40.655,6.0,807.0,0.0
492.5,12.0,63.980000000000004,42.625,4.0,779.5,0.0
501.0,11.95,65.555,48.625,2.0,686.5,0.0
383.5,11.700000000000001,67.945,57.375,2.5,535.5,0.0
116.5,11.3,71.315,67.75999999999999,3.5,347.5,0.0
41.5,10.55,77.21000000000001,79.005,4.0,147.5,0.0
4.5,10.0,82.11,90.685,4.0,12.0,0.0
0.0,10.05,87.715,134.70499999999998,4.0,0.0,0.1
0.0,10.25,88.725,141.725,2.5,0.0,2.0
0.0,10.3,89.905,144.59,4.0,0.0,0.4
0.0,10.25,90.09,142.34500000000003,4.0,0.0,6.2
0.0,10.0,90.16,135.755,4.0,0.0,1.8
0.0,9.55,89.86500000000001,126.435,4.0,0.0,6.9
0.0,9.100000000000001,88.655,115.63,4.0,0.0,13.3
0.0,8.65,88.31,104.095,4.0,0.0,6.1
1.5,8.7,86.48500000000001,92.065,5.5,5.5,7.1
76.0,9.4,85.64500000000001,80.38,5.5,123.5,3.9
214.0,9.8,83.055,69.03,4.0,324.0,0.0
478.0,10.25,77.88,58.455,4.0,518.0,0.0
242.5,10.900000000000002,71.42500000000001,49.379999999999995,7.5,673.5,0.0
774.0,11.65,65.61000000000001,42.870000000000005,0.0,774.0,0.0
810.0,12.150000000000002,61.55,40.260000000000005,0.0,810.0,0.0
784.5,12.3,59.910000000000004,42.265,0.0,784.5,0.0
692.0,12.150000000000002,60.465,48.32,0.0,692.0,0.0
492.5,12.0,62.33,57.125,3.5,545.5,0.0
259.0,11.450000000000001,66.66999999999999,67.53999999999999,7.0,357.0,0.0
39.0,10.25,77.08500000000001,78.81,7.0,152.0,0.0
5.5,9.2,83.39,90.505,7.0,12.0,0.0
0.0,8.6,90.91,134.42000000000002,0.5,0.0,0.2
0.0,8.45,91.345,141.38,4.0,0.0,7.3
0.0,8.3,91.33,144.2,4.0,0.0,15.6
0.0,8.100000000000001,91.44,141.95,4.0,0.0,21.8
0.0,7.9,91.01,135.39,4.0,0.0,25.5
0.0,7.9,89.735,126.095,4.0,0.0,25.9
0.0,7.95,88.88,115.32,2.5,0.0,16.9
0.0,8.05,87.60000000000001,103.795,7.0,0.0,10.9
3.5,8.65,84.495,91.78999999999999,7.5,7.0,10.5
75.5,9.900000000000002,83.84,80.08,5.5,133.0,8.3
157.5,10.900000000000002,77.965,68.715,4.0,338.5,3.2
271.5,11.75,70.44500000000001,58.115,4.0,531.5,0.0
422.5,12.55,64.505,49.005,4.0,687.5,0.0
536.0,13.150000000000002,61.46,42.475,3.0,787.5,0.0
648.0,13.45,60.235,39.864999999999995,1.0,824.0,0.0
793.5,13.45,60.015,41.91,0.5,793.5,0.0
702.0,13.200000000000001,60.815,48.025000000000006,0.0,702.0,0.0
555.0,12.600000000000001,63.275,56.875,0.0,555.0,0.0
366.0,11.7,67.87,67.325,0.0,366.0,0.0
113.0,10.25,77.7,78.62,5.0,160.0,0.0
10.0,8.9,86.13,90.32499999999999,7.5,14.0,0.0
0.0,9.3,88.305,134.135,7.0,0.0,0.2
0.0,9.4,88.77,141.03,7.0,0.0,6.1
0.0,9.4,89.88,143.81,7.0,0.0,11.1
0.0,9.350000000000001,90.695,141.55,7.0,0.0,14.4
0.0,9.350000000000001,91.01500000000001,135.015,7.0,0.0,14.7
0.0,9.45,91.23500000000001,125.76,7.0,0.0,13.9
0.0,9.600000000000001,91.63,115.0,7.0,0.0,11.3
0.0,9.700000000000001,92.23,103.49000000000001,7.0,0.0,9.8
3.0,9.950000000000001,91.58,91.505,7.0,7.5,9.2
30.0,10.65,89.68,79.785,7.0,131.0,3.9
138.5,11.15,88.42,68.4,7.0,331.5,0.4
342.5,11.8,85.25999999999999,57.775,7.0,522.5,0.0
328.0,12.55,80.45,48.635000000000005,5.5,677.5,0.0
217.0,13.150000000000002,76.73,42.08,4.0,779.5,0.0
133.5,13.45,75.14,39.47,4.0,818.0,0.0
513.5,13.45,75.33500000000001,41.55,3.5,788.5,0.0
454.5,13.3,76.72999999999999,47.72,3.0,696.5,0.0
300.0,12.9,79.87,56.625,4.0,547.5,0.0
121.5,12.450000000000001,83.74000000000001,67.11,4.0,359.0,0.0
62.5,11.75,88.775,78.42500000000001,7.0,156.5,0.0
6.5,11.25,90.86500000000001,90.14500000000001,7.0,14.0,0.0
0.0,10.25,92.89,133.85,7.0,0.0,0.2
0.0,9.9,92.78,140.685,7.0,0.0,4.3
0.0,9.55,92.11500000000001,143.415,8.0,0.0,9.9
0.0,9.25,90.73500000000001,141.155,8.0,0.0,4.0
0.0,9.0,89.18,134.65,7.0,0.0,12.4
0.0,8.65,89.52000000000001,125.42,7.0,0.0,7.1
0.0,8.350000000000001,90.005,114.685,7.0,0.0,9.7
0.0,8.25,89.475,103.19,6.0,0.0,17.3
6.0,8.5,87.675,91.215,7.0,9.0,2.5
121.0,9.25,86.94500000000001,79.47999999999999,7.0,136.5,0.7
252.5,9.850000000000001,84.315,68.08,7.0,339.5,0.4
441.5,10.55,79.685,57.435,7.0,533.0,0.0
538.5,11.15,75.58,48.265,7.0,692.5,0.0
696.5,11.75,71.92500000000001,41.685,4.0,793.5,0.0
835.0,12.200000000000001,69.065,39.075,0.5,835.0,0.0
803.5,12.5,66.79,41.2,0.0,803.5,0.0
710.5,12.5,65.97,47.42,0.0,710.5,0.0
564.0,12.25,67.25,56.375,0.0,564.0,0.0
373.0,11.65,71.92,66.9,0.0,373.0,0.0
165.5,10.450000000000001,81.955,78.235,0.0,165.5,0.0
16.0,9.3,87.80000000000001,89.96000000000001,0.0,16.0,0.0
0.0,8.05,94.6,133.565,0.0,0.0,0.2
0.0,7.9,94.63,140.34,0.0,0.0,7.6
0.0,7.8500000000000005,93.98500000000001,143.025,0.0,0.0,15.3
0.0,7.65,94.0,140.76,0.0,0.0,21.3
0.0,7.4,93.77,134.28,0.0,0.0,22.7
0.0,6.9,94.25,125.08,0.0,0.0,16.5
0.0,6.45,94.75,114.37,0.0,0.0,17.2
0.0,6.25,93.855,102.88,0.0,0.0,20.3
11.5,6.8500000000000005,89.025,90.92500000000001,0.0,11.5,3.8
155.0,8.65,81.69,79.175,0.0,155.0,15.1
363.5,10.4,71.55000000000001,67.75999999999999,0.0,363.5,8.5
558.5,11.900000000000002,63.185,57.095,0.0,558.5,0.0
714.0,13.0,58.845,47.89,0.0,714.0,0.0
814.5,13.700000000000001,57.46,41.285,0.0,814.5,0.0
850.0,14.05,57.025000000000006,38.68,0.0,850.0,0.0
819.0,14.200000000000001,56.65,40.845,0.0,819.0,0.0
723.0,14.150000000000002,56.695,47.125,0.0,723.0,0.0
570.5,13.9,57.725,56.13,0.0,570.5,0.0
377.5,13.15,62.36,66.685,0.0,377.5,0.0
141.0,11.600000000000001,74.565,78.045,1.5,170.5,0.0
12.0,9.9,82.38,89.785,5.0,17.0,0.0
0.0,8.55,86.00999999999999,133.26999999999998,0.0,0.0,0.2
0.0,8.2,85.905,139.99,0.0,0.0,7.9
0.0,7.85,85.36,142.63,0.0,0.0,15.3
0.0,7.300000000000001,85.795,140.36,0.0,0.0,20.7
0.0,6.800000000000001,85.66,133.905,0.0,0.0,23.5
0.0,6.45,85.355,124.73500000000001,0.0,0.0,23.7
0.0,6.15,86.12,114.055,0.0,0.0,19.6
0.0,6.1,85.97,102.58000000000001,0.0,0.0,13.9
13.5,7.0,81.825,90.63499999999999,0.0,13.5,13.3
100.5,9.25,76.15,78.875,3.5,158.5,15.6
321.5,10.9,66.9,67.445,3.5,368.0,8.3
560.5,12.400000000000002,57.8,56.75,0.0,560.5,0.0
714.5,13.5,53.150000000000006,47.525000000000006,0.0,714.5,0.0
812.0,14.150000000000002,52.870000000000005,40.89,0.0,812.0,0.0
844.5,14.45,53.395,38.285000000000004,0.0,844.5,0.0
815.5,14.5,54.09,40.489999999999995,0.0,815.5,0.0
721.0,14.45,54.57,46.83,0.0,721.0,0.0
570.0,14.15,55.78,55.88,0.0,570.0,0.0
377.0,13.350000000000001,59.575,66.475,0.0,377.0,0.0
170.5,11.8,73.24000000000001,77.855,0.0,170.5,0.0
17.5,10.100000000000001,78.875,89.6,2.0,17.5,0.0
0.0,8.3,93.05,132.985,7.0,0.0,0.3
0.0,8.3,93.21000000000001,139.645,7.0,0.0,8.3
0.0,8.3,92.79,142.235,7.0,0.0,15.3
0.0,8.350000000000001,91.935,139.965,7.0,0.0,9.2
0.0,8.4,90.9,133.53,4.0,0.0,12.8
0.0,8.350000000000001,89.83500000000001,124.395,4.0,0.0,13.5
0.0,8.15,89.76500000000001,113.72999999999999,2.5,0.0,13.3
0.0,8.350000000000001,89.18,102.275,4.0,0.0,12.2
3.0,8.950000000000001,88.08500000000001,90.345,4.0,13.0,9.7
117.5,9.700000000000001,86.83500000000001,78.57,2.5,154.5,8.8
78.5,10.100000000000001,85.295,67.125,5.5,358.0,4.1
77.0,10.45,84.03,56.410000000000004,7.5,543.5,0.0
31.5,10.75,80.97,47.155,6.0,690.0,0.0
130.5,10.8,76.48,40.495000000000005,5.5,791.0,0.0
91.0,10.650000000000002,72.62,37.89,7.5,832.0,0.0
439.0,10.4,71.225,40.135000000000005,7.0,805.0,0.0
572.0,9.850000000000001,72.39500000000001,46.535,7.5,709.0,0.0
558.0,9.100000000000001,75.38,55.64,0.5,558.0,0.0
193.0,8.45,79.315,66.265,4.5,368.0,0.0
164.0,7.95,83.605,77.665,0.0,164.0,0.0
12.5,7.800000000000001,85.925,89.42,7.5,17.5,0.0
0.0,7.45,90.18,132.695,7.5,0.0,0.2
0.0,7.25,89.9,139.29500000000002,6.5,0.0,5.7
0.0,7.1000000000000005,89.10000000000001,141.845,7.0,0.0,0.5
0.0,6.9,89.18,139.565,7.0,0.0,1.3
0.0,6.65,88.70500000000001,133.155,4.0,0.0,9.3
0.0,6.6000000000000005,88.155,124.05000000000001,2.5,0.0,5.4
0.0,6.75,87.81,113.41499999999999,4.0,0.0,4.7
0.0,7.0,87.85499999999999,101.97,4.0,0.0,5.9
14.5,7.6000000000000005,87.125,90.05000000000001,2.5,14.5,0.6
15.5,8.65,85.655,78.27000000000001,4.0,156.5,16.7
288.0,9.350000000000001,82.92500000000001,66.81,1.5,362.0,7.7
409.0,10.0,79.55000000000001,56.065,1.0,557.0,0.0
562.0,10.8,75.34,46.78,1.0,713.0,0.0
236.5,11.3,72.995,40.099999999999994,3.5,811.0,0.0
334.0,11.700000000000001,71.72,37.495000000000005,4.0,840.5,0.0
254.5,12.05,70.86,39.785,4.0,804.0,0.0
164.5,12.200000000000001,71.04,46.239999999999995,4.0,707.0,0.0
185.5,12.150000000000002,71.61,55.395,3.5,554.0,0.0
104.5,11.7,73.72,66.055,2.5,364.0,0.0
144.0,10.700000000000001,81.275,77.475,1.5,162.0,0.0
17.0,9.350000000000001,87.775,89.245,0.5,17.0,0.0
0.0,8.0,90.83,132.4,0.0,0.0,0.3
0.0,8.05,89.315,138.945,0.0,0.0,7.8
0.0,8.15,87.99000000000001,141.45,0.0,0.0,14.7
0.0,8.3,86.81,139.16500000000002,0.0,0.0,19.9
0.0,8.3,86.23,132.785,4.0,0.0,22.8
0.0,8.15,86.42,123.70500000000001,4.0,0.0,25.0
0.0,7.9,87.36,113.09,5.5,0.0,25.6
0.0,7.65,88.4,101.66,7.0,0.0,23.8
12.5,7.75,88.045,89.75,5.0,16.0,20.3
63.5,8.850000000000001,85.34,77.965,5.5,165.0,10.2
172.5,10.350000000000001,78.745,66.49,5.5,371.0,7.5
375.0,11.75,72.14500000000001,55.730000000000004,4.0,562.5,0.0
614.0,12.600000000000001,69.70500000000001,46.410000000000004,7.0,702.5,0.0
625.5,13.200000000000001,68.56,39.7,7.0,799.0,0.0
700.0,13.55,66.655,37.105000000000004,7.0,832.0,0.0
677.5,13.600000000000001,65.92,39.435,7.0,807.0,0.0
584.5,13.55,65.83500000000001,45.95,7.0,712.0,0.0
448.5,13.3,67.39,55.155,7.0,561.5,0.0
281.0,12.75,72.045,65.85,7.0,372.5,0.0
119.0,11.65,80.45500000000001,77.28999999999999,7.0,169.5,0.0
14.0,10.600000000000001,80.345,89.06,7.0,18.5,0.0
0.0,10.150000000000002,77.99000000000001,132.115,7.0,0.0,0.2
0.0,10.0,78.08,138.595,7.0,0.0,7.5
0.0,9.8,78.39500000000001,141.06,7.0,0.0,14.1
0.0,9.55,78.785,138.76999999999998,7.0,0.0,18.8
0.0,9.350000000000001,78.795,132.41000000000003,7.0,0.0,21.2
0.0,9.0,79.785,123.36500000000001,7.0,0.0,23.1
0.0,8.55,81.74000000000001,112.77000000000001,7.0,0.0,23.6
0.0,8.350000000000001,83.13,101.35499999999999,3.5,0.0,22.4
15.0,8.95,81.93,89.46000000000001,5.5,17.5,20.0
116.5,10.600000000000001,76.76,77.66499999999999,5.5,169.5,15.8
276.0,12.45,69.14500000000001,66.17,3.5,376.5,8.5
569.0,14.05,65.58,55.39,0.5,569.0,0.0
583.0,15.100000000000001,63.575,46.040000000000006,6.0,722.0,0.0
694.0,15.850000000000001,62.025,39.305,7.5,821.0,0.0
687.5,16.35,60.705,36.71,7.5,857.0,0.0
671.5,16.450000000000003,60.120000000000005,39.085,7.5,814.0,0.0
615.0,16.15,60.635000000000005,45.66,5.5,721.5,0.0
475.5,15.5,62.67,54.915000000000006,7.5,573.0,0.0
339.0,14.450000000000001,68.195,65.64,8.0,385.0,0.0
151.5,12.850000000000001,79.85,77.10499999999999,7.5,178.0,0.0
14.0,11.25,87.38499999999999,88.88499999999999,7.0,20.5,0.0
0.0,10.650000000000002,95.21000000000001,131.82,7.0,0.0,0.1
0.0,10.600000000000001,96.12,138.245,7.5,0.0,6.8
0.0,10.5,97.095,140.66500000000002,7.0,0.0,13.2
0.0,10.5,97.25,138.37,7.0,0.0,17.8
0.0,10.55,97.00999999999999,132.03500000000003,1.0,0.0,21.4
0.0,10.650000000000002,96.78,123.02000000000001,2.5,0.0,22.6
0.0,10.8,96.43,112.45,4.0,0.0,22.6
0.0,10.950000000000001,95.775,101.045,4.0,0.0,20.1
6.5,11.600000000000001,93.07,89.165,4.0,19.0,16.9
19.0,12.7,90.66,77.36,4.0,169.0,13.4
108.5,13.7,89.025,65.855,5.5,371.0,6.2
159.5,14.8,86.37,55.050000000000004,7.0,560.0,0.0
237.5,15.65,82.95500000000001,45.675,7.0,706.5,0.0
351.5,16.1,80.63,38.91,7.0,802.5,0.0
365.5,16.3,80.12,36.315,7.0,836.0,0.0
293.0,16.200000000000003,81.245,38.735,7.0,807.0,0.0
198.0,15.75,84.22,45.375,4.0,714.5,0.0
154.5,15.100000000000001,88.41499999999999,54.68000000000001,3.5,567.5,0.0
105.0,14.400000000000002,92.21000000000001,65.44,3.5,381.0,0.0
93.0,13.75,94.52000000000001,76.91499999999999,2.0,179.5,0.0
22.0,13.200000000000001,95.14500000000001,88.70500000000001,2.5,22.0,0.0
0.0,12.75,94.655,131.52499999999998,6.0,0.0,0.3
0.0,12.8,94.78,137.895,8.0,0.0,3.6
0.0,12.9,94.64,140.27499999999998,4.0,0.0,4.8
0.0,12.95,94.72,137.97500000000002,4.0,0.0,6.0
0.0,13.0,94.9,131.66500000000002,4.0,0.0,6.4
0.0,12.9,94.83000000000001,122.675,4.0,0.0,6.9
0.0,12.450000000000001,94.295,112.13,4.0,0.0,7.9
0.0,11.9,92.405,100.74000000000001,3.5,0.0,4.0
12.0,11.8,89.85,88.87,4.0,21.0,0.9
141.0,12.150000000000002,87.705,77.06,2.0,179.0,0.2
186.0,12.5,81.995,65.53999999999999,2.5,384.5,0.0
505.0,12.850000000000001,73.64,54.715,1.5,581.0,0.0
737.0,13.150000000000002,67.12,45.305,0.0,737.0,0.0
735.0,13.4,64.47,38.515,1.0,838.0,0.0
561.5,13.350000000000001,65.38499999999999,35.925,3.5,867.5,0.0
674.5,13.100000000000001,68.46000000000001,38.39,1.5,831.0,0.0
635.0,12.600000000000001,72.38,45.085,1.5,733.0,0.0
368.0,12.200000000000001,74.465,54.44,2.0,582.5,0.0
392.5,11.75,75.965,65.235,0.0,392.5,0.0
184.5,11.0,80.095,76.73,0.5,184.5,0.0
23.5,10.05,86.1,88.525,0.0,23.5,0.0
0.0,8.45,94.85,131.23,0.0,0.0,0.7
0.0,8.25,95.30000000000001,137.54500000000002,1.0,0.0,8.8
0.0,8.05,95.83500000000001,139.885,0.0,0.0,15.4
0.0,7.95,95.86500000000001,137.57999999999998,0.0,0.0,20.1
0.0,7.8500000000000005,95.43,131.29,1.0,0.0,23.1
0.0,7.450000000000001,95.77000000000001,122.33000000000001,1.0,0.0,25.8
0.0,6.950000000000001,95.58000000000001,111.81,3.5,0.0,25.8
0.0,6.65,94.71000000000001,100.44,5.0,0.0,24.6
15.0,7.1000000000000005,90.975,88.57499999999999,4.0,25.0,22.1
121.0,8.4,85.12,76.755,3.5,191.5,16.6
402.0,9.700000000000001,80.56,65.225,0.5,402.0,8.9
595.0,11.4,72.53,54.38,0.0,595.0,0.0
746.0,12.850000000000001,65.0,44.935,1.0,746.0,0.0
778.0,13.8,62.125,38.12,4.0,842.0,0.0
737.0,14.55,60.355000000000004,35.53,7.5,874.0,0.0
748.5,14.95,59.22,38.045,8.0,838.5,0.0
737.0,15.150000000000002,57.894999999999996,44.805,1.0,737.0,0.0
584.5,14.950000000000001,58.735,54.21,0.5,584.5,0.0
361.5,14.25,64.34,65.03999999999999,4.0,392.5,0.0
185.0,12.75,77.28,76.55,0.5,185.0,0.0
23.5,11.3,80.10499999999999,88.345,1.0,23.5,0.0
0.0,9.4,86.37,130.94,2.5,0.0,0.7
0.0,9.55,83.82000000000001,137.195,1.0,0.0,8.5
0.0,9.650000000000002,81.88499999999999,139.49,1.0,0.0,15.9
0.0,9.45,81.73500000000001,137.18,1.0,0.0,22.0
0.0,9.100000000000001,83.005,130.92000000000002,4.0,0.0,25.5
0.0,8.65,85.15,121.99000000000001,5.5,0.0,27.0
0.0,8.15,88.055,111.49000000000001,2.5,0.0,27.3
0.0,7.700000000000001,91.16,100.13,7.5,0.0,26.8
18.5,8.5,88.8,88.28,4.0,24.5,21.8
144.0,10.350000000000001,84.16,76.46000000000001,5.5,190.5,16.5
357.0,12.0,78.12,64.91499999999999,1.5,399.5,8.9
539.5,13.25,74.92500000000001,54.040000000000006,8.0,589.0,0.0
613.0,13.5,76.05,44.57,7.0,724.5,0.0
455.0,13.5,77.39,37.725,7.0,816.5,0.0
177.0,13.55,76.19999999999999,35.144999999999996,6.0,852.5,0.0
48.5,13.15,75.75999999999999,37.7,6.0,824.5,0.0
65.0,12.450000000000001,77.86500000000001,44.525000000000006,6.0,729.0,0.0
84.0,11.450000000000001,80.02000000000001,53.975,6.5,577.5,0.0
54.0,10.650000000000002,83.7,64.835,7.0,386.5,0.0
33.5,10.650000000000002,86.435,76.36500000000001,7.0,182.0,0.0
7.5,11.0,88.315,88.17,7.0,23.0,0.0
0.0,10.15,98.01,130.64499999999998,7.0,0.0,0.4
0.0,9.65,99.17,136.845,4.0,0.0,7.6
0.0,9.25,98.18,139.10000000000002,4.0,0.0,7.0
0.0,9.15,95.9,136.785,4.0,0.0,12.9
0.0,9.350000000000001,93.965,130.54500000000002,6.0,0.0,23.8
0.0,9.5,93.37,121.64500000000001,6.0,0.0,25.5
0.0,9.600000000000001,92.82000000000001,111.16499999999999,6.0,0.0,13.7
0.0,9.700000000000001,91.85,99.825,6.5,0.0,24.1
9.5,10.15,89.63499999999999,87.985,6.5,26.0,8.2
66.0,10.850000000000001,88.08500000000001,76.16,7.0,191.0,9.1
261.0,11.3,86.31,64.60000000000001,7.0,397.5,0.9
431.5,11.700000000000001,82.775,53.705,7.0,585.5,0.0
270.0,12.05,79.765,44.205,6.5,732.5,0.0
189.0,12.3,78.09,37.335,7.0,822.0,0.0
141.5,12.200000000000001,78.425,34.754999999999995,6.5,848.5,0.0
215.0,11.8,80.56,37.355000000000004,6.0,826.5,0.0
263.0,11.45,81.75999999999999,44.239999999999995,6.5,734.0,0.0
483.5,11.150000000000002,81.52000000000001,53.745000000000005,4.0,590.5,0.0
349.5,10.95,79.05000000000001,64.64,1.5,404.0,0.0
196.5,10.400000000000002,79.025,76.185,0.5,196.5,0.0
27.5,9.350000000000001,82.755,87.99000000000001,0.0,27.5,0.0
0.0,8.65,86.185,130.35000000000002,3.5,0.0,1.0
0.0,9.2,85.83500000000001,136.495,7.0,0.0,4.9
0.0,9.650000000000002,86.37,138.715,7.0,0.0,11.7
0.0,9.700000000000001,89.17,136.395,7.0,0.0,14.5
0.0,9.600000000000001,90.81,130.175,7.0,0.0,14.4
0.0,9.600000000000001,91.165,121.295,5.5,0.0,4.1
0.0,9.600000000000001,91.10000000000001,110.845,4.0,0.0,14.0
0.0,9.600000000000001,91.03,99.52000000000001,7.5,0.0,7.1
2.5,9.8,90.36,87.39,6.0,27.0,11.3
9.5,10.25,89.07000000000001,75.86000000000001,4.0,195.0,0.2
142.5,10.900000000000002,86.84,64.28999999999999,4.0,403.0,0.2
365.5,11.65,83.7,53.370000000000005,4.0,595.5,0.0
450.0,12.25,80.505,43.84,3.5,745.5,0.0
426.5,12.9,77.375,36.945,4.0,842.5,0.0
425.0,13.25,76.0,34.370000000000005,4.0,876.0,0.0
314.0,13.4,75.69,37.02,4.0,842.5,0.0
237.5,13.350000000000001,76.01,43.965,4.0,744.0,0.0
248.0,13.200000000000001,76.71000000000001,53.52,4.0,595.0,0.0
125.0,12.850000000000001,78.475,64.44,4.0,405.0,0.0
107.5,12.15,84.305,76.0,2.5,198.0,0.0
17.5,11.3,89.07,87.815,4.0,28.5,0.0
0.0,10.650000000000002,89.27000000000001,130.055,4.0,0.0,0.4
0.0,10.350000000000001,90.39,136.14499999999998,5.5,0.0,8.4
0.0,10.05,91.695,138.325,4.0,0.0,14.7
0.0,9.8,92.54,136.0,4.0,0.0,18.7
0.0,9.600000000000001,92.9,129.8,7.0,0.0,22.3
0.0,9.350000000000001,93.295,120.95500000000001,6.5,0.0,24.3
0.0,9.200000000000001,93.23,110.525,7.0,0.0,22.8
0.0,9.25,92.77000000000001,99.215,7.0,0.0,4.2
13.0,9.75,91.045,87.12,7.5,31.0,0.8
59.0,10.850000000000001,88.16,75.565,6.0,208.0,4.7
216.5,11.8,83.56,63.980000000000004,5.5,418.0,1.0
223.5,12.600000000000001,78.56,53.04,7.0,609.5,0.0
307.5,13.0,75.49,43.480000000000004,7.0,756.0,0.0
434.5,12.95,75.005,36.555,7.5,849.0,0.0
254.0,12.75,76.18,33.980000000000004,7.5,879.0,0.0
273.5,12.55,77.945,36.68000000000001,7.5,844.5,0.0
399.0,12.25,79.62,43.69,7.0,748.5,0.0
134.0,11.9,81.935,53.29,6.5,597.0,0.0
90.0,11.5,85.635,64.245,6.5,406.0,0.0
61.5,11.05,89.13499999999999,75.82,6.0,200.5,0.0
8.0,10.45,91.755,87.34,6.0,29.5,0.0
0.0,9.45,95.02000000000001,129.755,4.0,0.0,1.1
0.0,9.3,95.305,135.79500000000002,4.0,0.0,4.7
0.0,9.3,94.83,137.935,4.0,0.0,6.3
0.0,9.3,94.11,135.61,4.0,0.0,8.0
0.0,9.3,93.54,129.43,1.0,0.0,9.6
0.0,9.350000000000001,93.055,120.61500000000001,4.0,0.0,10.8
0.0,9.4,92.54,110.21000000000001,4.0,0.0,11.6
0.0,9.55,91.55,98.91499999999999,2.5,0.0,11.6
11.5,10.25,89.035,86.85,4.0,33.0,11.5
127.5,11.2,86.08,75.265,3.0,209.5,4.9
227.0,11.950000000000001,82.39500000000001,63.675,5.5,416.0,2.3
355.0,12.45,79.22,52.715,4.5,603.5,0.0
419.0,12.600000000000001,78.0,43.120000000000005,7.0,747.5,0.0
286.5,12.650000000000002,77.16,36.165,7.0,845.0,0.0
113.5,12.600000000000001,77.42,33.595,6.0,879.0,0.0
159.5,12.45,79.58000000000001,36.345,7.5,843.5,0.0
58.0,12.350000000000001,81.505,43.415,6.5,746.5,0.0
94.5,12.05,82.95,53.07,4.0,599.0,0.0
168.0,11.75,82.565,64.05000000000001,6.0,406.0,0.0
29.5,10.950000000000001,84.39500000000001,75.64500000000001,6.0,200.0,0.0
14.5,9.7,87.43,87.18,2.0,29.5,0.0
0.0,8.15,86.67,129.46,0.0,0.0,1.2
0.0,8.0,86.19,135.45,0.0,0.0,9.7
0.0,7.9,85.81,137.55,0.0,0.0,17.1
0.0,8.0,85.10000000000001,135.22000000000003,0.0,0.0,22.8
0.0,7.9,85.51,129.06,1.0,0.0,25.7
0.0,7.9,85.55,120.27000000000001,1.0,0.0,24.5
0.0,7.95,86.265,109.89,4.0,0.0,16.5
0.0,8.25,86.185,98.61,5.5,0.0,11.4
14.5,9.350000000000001,84.28,86.575,5.5,32.5,12.2
132.5,10.900000000000002,82.775,74.97,3.5,208.0,10.5
148.0,11.65,80.405,63.370000000000005,4.0,413.0,7.5
602.0,12.25,76.875,52.379999999999995,0.0,602.0,0.0
751.0,12.700000000000001,73.765,42.760000000000005,0.0,751.0,0.0
668.5,13.0,71.445,35.78,2.0,847.0,0.0
687.5,13.25,70.56,33.21,8.0,879.0,0.0
773.0,13.4,69.68,36.010000000000005,1.0,838.5,0.0
670.5,13.4,69.16,43.144999999999996,4.0,743.0,0.0
471.5,13.200000000000001,69.28999999999999,52.845,7.0,592.5,0.0
336.0,12.600000000000001,71.77000000000001,63.86,7.0,399.5,0.0
144.5,11.7,77.65,75.465,6.0,193.5,0.0
13.5,10.700000000000001,84.44,87.02000000000001,7.0,28.5,0.0
0.0,9.650000000000002,87.39000000000001,129.165,4.0,0.0,0.8
0.0,9.45,88.545,135.10000000000002,7.0,0.0,5.2
0.0,9.350000000000001,89.16,137.16500000000002,7.0,0.0,8.3
0.0,9.2,89.97999999999999,134.82999999999998,7.0,0.0,10.5
0.0,9.05,90.56,128.69,7.0,0.0,13.2
0.0,9.15,90.15,119.93,7.0,0.0,20.2
0.0,9.350000000000001,89.64,109.57,7.0,0.0,18.0
0.0,9.55,89.28999999999999,98.31,7.0,0.0,9.1
6.0,10.0,88.44999999999999,86.305,7.0,35.0,13.0
60.5,10.7,86.86500000000001,74.68,7.0,210.5,9.1
91.0,11.350000000000001,84.97,63.06,7.0,414.5,1.2
183.0,11.950000000000001,82.21000000000001,52.06,7.0,600.5,0.0
116.5,12.4,79.47,42.405,7.0,746.0,0.0
108.5,12.850000000000001,76.92,35.394999999999996,7.0,839.5,0.0
202.0,13.25,75.605,32.83,7.5,870.5,0.0
284.5,13.5,75.44,35.675,8.0,833.5,0.0
337.0,13.5,76.575,42.875,7.0,738.0,0.0
175.5,13.350000000000001,78.66499999999999,52.625,7.0,589.0,0.0
129.0,13.0,82.505,63.67,7.0,401.5,0.0
27.0,12.25,89.83500000000001,75.29,7.5,200.0,0.0
4.5,11.700000000000001,91.78,86.85499999999999,6.5,31.5,0.0
0.0,12.350000000000001,91.35,128.87,6.0,0.0,0.2
0.0,12.45,91.83,134.75,5.5,0.0,0.2
0.0,12.5,93.01,136.78,4.0,0.0,0.7
0.0,12.5,94.14,134.445,5.5,0.0,1.7
0.0,12.350000000000001,95.11,128.325,7.0,0.0,2.7
0.0,12.25,95.04,119.59,7.0,0.0,3.1
0.0,12.05,95.605,109.255,7.5,0.0,2.7
0.0,11.8,95.4,98.01,7.0,0.0,1.7
11.0,11.45,94.58,86.035,7.0,42.0,3.1
86.0,11.100000000000001,92.92,74.38499999999999,7.0,214.5,0.9
170.0,10.95,90.515,62.760000000000005,7.0,418.0,1.1
139.0,11.200000000000001,87.43,51.735,7.0,604.5,0.0
303.5,11.8,83.72999999999999,42.05,7.0,751.5,0.0
224.5,12.7,80.005,35.010000000000005,7.0,846.5,0.0
452.0,13.55,78.17,32.445,7.0,879.5,0.0
629.0,13.95,77.02,35.35,7.0,839.5,0.0
491.5,13.8,77.29,42.61,7.0,742.0,0.0
410.0,13.4,79.81,52.41,7.0,592.0,0.0
220.0,13.0,83.07,63.480000000000004,6.5,405.0,0.0
77.0,12.350000000000001,87.675,75.11,7.0,202.5,0.0
14.0,11.55,90.36500000000001,86.695,7.0,31.5,0.0
0.0,11.05,90.975,128.58,5.5,0.0,0.2
0.0,10.75,91.695,134.405,5.5,0.0,3.1
0.0,10.5,92.73,136.405,7.0,0.0,6.4
0.0,10.45,93.16,134.055,7.0,0.0,9.4
0.0,10.350000000000001,93.31,127.96000000000001,7.0,0.0,10.5
0.0,10.25,93.61,119.255,4.0,0.0,25.5
0.0,10.100000000000001,93.98,108.94,4.0,0.0,25.1
0.0,10.100000000000001,93.39,97.70500000000001,6.0,0.0,5.6
8.0,10.600000000000001,92.065,85.76,5.5,45.5,0.5
7.0,11.400000000000002,90.66499999999999,74.095,6.0,220.0,4.6
16.0,12.100000000000001,90.0,62.46000000000001,6.5,423.0,0.0
24.0,12.8,88.51,51.410000000000004,6.5,607.5,0.0
101.5,13.150000000000002,87.695,41.7,6.0,750.5,0.0
191.0,13.350000000000001,86.36,34.625,6.5,841.5,0.0
289.0,13.4,84.06,32.07,7.5,873.5,0.0
223.5,13.3,82.37,35.019999999999996,6.0,831.5,0.0
182.0,13.25,81.375,42.345,6.0,745.5,0.0
516.5,13.0,81.65,52.19,4.0,600.5,0.0
193.5,12.450000000000001,84.15,63.29,6.5,413.0,0.0
54.0,11.7,88.09,74.94,6.0,209.0,0.0
14.0,10.9,89.975,86.535,7.0,33.5,0.0
0.0,9.700000000000001,93.15,128.28,7.0,0.0,1.5
0.0,9.55,93.205,134.06,7.0,0.0,7.1
0.0,9.3,93.125,136.01999999999998,7.0,0.0,8.7
0.0,9.0,92.69,133.67000000000002,7.0,0.0,11.2
0.0,8.95,91.39500000000001,127.595,7.0,0.0,3.1
0.0,9.1,90.24,118.92,7.0,0.0,20.9
0.0,9.05,90.475,108.63,7.0,0.0,24.9
0.0,8.95,90.53999999999999,97.41,7.5,0.0,6.5
9.0,9.100000000000001,91.47,85.49000000000001,7.5,48.5,2.5
76.0,9.450000000000001,90.16,73.805,5.5,228.5,0.1
148.5,10.15,86.41,62.16,4.0,440.5,0.0
360.0,11.100000000000001,81.65,51.095,3.0,635.0,0.0
782.5,11.850000000000001,76.12,41.345,0.0,782.5,0.0
879.0,12.450000000000001,72.64000000000001,34.25,0.0,879.0,0.0
912.5,12.850000000000001,71.14,31.689999999999998,0.0,912.5,0.0
880.0,13.0,71.185,34.695,0.5,880.0,0.0
781.0,12.95,71.775,42.085,0.0,781.0,0.0
630.0,12.700000000000001,72.60499999999999,51.980000000000004,0.0,630.0,0.0
436.0,12.100000000000001,74.77000000000001,63.105000000000004,0.0,436.0,0.0
223.0,11.25,78.86500000000001,74.76500000000001,0.0,223.0,0.0
37.5,10.0,86.68,86.37,0.0,37.5,0.0
0.0,8.700000000000001,92.87,127.985,4.0,0.0,1.8
0.0,8.6,93.07000000000001,133.715,0.0,0.0,9.5
0.0,8.65,92.415,135.64499999999998,0.0,0.0,16.5
0.0,8.850000000000001,91.125,133.29000000000002,0.5,0.0,21.7
0.0,9.15,89.51,127.235,1.0,0.0,23.9
0.0,9.15,89.505,118.58000000000001,0.0,0.0,13.7
0.0,9.0,90.13,108.315,0.5,0.0,2.1
0.0,8.9,90.515,97.11500000000001,0.0,0.0,1.4
37.5,9.700000000000001,88.015,85.21000000000001,1.5,52.0,0.6
233.0,11.100000000000001,82.875,73.52000000000001,1.0,233.0,7.8
324.5,12.25,75.315,61.865,2.0,439.5,8.3
276.5,13.05,70.61,50.78,3.0,625.5,0.1
515.5,13.75,68.66,41.005,2.5,771.5,0.0
646.5,14.3,67.24,33.870000000000005,2.5,861.5,0.0
315.0,14.350000000000001,66.805,31.32,2.5,886.0,0.0
505.5,14.05,67.565,34.370000000000005,5.0,852.0,0.0
700.5,13.850000000000001,68.765,41.83,4.5,758.0,0.0
580.5,13.600000000000001,69.78,51.765,3.5,608.5,0.0
402.5,13.15,71.275,62.92,3.5,421.5,0.0
216.5,12.350000000000001,75.50999999999999,74.595,0.5,216.5,0.0
29.0,11.200000000000001,80.67,86.20500000000001,7.0,36.5,0.0
0.0,10.650000000000002,77.9,127.69,7.0,0.0,2.4
0.0,10.5,78.83,133.37,3.5,0.0,10.0
0.0,10.4,79.12,135.265,4.0,0.0,17.0
0.0,10.200000000000001,80.06,132.91,2.0,0.0,22.4
0.0,9.9,82.09,126.875,0.0,0.0,26.1
0.0,9.600000000000001,84.23,118.245,3.5,0.0,28.0
0.0,9.100000000000001,87.455,108.005,5.5,0.0,28.3
0.0,8.95,88.95,96.825,5.5,0.0,26.5
24.5,9.8,87.51,84.94,7.0,57.5,22.4
172.5,11.450000000000001,81.85,73.24000000000001,2.0,243.5,17.0
426.0,12.75,76.17500000000001,61.57,3.5,451.0,1.2
538.0,13.65,73.445,50.465,7.0,640.0,0.0
462.0,14.200000000000001,71.935,40.655,7.0,789.0,0.0
421.0,14.45,71.095,33.495000000000005,7.0,880.5,0.0
305.5,14.600000000000001,71.42,30.945,6.0,905.5,0.0
167.0,14.45,73.33500000000001,34.05500000000001,6.0,864.5,0.0
102.0,14.0,76.88499999999999,41.57000000000001,6.0,762.0,0.0
81.5,13.100000000000001,82.24000000000001,51.55500000000001,6.0,613.0,0.0
57.5,12.55,86.15,62.735,8.0,423.5,0.0
34.0,12.3,89.36500000000001,74.41499999999999,4.0,221.0,0.0
16.0,11.950000000000001,90.205,86.045,4.0,45.0,0.0
0.0,10.0,90.225,127.4,4.0,0.0,1.0
0.0,9.850000000000001,90.51,133.03,2.5,0.0,8.8
0.0,9.650000000000002,90.53999999999999,134.89,0.0,0.0,14.9
0.0,9.5,90.38499999999999,132.535,0.5,0.0,18.5
0.0,9.100000000000001,90.82000000000001,126.51500000000001,2.0,0.0,21.0
0.0,8.95,90.525,117.92,3.5,0.0,23.6
0.0,9.05,90.25999999999999,107.7,7.0,0.0,24.5
0.0,9.450000000000001,88.88499999999999,96.53,5.5,0.0,13.9
48.5,10.4,87.075,84.665,7.0,57.5,1.0
213.5,11.900000000000002,84.74000000000001,72.96000000000001,7.0,242.0,1.9
382.5,13.0,78.36,61.275000000000006,7.0,447.5,0.3
608.5,13.900000000000002,73.14,50.155,4.5,631.0,0.0
650.0,14.600000000000001,69.96000000000001,40.315,7.0,773.5,0.0
813.5,15.05,68.4,33.125,3.5,862.5,0.0
795.5,15.3,68.01,30.575000000000003,7.0,896.0,0.0
755.5,15.3,68.315,33.735,7.0,865.0,0.0
662.0,15.05,69.04,41.32,5.5,768.5,0.0
543.0,14.8,70.03,51.345,7.0,615.5,0.0
361.0,14.3,72.575,62.555,7.0,423.0,0.0
199.0,13.3,80.215,74.245,1.5,216.5,0.0
32.5,12.0,89.625,85.88,7.0,42.5,0.0
0.0,10.650000000000002,96.125,127.10500000000002,7.0,0.0,2.3
0.0,10.75,95.75,132.69,7.0,0.0,9.3
0.0,10.9,94.9,134.51999999999998,7.0,0.0,15.7
0.0,10.9,94.41,132.16,7.0,0.0,20.1
0.0,10.9,93.71000000000001,126.16,7.0,0.0,23.0
0.0,10.9,93.07000000000001,117.58500000000001,6.0,0.0,15.1
0.0,10.8,92.68,107.39,7.5,0.0,8.1
0.0,10.75,92.15,96.24000000000001,7.0,0.0,5.9
7.5,11.15,90.095,84.395,4.0,56.5,6.6
134.0,12.100000000000001,86.565,72.68,5.5,234.0,3.3
345.0,13.2,78.37,60.99,7.0,436.0,0.5
271.0,13.8,74.555,49.845,4.0,624.0,0.0
236.5,14.3,72.87,39.975,7.0,772.0,0.0
341.0,14.600000000000001,72.46000000000001,32.75,4.0,867.5,0.0
402.0,14.650000000000002,72.955,30.205,5.5,902.0,0.0
462.0,14.45,74.96000000000001,33.42,4.0,860.0,0.0
220.0,14.100000000000001,77.26,41.065,4.0,767.5,0.0
197.0,13.65,79.535,51.144999999999996,4.0,620.5,0.0
162.5,13.15,82.1,62.370000000000005,4.0,432.0,0.0
78.5,12.55,85.97,74.08,4.0,226.5,0.0
27.5,11.8,91.15,85.715,1.5,48.0,0.0
0.0,10.05,95.96000000000001,126.815,4.0,0.0,3.0
0.0,10.0,95.27,132.35000000000002,3.5,0.0,6.3
0.0,10.0,94.66,134.14499999999998,7.0,0.0,7.1
0.0,10.150000000000002,93.22,131.785,7.0,0.0,11.5
0.0,10.25,91.995,125.805,7.0,0.0,13.0
0.0,10.25,91.15,117.25999999999999,7.0,0.0,10.9
0.0,10.05,91.055,107.08500000000001,7.0,0.0,12.6
0.0,9.950000000000001,90.42,95.95500000000001,7.0,0.0,12.0
56.5,10.7,88.55000000000001,84.125,5.5,67.5,6.9
201.5,11.850000000000001,85.08000000000001,72.4,5.0,257.0,4.2
338.0,12.7,78.13,60.705,5.0,464.5,3.2
319.0,13.4,73.01,49.54,4.0,651.5,0.0
433.0,13.850000000000001,71.595,39.64,3.5,788.0,0.0
375.0,14.100000000000001,71.58,32.385000000000005,3.5,880.0,0.0
768.5,14.100000000000001,72.39,29.840000000000003,1.0,910.0,0.0
872.0,14.100000000000001,72.845,33.11,0.0,872.0,0.0
663.0,13.95,73.43,40.82,1.5,774.5,0.0
503.0,13.65,74.36,50.935,8.0,623.5,0.0
358.5,13.15,76.225,62.19500000000001,5.0,431.0,0.0
223.5,12.350000000000001,80.92500000000001,73.91,0.0,223.5,0.0
35.0,11.4,87.59,85.555,7.0,47.0,0.0
0.0,10.45,93.41,126.52000000000001,7.0,0.0,3.1
0.0,10.55,93.02000000000001,132.01,7.0,0.0,7.0
0.0,10.75,92.00999999999999,133.78,6.0,0.0,10.9
0.0,10.8,90.95,131.41500000000002,6.0,0.0,11.7
0.0,10.8,89.63,125.45,6.0,0.0,8.6
0.0,10.8,90.09,116.93,7.0,0.0,4.8
0.0,10.8,90.255,106.785,4.0,0.0,5.8
0.0,10.850000000000001,89.755,95.66499999999999,4.0,0.0,5.3
29.5,11.100000000000001,89.11,83.86,4.0,70.5,4.2
103.5,11.55,88.42,72.125,4.0,261.5,6.0
87.5,12.2,86.825,60.425,5.5,469.0,3.3
155.5,12.900000000000002,84.485,49.235,7.5,653.5,0.0
72.5,13.8,81.25,39.31,7.0,791.5,0.0
103.0,14.600000000000001,79.14,32.02,7.0,879.5,0.0
97.5,15.150000000000002,78.57000000000001,29.48,7.0,901.0,0.0
184.5,14.9,81.285,32.8,6.5,859.0,0.0
137.0,14.55,84.39500000000001,40.57,7.0,759.5,0.0
85.5,14.25,86.44,50.735,6.5,610.5,0.0
39.5,14.0,87.57,62.02,7.0,424.0,0.0
16.5,13.700000000000001,88.465,73.74000000000001,7.0,222.5,0.0
13.0,13.45,89.14000000000001,85.39500000000001,7.0,48.0,0.0
0.0,12.95,88.94,126.23,7.0,0.0,3.5
0.0,12.75,89.455,131.67000000000002,6.0,0.0,8.2
0.0,12.600000000000001,89.89,133.41000000000003,6.0,0.0,10.9
0.0,12.45,90.045,131.04500000000002,6.0,0.0,13.6
0.0,12.4,89.46000000000001,125.105,6.0,0.0,16.5
0.0,12.4,89.21000000000001,116.605,6.5,0.0,18.8
0.0,12.350000000000001,88.99000000000001,106.485,7.0,0.0,15.5
0.0,12.350000000000001,88.28,95.385,7.0,0.0,17.6
21.5,12.600000000000001,87.46000000000001,83.59,7.5,72.5,8.3
53.0,13.100000000000001,87.06,71.855,4.0,261.0,15.9
161.5,13.900000000000002,85.18,60.144999999999996,6.0,466.5,9.3
290.0,14.65,82.045,48.94,6.0,650.5,0.5
71.5,15.25,79.12,38.980000000000004,7.0,795.5,0.0
174.5,15.650000000000002,77.95,31.655,6.5,884.5,0.0
151.0,15.700000000000001,78.2,29.115000000000002,7.0,912.0,0.0
125.5,15.650000000000002,79.685,32.495,6.0,873.0,0.0
142.0,15.5,81.49000000000001,40.325,6.0,776.5,0.0
122.5,15.200000000000001,83.97999999999999,50.540000000000006,6.0,627.0,0.0
107.0,14.8,87.07,61.839999999999996,6.5,440.5,0.0
63.5,14.350000000000001,90.305,73.57,6.5,235.0,0.0
13.5,13.65,92.94500000000001,85.23,7.0,53.5,0.0
0.0,12.100000000000001,95.235,125.94,2.5,0.0,3.4
0.0,11.700000000000001,96.285,131.33499999999998,3.0,0.0,10.2
0.0,11.350000000000001,96.87,133.04500000000002,1.0,0.0,16.9
0.0,11.05,97.28,130.68,1.0,0.0,21.1
0.0,10.8,97.4,124.75999999999999,1.0,0.0,23.3
0.0,10.650000000000002,97.375,116.29,4.0,0.0,25.7
0.0,10.55,96.83000000000001,106.185,4.0,0.0,25.1
0.0,10.7,94.94,95.105,4.0,0.0,22.3
9.5,11.850000000000001,91.45,83.33,4.0,80.0,21.1
113.0,13.200000000000001,88.85,71.58500000000001,3.5,273.0,17.2
223.0,14.8,83.83500000000001,59.870000000000005,3.0,479.0,9.7
486.0,16.4,76.405,48.645,2.5,663.0,0.7
800.5,17.8,70.00999999999999,38.650000000000006,0.0,800.5,0.0
807.0,18.950000000000003,65.065,31.295,1.0,889.0,0.0
915.0,19.900000000000002,60.97,28.759999999999998,0.0,915.0,0.0
877.0,20.5,58.30500000000001,32.19,0.0,877.0,0.0
728.0,20.650000000000002,57.435,40.09,4.0,777.5,0.0
575.5,20.200000000000003,59.3,50.34,4.0,626.0,0.0
394.0,19.15,65.19,61.665000000000006,4.5,431.5,0.0
149.5,17.55,75.42500000000001,73.41,4.0,227.5,0.0
51.5,15.5,86.39,85.065,0.5,51.5,0.0
0.0,13.0,94.155,125.64500000000001,4.0,0.0,1.3
0.0,12.650000000000002,95.13,131.005,4.0,0.0,4.1
0.0,12.3,96.03999999999999,132.68,4.0,0.0,3.7
0.0,11.9,97.255,130.315,4.0,0.0,4.8
0.0,11.55,98.055,124.415,7.0,0.0,4.9
0.0,11.25,98.315,115.97,5.5,0.0,5.2
0.0,11.0,98.28999999999999,105.89,4.0,0.0,3.1
0.0,11.100000000000001,96.36,94.825,4.0,0.0,2.0
69.0,12.25,92.08000000000001,83.065,5.0,78.0,2.7
265.0,13.400000000000002,88.29,71.325,0.0,265.0,0.2
210.5,14.65,84.46000000000001,59.595,6.0,468.5,0.0
329.0,15.8,78.785,48.355000000000004,5.5,649.5,0.0
532.5,16.450000000000003,75.02000000000001,38.325,3.5,785.5,0.0
517.5,16.55,74.045,30.939999999999998,4.0,872.5,0.0
361.5,16.25,73.915,28.405,4.0,901.5,0.0
213.0,15.65,74.525,31.884999999999998,4.0,858.0,0.0
202.5,15.05,75.42500000000001,39.85,4.0,764.5,0.0
389.5,14.5,76.715,50.144999999999996,3.0,619.5,0.0
376.0,13.75,79.81,61.49,1.5,435.0,0.0
63.5,12.7,85.375,73.24000000000001,3.0,233.5,0.0
48.5,11.8,90.35,84.9,2.0,53.5,0.0
0.0,11.200000000000001,91.22999999999999,125.355,3.5,0.0,1.7
0.0,10.95,91.005,130.67000000000002,4.0,0.0,3.9
0.0,10.75,90.55000000000001,132.325,7.0,0.0,4.7
0.0,10.600000000000001,90.4,129.95499999999998,5.0,0.0,5.1
0.0,10.45,90.33500000000001,124.075,2.0,0.0,5.4
0.0,10.4,90.07000000000001,115.655,2.5,0.0,5.2
0.0,10.4,90.245,105.6,4.0,0.0,5.2
0.0,10.65,88.83500000000001,94.55000000000001,4.0,0.0,4.9
17.5,11.75,86.025,82.805,4.0,81.5,5.0
61.0,12.65,81.935,71.06,4.0,273.5,4.4
129.5,13.200000000000001,78.70500000000001,59.325,4.0,477.0,1.9
258.0,13.700000000000001,76.08000000000001,48.07,5.5,659.5,0.0
353.5,14.05,74.68,38.005,5.5,800.0,0.0
480.5,14.150000000000002,74.86000000000001,30.585,5.0,886.5,0.0
297.5,14.05,75.66499999999999,28.05,5.5,910.5,0.0
316.0,13.850000000000001,76.61,31.59,4.0,870.5,0.0
438.0,13.75,77.055,39.615,4.0,773.0,0.0
200.5,13.5,78.485,49.95,4.0,624.0,0.0
147.5,13.15,80.385,61.32000000000001,4.0,438.0,0.0
26.0,12.600000000000001,84.11000000000001,73.075,4.0,234.5,0.0
19.5,12.0,88.86500000000001,84.735,2.5,56.0,0.0
0.0,11.650000000000002,93.11500000000001,125.075,6.0,0.0,2.2
0.0,11.700000000000001,93.29,130.34,4.0,0.0,5.7
0.0,11.8,93.11,131.97,4.0,0.0,7.9
0.0,11.75,92.96000000000001,129.60000000000002,6.0,0.0,9.6
0.0,11.650000000000002,93.06,123.735,8.0,0.0,10.5
0.0,11.55,91.91499999999999,115.34,7.0,0.0,11.1
0.0,11.25,92.225,105.31,7.5,0.0,11.6
0.0,11.150000000000002,91.63499999999999,94.275,7.5,0.0,9.1
9.0,11.350000000000001,90.075,82.55000000000001,5.5,85.0,8.1
14.0,11.4,88.465,70.80000000000001,4.0,275.0,6.0
123.5,11.45,86.11500000000001,59.06,4.0,479.5,0.9
323.5,11.700000000000001,81.86500000000001,47.785,3.5,666.0,0.0
462.0,12.100000000000001,77.43,37.69500000000001,4.0,813.0,0.0
904.5,12.5,74.705,30.235,0.0,904.5,0.0
527.5,12.700000000000001,73.65,27.700000000000003,4.0,934.5,0.0
756.0,12.650000000000002,73.94,31.3,2.0,899.5,0.0
243.0,12.350000000000001,75.25999999999999,39.38,4.0,798.5,0.0
335.5,11.8,77.47,49.760000000000005,6.0,646.5,0.0
453.5,11.0,79.675,61.150000000000006,0.0,453.5,0.0
119.0,10.3,80.595,72.91,4.0,243.5,0.0
41.0,9.65,82.14500000000001,84.57,2.0,59.5,0.0
0.0,8.95,84.845,124.785,1.0,0.0,1.4
0.0,8.850000000000001,84.195,130.01,1.0,0.0,9.0
0.0,8.600000000000001,83.92,131.615,4.0,0.0,17.5
0.0,8.3,83.68,129.245,2.0,0.0,22.2
0.0,7.9,85.055,123.4,0.0,0.0,25.1
0.0,7.450000000000001,86.92,115.03,0.0,0.0,26.8
0.0,6.95,88.59,105.025,0.0,0.0,27.0
0.0,7.1000000000000005,87.20500000000001,94.01,0.0,0.0,26.1
71.5,8.35,84.985,82.295,1.0,88.0,22.8
214.0,9.350000000000001,80.065,70.545,3.5,286.0,16.7
369.0,10.5,73.11500000000001,58.795,4.0,496.0,8.4
554.0,11.65,66.555,47.5,5.5,683.0,0.8
795.0,12.7,61.370000000000005,37.385000000000005,3.5,834.5,0.0
922.5,13.55,57.42,29.89,0.0,922.5,0.0
949.5,14.25,54.225,27.355,0.0,949.5,0.0
913.0,14.650000000000002,52.935,31.005000000000003,0.0,913.0,0.0
815.0,14.8,53.34,39.150000000000006,0.0,815.0,0.0
662.5,14.650000000000002,54.285,49.57000000000001,0.0,662.5,0.0
470.0,14.2,56.0,60.980000000000004,0.0,470.0,0.0
257.5,13.100000000000001,62.905,72.75,0.0,257.5,0.0
66.5,11.3,75.92500000000001,84.405,0.0,66.5,0.0
0.0,9.100000000000001,86.245,124.495,0.0,0.0,3.7
0.0,8.7,88.035,129.69,0.0,0.0,10.4
0.0,8.3,89.89500000000001,131.265,0.0,0.0,16.6
0.0,7.95,91.2,128.895,0.0,0.0,20.7
0.0,7.65,91.79,123.065,0.0,0.0,24.3
0.0,7.4,92.31,114.725,0.0,0.0,25.0
0.0,7.15,92.69999999999999,104.74000000000001,0.0,0.0,17.6
0.0,7.45,89.825,93.74000000000001,0.0,0.0,4.4
100.0,9.4,82.65,82.03999999999999,0.0,100.0,0.7
304.0,11.350000000000001,73.11,70.295,0.0,304.0,0.2
517.5,13.200000000000001,59.97,58.540000000000006,0.0,517.5,0.0
707.0,14.7,52.235,47.225,0.0,707.0,0.0
856.0,15.8,49.64,37.075,0.0,856.0,0.0
943.5,16.55,49.120000000000005,29.545,0.0,943.5,0.0
967.5,17.1,48.81,27.015,0.0,967.5,0.0
925.0,17.5,48.300000000000004,30.715,0.0,925.0,0.0
824.5,17.55,48.95,38.925,0.0,824.5,0.0
667.5,17.25,51.07000000000001,49.385000000000005,0.0,667.5,0.0
475.0,16.5,55.85,60.815,0.0,475.0,0.0
262.5,15.05,66.19,72.58500000000001,0.0,262.5,0.0
69.0,12.9,80.355,84.25,0.0,69.0,0.0
0.0,10.200000000000001,94.305,124.215,0.0,0.0,3.8
0.0,9.8,96.155,129.36,0.0,0.0,10.9
0.0,9.5,96.93,130.91500000000002,0.0,0.0,17.2
0.0,9.15,97.92,128.54500000000002,0.0,0.0,22.0
0.0,8.95,98.16,122.74000000000001,0.0,0.0,25.7
0.0,8.850000000000001,97.58500000000001,114.42000000000002,0.0,0.0,27.7
0.0,8.75,97.105,104.46000000000001,0.0,0.0,27.2
0.0,9.100000000000001,93.4,93.18,0.0,0.0,25.1
103.0,10.700000000000001,87.42,81.795,0.5,103.0,21.1
303.5,12.4,79.47999999999999,70.045,0.0,303.5,6.6
513.5,14.3,72.435,58.28,0.0,513.5,0.0
696.0,16.150000000000002,65.11,46.955,0.0,696.0,0.0
842.5,17.85,56.875,36.769999999999996,0.0,842.5,0.0
929.5,19.150000000000002,52.870000000000005,29.205,0.0,929.5,0.0
954.5,20.050000000000004,49.925,26.67,0.0,954.5,0.0
916.5,20.5,48.82,30.43,0.0,916.5,0.0
816.0,20.35,49.785,38.7,0.0,816.0,0.0
662.5,19.6,53.265,49.19500000000001,0.0,662.5,0.0
470.5,18.35,60.085,60.644999999999996,0.0,470.5,0.0
259.0,16.450000000000003,71.12,72.425,0.0,259.0,0.0
68.0,14.05,83.88,84.08000000000001,0.0,68.0,0.0
0.0,11.200000000000001,96.87,123.93,0.0,0.0,3.8
0.0,11.200000000000001,97.04,129.04000000000002,0.5,0.0,10.7
0.0,11.150000000000002,97.41,130.57,0.0,0.0,17.1
0.0,10.95,98.55,128.2,0.0,0.0,22.2
0.0,10.75,99.0,122.41499999999999,0.0,0.0,25.6
0.0,10.600000000000001,98.83,114.125,0.0,0.0,27.5
0.0,10.55,98.14500000000001,104.185,4.0,0.0,26.8
0.0,10.850000000000001,95.63499999999999,92.95,0.5,0.0,25.6
83.0,11.900000000000002,91.47,81.55000000000001,7.5,102.0,22.3
240.0,13.100000000000001,85.35499999999999,69.80000000000001,5.5,302.0,17.2
342.5,14.3,80.13,58.035000000000004,5.0,512.0,9.9
578.5,15.55,76.59,46.69,5.5,698.5,1.1
841.5,16.75,71.205,36.475,0.0,841.5,0.0
929.5,17.6,68.00999999999999,28.87,0.5,929.5,0.0
872.5,17.900000000000002,67.13,26.330000000000002,1.5,950.5,0.0
899.5,17.8,67.78,30.145,0.5,899.5,0.0
750.0,17.450000000000003,68.89,38.480000000000004,4.0,799.0,0.0
648.0,16.75,71.36,49.010000000000005,1.0,648.0,0.0
458.0,15.75,75.46000000000001,60.480000000000004,0.5,458.0,0.0
251.0,14.350000000000001,81.605,72.265,0.0,251.0,0.0
66.0,12.8,88.95,83.92,0.0,66.0,0.0
0.0,11.25,95.735,123.65,0.0,0.0,3.7
0.0,11.3,95.45,128.72500000000002,0.0,0.0,10.2
0.0,11.3,95.5,130.23000000000002,0.0,0.0,16.9
0.0,11.200000000000001,96.09,127.86500000000001,0.0,0.0,21.3
0.0,11.100000000000001,96.66,122.09,0.0,0.0,24.7
0.0,10.95,97.07,113.82499999999999,4.0,0.0,26.4
0.0,10.75,97.635,103.91,3.5,0.0,26.4
0.0,10.900000000000002,95.785,92.71000000000001,7.0,0.0,24.8
17.0,12.15,90.265,81.31,6.0,104.0,21.9
128.0,13.15,86.16,69.56,6.5,300.5,12.6
476.0,14.0,83.825,57.785000000000004,3.5,502.5,3.8
603.5,14.8,81.66,46.425,2.5,681.5,0.0
638.0,15.55,79.005,36.18,4.0,822.5,0.0
691.5,16.15,77.265,28.54,5.5,906.0,0.0
930.5,16.65,75.64,26.0,0.0,930.5,0.0
887.5,16.75,75.17,29.865000000000002,0.0,887.5,0.0
788.0,16.35,76.52000000000001,38.255,0.0,788.0,0.0
637.5,15.55,78.95,48.83,0.0,637.5,0.0
450.0,14.5,82.035,60.32,0.0,450.0,0.0
245.5,13.2,85.85,72.105,0.5,245.5,0.0
63.5,12.15,88.795,83.75999999999999,1.0,63.5,0.0
0.0,11.05,91.19,115.63,0.5,0.0,0.1
0.0,10.9,91.3,123.37,1.0,0.0,3.0
0.0,11.0,90.08,128.405,1.5,0.0,3.4
0.0,11.0,89.61,129.89499999999998,0.0,0.0,5.2
0.0,11.100000000000001,89.09,127.525,0.0,0.0,2.4
0.0,11.05,89.545,121.775,0.0,0.0,3.2
0.0,10.95,90.13,113.53,0.0,0.0,3.3
0.0,10.8,90.43,103.635,0.0,0.0,3.2
0.0,10.950000000000001,89.35,92.475,0.5,0.0,5.2
47.0,11.75,85.58500000000001,81.07,2.0,98.0,3.5
55.5,12.350000000000001,81.39,69.32,3.0,289.5,1.7
155.5,13.100000000000001,77.96000000000001,57.545,3.0,492.0,0.1
231.0,14.05,74.26,46.165000000000006,3.0,673.0,0.0
386.5,15.0,71.07499999999999,35.89,2.5,816.0,0.0
782.0,15.8,69.23,28.21,1.0,903.0,0.0
689.0,16.25,68.23,25.665,5.5,929.5,0.0
763.0,16.35,68.205,29.59,4.5,890.5,0.0
653.0,16.25,68.64,38.035,7.5,791.5,0.0
638.0,15.850000000000001,70.06,48.650000000000006,0.5,638.0,0.0
450.0,15.2,72.315,60.155,0.0,450.0,0.0
246.5,14.400000000000002,75.96000000000001,71.945,0.0,246.5,0.0
66.0,13.450000000000001,81.545,83.6,1.0,66.0,0.0
0.0,11.600000000000001,88.98500000000001,123.09,0.0,0.0,0.4
0.0,11.350000000000001,90.265,128.09,0.0,0.0,3.5
0.0,11.100000000000001,91.92500000000001,129.555,1.0,0.0,5.0
0.0,10.850000000000001,93.74000000000001,127.19,2.5,0.0,17.0
0.0,10.75,94.405,121.46000000000001,4.0,0.0,12.6
0.0,10.650000000000002,93.845,113.245,4.0,0.0,3.3
0.0,10.55,92.97,103.37,4.0,0.0,3.2
0.0,10.850000000000001,90.265,92.245,2.5,0.0,2.2
47.5,11.900000000000002,86.38,80.83500000000001,4.0,105.5,1.0
88.5,12.8,80.82499999999999,69.09,4.0,296.5,3.6
58.5,13.600000000000001,77.61500000000001,57.31,4.0,494.5,0.0
123.0,14.350000000000001,75.28,45.91,4.0,672.0,0.0
131.5,14.75,74.845,35.6,3.0,805.5,0.0
343.5,14.95,74.74000000000001,27.884999999999998,3.0,891.0,0.0
717.5,15.100000000000001,74.67,25.34,2.0,915.5,0.0
666.0,15.100000000000001,74.63,29.315,2.0,882.5,0.0
440.5,15.05,75.16,37.825,2.0,785.0,0.0
488.0,14.850000000000001,75.88,48.47,1.5,635.5,0.0
447.5,14.350000000000001,77.56,59.995000000000005,1.0,447.5,0.0
186.0,13.600000000000001,80.84,71.78999999999999,1.0,247.0,0.0
68.0,12.8,85.74000000000001,83.43,0.5,68.0,0.0
0.0,11.55,93.195,115.15,0.0,0.0,0.1
0.0,11.4,93.94,122.815,0.0,0.0,3.7
0.0,11.25,94.36,127.78,0.5,0.0,10.6
0.0,11.100000000000001,94.56,129.22,1.0,0.0,16.9
0.0,11.0,94.58,126.86,0.5,0.0,20.9
0.0,11.05,93.8,121.15,0.5,0.0,24.1
0.0,11.100000000000001,93.09,112.95500000000001,0.5,0.0,25.5
0.0,11.200000000000001,91.51,103.105,0.0,0.0,25.4
4.0,11.5,89.345,92.00999999999999,0.0,4.0,24.1
35.5,12.200000000000001,86.245,80.605,1.5,109.5,19.8
31.5,12.600000000000001,82.30000000000001,68.86000000000001,3.0,302.5,8.1
78.0,13.0,79.61,57.075,3.0,504.5,3.5
149.0,13.3,78.095,45.655,3.0,685.5,0.0
257.0,13.75,76.16,35.32,3.0,823.5,0.0
147.0,14.3,74.2,27.565,3.0,909.5,0.0
219.5,14.700000000000001,72.575,25.015,3.0,936.0,0.0
229.5,14.95,72.065,29.045,3.0,892.5,0.0
187.5,15.100000000000001,71.89500000000001,37.61,3.0,794.5,0.0
165.5,14.9,72.475,48.295,3.0,644.5,0.0
177.5,14.25,74.6,59.83,8.0,457.0,0.0
119.5,13.350000000000001,78.265,71.63,5.0,253.5,0.0
64.0,12.350000000000001,83.47,83.27000000000001,3.5,71.0,0.0
0.0,10.45,91.39500000000001,114.91,7.0,0.0,0.1
0.0,10.3,91.16,122.54,0.5,0.0,3.8
0.0,10.3,90.42,127.465,0.0,0.0,10.9
0.0,10.3,89.61,128.895,1.0,0.0,17.3
0.0,10.25,89.035,126.535,4.0,0.0,21.5
0.0,10.200000000000001,88.54,120.845,7.0,0.0,24.4
0.0,10.200000000000001,87.84,112.67500000000001,7.0,0.0,26.3
0.0,10.200000000000001,87.25,102.85000000000001,7.0,0.0,26.2
1.5,10.450000000000001,85.36000000000001,91.785,7.0,5.0,25.3
25.0,11.05,84.83,80.375,7.0,110.5,21.3
39.0,11.600000000000001,80.155,68.635,7.0,299.5,17.1
117.5,12.05,77.42,56.845,7.0,497.5,9.9
268.5,12.55,75.465,45.41,7.0,674.5,1.7
325.5,13.100000000000001,73.7,35.05,6.0,813.0,0.0
420.5,13.45,73.295,27.255000000000003,7.0,894.5,0.0
512.0,13.700000000000001,73.53,24.700000000000003,7.0,916.0,0.0
667.0,13.850000000000001,74.00999999999999,28.78,7.0,881.5,0.0
551.0,13.9,74.72,37.4,7.0,785.5,0.0
340.5,13.8,76.17500000000001,48.120000000000005,6.5,637.0,0.0
275.5,13.350000000000001,79.245,59.67,7.0,450.0,0.0
174.0,12.7,83.43,71.47,7.0,248.0,0.0
54.0,11.850000000000001,88.765,83.11000000000001,7.0,69.0,0.0
0.0,10.5,96.99000000000001,122.265,7.0,0.0,3.4
0.0,10.4,98.22,127.16,7.0,0.0,10.7
0.0,10.350000000000001,99.07000000000001,128.57,7.0,0.0,17.8
0.0,10.25,99.745,126.21000000000001,4.0,0.0,22.9
0.0,10.100000000000001,100.0,120.53999999999999,0.5,0.0,26.3
0.0,10.0,100.0,112.39500000000001,0.0,0.0,27.8
0.0,10.05,99.74000000000001,102.595,0.5,0.0,27.9
4.0,10.5,96.94,91.56,0.5,4.0,26.3
79.5,11.850000000000001,91.29,80.155,4.0,107.0,22.9
88.5,13.05,86.98,68.415,3.0,296.5,17.9
409.5,14.65,81.985,56.620000000000005,2.0,500.0,10.5
608.0,16.0,77.87,45.175,2.0,681.5,2.0
843.5,17.1,74.505,34.78,1.0,843.5,0.0
853.5,17.950000000000003,71.97,26.939999999999998,1.0,929.0,0.0
953.0,18.5,70.32,24.380000000000003,0.0,953.0,0.0
915.5,18.85,69.295,28.515,0.0,915.5,0.0
814.0,18.8,70.105,37.195,0.0,814.0,0.0
662.0,18.3,72.61,47.945,0.0,662.0,0.0
472.0,17.200000000000003,77.98,59.515,0.0,472.0,0.0
264.5,15.600000000000001,85.26,71.32,0.0,264.5,0.0
77.0,13.8,92.385,82.95,0.0,77.0,0.0
0.0,12.200000000000001,94.42,114.44,0.0,0.0,0.2
0.0,11.9,95.34,121.995,0.0,0.0,4.2
0.0,11.650000000000002,96.135,126.86,0.0,0.0,11.2
0.0,11.350000000000001,97.50999999999999,128.25,0.0,0.0,17.7
0.0,11.200000000000001,97.82000000000001,125.89500000000001,0.0,0.0,22.3
0.0,11.100000000000001,97.9,120.24000000000001,0.0,0.0,25.6
0.0,11.0,98.49000000000001,112.12,0.0,0.0,27.6
0.0,11.0,98.4,102.34,0.0,0.0,27.7
7.0,11.5,95.31,91.33500000000001,0.0,7.0,26.4
126.0,13.3,89.045,79.935,0.0,126.0,23.0
327.5,14.850000000000001,83.81,68.19999999999999,0.0,327.5,17.8
533.0,16.65,78.58000000000001,56.4,0.0,533.0,10.5
713.5,18.25,72.93,44.94,0.0,713.5,2.2
855.0,19.450000000000003,70.23500000000001,34.51,0.0,855.0,0.0
940.0,20.300000000000004,68.2,26.634999999999998,0.0,940.0,0.0
964.0,20.800000000000004,67.06,24.065,0.0,964.0,0.0
923.0,21.1,66.11,28.255000000000003,0.0,923.0,0.0
824.0,21.1,66.055,36.995000000000005,0.0,824.0,0.0
674.0,20.6,68.045,47.775,0.0,674.0,0.0
485.5,19.5,73.185,59.36,0.0,485.5,0.0
277.5,17.85,80.65,71.16,0.0,277.5,0.0
85.0,15.75,88.705,82.795,0.0,85.0,0.0
0.0,12.9,95.375,114.20500000000001,0.0,0.0,0.2
0.0,12.650000000000002,95.595,121.725,0.0,0.0,4.2
0.0,12.45,95.665,126.555,0.0,0.0,11.4
0.0,12.3,95.66,127.935,0.0,0.0,17.8
0.0,12.150000000000002,96.025,125.58,0.0,0.0,22.4
0.0,11.95,96.73500000000001,119.945,0.0,0.0,25.3
0.0,11.850000000000001,96.97,111.855,0.0,0.0,26.4
0.0,11.700000000000001,97.60000000000001,102.095,0.0,0.0,26.7
8.0,12.05,95.43,91.12,0.0,8.0,25.3
82.5,13.5,90.155,79.72,1.5,130.0,21.4
186.5,14.75,86.175,67.99000000000001,3.0,328.0,10.1
324.0,16.200000000000003,82.465,56.18,3.0,532.0,0.1
491.5,17.650000000000002,78.80000000000001,44.705,3.0,712.0,1.6
848.0,18.65,76.265,34.25,0.0,848.0,0.0
930.5,19.300000000000004,74.91499999999999,26.335,0.0,930.5,0.0
954.0,19.650000000000002,74.34,23.759999999999998,0.0,954.0,0.0
916.5,19.8,74.22,28.0,0.0,916.5,0.0
669.5,19.700000000000003,74.725,36.795,1.5,815.5,0.0
382.5,19.200000000000003,76.5,47.605000000000004,3.0,665.5,0.0
220.0,18.25,79.64,59.205,3.0,476.0,0.0
161.0,16.7,84.805,71.01,2.0,272.0,0.0
31.5,14.9,90.08,82.635,1.5,83.5,0.0
0.0,12.3,94.055,113.97,1.5,0.0,0.3
0.0,12.05,94.05,121.46000000000001,0.5,0.0,4.7
0.0,11.850000000000001,94.19,126.26,0.5,0.0,12.4
0.0,11.700000000000001,94.28,127.62,1.0,0.0,17.9
0.0,11.700000000000001,93.87,125.27000000000001,0.0,0.0,17.0
0.0,11.700000000000001,93.85000000000001,119.655,0.0,0.0,13.6
0.0,11.700000000000001,93.85000000000001,111.58500000000001,0.5,0.0,20.3
0.0,11.700000000000001,93.86,101.85,0.0,0.0,3.4
8.5,11.900000000000002,92.85,90.9,0.0,8.5,3.1
49.0,12.600000000000001,89.455,79.51,1.5,130.0,3.6
45.0,13.25,86.94,67.78,3.0,323.5,1.6
79.5,13.950000000000001,84.7,55.975,3.0,527.0,9.9
160.5,14.8,82.695,44.480000000000004,3.0,706.5,0.0
202.5,15.75,80.315,33.99,3.0,851.5,0.0
267.0,16.700000000000003,78.30000000000001,26.04,3.0,935.5,0.0
316.0,17.4,77.315,23.45,3.0,956.0,0.0
324.5,17.85,76.995,27.744999999999997,3.0,915.5,0.0
405.0,18.2,76.95,36.595,3.0,813.5,0.0
398.5,18.200000000000003,77.905,47.44,3.0,663.5,0.0
395.5,17.650000000000002,80.89,59.045,1.5,477.0,0.0
207.0,16.5,86.255,70.85499999999999,2.0,273.5,0.0
85.5,14.900000000000002,92.86000000000001,82.475,0.0,85.5,0.0
0.0,12.9,95.495,113.74000000000001,0.0,0.0,0.1
0.0,12.600000000000001,96.105,121.195,0.0,0.0,4.5
0.0,12.350000000000001,96.575,125.97,0.0,0.0,12.0
0.0,12.100000000000001,97.31,127.31,0.0,0.0,18.0
0.0,11.850000000000001,98.525,124.965,0.0,0.0,21.4
0.0,11.8,98.96000000000001,119.37,0.0,0.0,25.3
0.0,11.95,98.775,111.325,0.0,0.0,27.2
0.0,12.150000000000002,98.275,101.61500000000001,0.0,0.0,27.7
8.5,12.75,95.38,90.685,0.0,8.5,26.1
128.0,14.4,89.935,79.3,0.5,128.0,21.8
324.0,16.05,84.18,67.575,0.0,324.0,2.7
526.5,17.9,77.51500000000001,55.765,0.0,526.5,4.0
706.5,19.550000000000004,72.345,44.260000000000005,0.0,706.5,0.9
853.5,20.700000000000003,69.005,33.74,0.0,853.5,0.0
938.0,21.300000000000004,67.14,25.745,0.0,938.0,0.0
963.5,21.6,65.45,23.15,0.0,963.5,0.0
925.5,21.650000000000002,64.035,27.495,0.0,925.5,0.0
827.0,21.400000000000002,63.665,36.395,0.0,827.0,0.0
677.5,20.6,65.71000000000001,47.27,0.0,677.5,0.0
491.0,19.200000000000003,70.81,58.895,0.0,491.0,0.0
283.0,17.200000000000003,78.34,70.70500000000001,0.0,283.0,0.0
90.0,15.0,85.63499999999999,82.315,0.0,90.0,0.0
0.0,11.4,93.83000000000001,120.93,0.0,0.0,4.4
0.0,11.100000000000001,94.47500000000001,125.67500000000001,0.0,0.0,11.4
0.0,10.700000000000001,95.82000000000001,127.005,0.0,0.0,17.6
0.0,10.3,97.345,124.66499999999999,0.0,0.0,21.9
0.0,10.0,97.975,119.09,0.0,0.0,25.2
0.0,9.8,97.97,111.065,0.0,0.0,25.8
0.0,9.8,96.995,101.38,0.0,0.0,11.6
10.5,10.45,92.775,90.475,0.0,10.5,6.0
141.0,12.200000000000001,86.45500000000001,79.1,0.0,141.0,0.7
344.5,13.95,79.715,67.38,0.0,344.5,15.6
552.5,16.0,73.34,55.565,0.0,552.5,7.6
735.0,17.9,69.03,44.045,0.0,735.0,0.5
872.5,19.400000000000002,66.415,33.5,0.0,872.5,0.0
958.0,20.5,64.06,25.46,0.0,958.0,0.0
983.5,21.150000000000002,62.120000000000005,22.85,0.0,983.5,0.0
948.5,21.300000000000004,60.94,27.25,0.0,948.5,0.0
847.0,20.85,61.865,36.205,0.0,847.0,0.0
694.5,20.05,63.815,47.11,0.0,694.5,0.0
503.5,18.9,68.0,58.745000000000005,0.0,503.5,0.0
292.5,17.1,75.38,70.555,0.0,292.5,0.0
94.0,14.75,85.295,82.16,0.0,94.0,0.0
0.0,11.600000000000001,93.535,113.285,0.0,0.0,0.1
0.0,11.200000000000001,94.91,120.67500000000001,0.0,0.0,4.4
0.0,10.9,95.61500000000001,125.39,0.0,0.0,11.5
0.0,10.650000000000002,96.14000000000001,126.70500000000001,0.0,0.0,17.7
0.0,10.45,96.77000000000001,124.37,0.0,0.0,21.7
0.0,10.4,96.63,118.815,0.0,0.0,25.1
0.0,10.4,96.19,110.81,0.0,0.0,27.1
0.0,10.4,95.27,101.14500000000001,0.0,0.0,27.4
11.0,10.95,90.985,90.27000000000001,0.5,11.0,25.7
142.5,12.8,83.13,78.9,0.0,142.5,22.5
347.5,14.45,76.14000000000001,67.185,0.0,347.5,17.6
555.0,16.35,69.185,55.370000000000005,0.0,555.0,10.5
738.0,18.15,64.195,43.835,0.0,738.0,2.6
878.5,19.75,60.120000000000005,33.260000000000005,0.0,878.5,0.0
962.5,21.0,57.25,25.175,0.0,962.5,0.0
984.5,21.800000000000004,55.405,22.560000000000002,0.0,984.5,0.0
944.0,22.150000000000002,54.25,27.005000000000003,0.0,944.0,0.0
842.0,21.85,54.910000000000004,36.015,0.0,842.0,0.0
690.5,21.050000000000004,57.5,46.95,0.0,690.5,0.0
500.5,19.55,63.19499999999999,58.595,0.0,500.5,0.0
291.0,17.4,72.785,70.405,0.0,291.0,0.0
96.0,14.95,82.935,82.0,0.0,96.0,0.0
0.0,11.450000000000001,93.245,113.06,0.0,0.0,0.1
0.0,11.0,94.87,120.415,0.0,0.0,4.5
0.0,10.700000000000001,95.715,125.105,0.0,0.0,11.9
0.0,10.350000000000001,96.88,126.405,0.0,0.0,18.5
0.0,10.200000000000001,97.15,124.08000000000001,2.0,0.0,23.3
0.0,10.200000000000001,96.60000000000001,118.53999999999999,2.0,0.0,26.5
0.0,10.200000000000001,95.79,110.565,2.0,0.0,27.6
0.0,10.25,95.09,100.92000000000002,1.0,0.0,27.6
3.5,10.65,92.935,90.065,3.0,11.5,25.7
15.0,11.350000000000001,89.305,78.70500000000001,3.0,140.0,21.9
89.0,11.900000000000002,87.105,66.995,3.0,338.0,16.9
129.5,12.65,83.9,55.175000000000004,3.0,541.0,10.3
151.5,13.400000000000002,81.045,43.629999999999995,3.0,721.5,1.8
215.0,14.0,79.21000000000001,33.025,3.0,867.0,0.0
335.0,14.5,77.38499999999999,24.9,3.0,950.5,0.0
429.0,14.9,75.815,22.275,3.0,971.0,0.0
507.5,15.100000000000001,75.16,26.765,3.0,934.5,0.0
370.0,15.05,75.49000000000001,35.825,3.0,834.0,0.0
373.0,14.75,76.425,46.79,3.0,683.0,0.0
259.5,14.2,78.195,58.445,3.0,493.5,0.0
126.0,13.3,81.445,70.255,3.0,286.5,0.0
94.5,12.15,86.51,81.85,0.5,94.5,0.0
0.0,10.9,91.5,112.83500000000001,0.0,0.0,0.1
0.0,10.9,91.37,120.16499999999999,0.0,0.0,4.5
0.0,11.0,91.03,124.83000000000001,0.0,0.0,11.8
0.0,11.100000000000001,90.84,126.11500000000001,0.0,0.0,17.4
0.0,11.100000000000001,90.87,123.795,0.0,0.0,20.3
0.0,11.100000000000001,90.745,118.275,0.0,0.0,21.5
0.0,11.200000000000001,90.05,110.32,0.0,0.0,22.3
0.0,11.25,89.63,100.7,0.5,0.0,21.1
12.0,11.5,87.855,89.87,2.0,12.0,1.8
86.5,12.05,83.91499999999999,78.515,3.0,139.5,0.8
335.0,12.75,80.555,66.81,0.0,335.0,2.0
274.5,13.7,77.39500000000001,54.99,3.0,535.0,0.3
268.5,14.850000000000001,74.3,43.43,3.0,713.0,0.2
468.0,15.8,72.67500000000001,32.795,3.0,852.0,0.0
936.0,16.65,71.58000000000001,24.630000000000003,0.0,936.0,0.0
962.0,17.3,70.95,21.990000000000002,0.0,962.0,0.0
924.0,17.5,71.45,26.53,0.0,924.0,0.0
824.5,17.4,72.405,35.635000000000005,0.0,824.5,0.0
676.0,16.950000000000003,74.23,46.629999999999995,0.0,676.0,0.0
489.5,16.150000000000002,77.095,58.3,0.0,489.5,0.0
284.0,14.9,81.655,70.11,0.5,284.0,0.0
95.0,13.450000000000001,86.89500000000001,81.695,0.5,95.0,0.0
0.0,11.600000000000001,93.7,112.61500000000001,2.0,0.0,0.1
0.0,11.5,94.08,119.91,3.0,0.0,4.6
0.0,11.55,93.035,124.555,3.0,0.0,12.0
0.0,11.600000000000001,91.61,125.825,3.0,0.0,18.4
0.0,11.600000000000001,90.8,123.50999999999999,2.0,0.0,23.0
0.0,11.600000000000001,90.29,118.01,3.0,0.0,26.2
0.0,11.55,90.14,110.08500000000001,2.0,0.0,27.8
0.0,11.5,90.08,100.48,2.0,0.0,28.1
4.5,11.55,89.39500000000001,89.67,3.0,14.0,26.4
14.0,11.75,87.53,78.33000000000001,3.0,150.0,21.2
33.5,12.05,85.905,66.625,3.0,350.5,16.0
103.5,12.450000000000001,84.38,54.805,3.0,555.0,5.8
131.0,13.100000000000001,82.02000000000001,43.24,3.0,735.5,0.0
180.0,13.850000000000001,79.75,32.575,3.0,879.5,0.0
202.0,14.5,77.68,24.36,3.0,963.0,0.0
227.0,14.95,76.025,21.705000000000002,3.0,987.0,0.0
261.0,15.05,75.61500000000001,26.3,3.0,950.0,0.0
285.0,14.8,76.21000000000001,35.455,3.0,850.0,0.0
206.5,14.450000000000001,77.16499999999999,46.47,3.0,699.0,0.0
255.5,13.900000000000002,78.955,58.155,3.0,506.0,0.0
150.0,13.0,82.70500000000001,69.96000000000001,3.0,297.0,0.0
101.0,11.850000000000001,88.19,81.54,0.5,101.0,0.0
0.0,10.850000000000001,92.275,112.39500000000001,3.0,0.0,0.1
0.0,10.75,92.66,119.66499999999999,0.0,0.0,3.8
0.0,10.700000000000001,92.64,124.28,3.0,0.0,11.9
0.0,10.700000000000001,92.08500000000001,125.545,3.0,0.0,18.7
0.0,10.650000000000002,91.945,123.23500000000001,3.0,0.0,23.4
0.0,10.600000000000001,91.91,117.75,3.0,0.0,25.4
0.0,10.600000000000001,91.76,109.85,2.0,0.0,27.1
0.0,10.600000000000001,91.51,100.275,2.0,0.0,27.6
14.0,10.75,89.995,89.48500000000001,2.0,14.0,25.8
24.0,11.100000000000001,87.33,78.15,3.0,147.0,21.8
121.0,11.450000000000001,85.505,66.455,3.0,343.5,5.5
205.5,12.100000000000001,82.89500000000001,54.629999999999995,3.0,545.5,0.1
333.5,12.8,80.37,43.05,3.0,722.0,0.1
503.5,13.55,77.885,32.355,3.0,865.0,0.0
652.5,14.5,75.28,24.1,3.0,946.5,0.0
760.5,15.200000000000001,73.945,21.43,1.5,969.5,0.0
935.0,15.600000000000001,72.96000000000001,26.07,0.0,935.0,0.0
836.5,15.5,73.0,35.275000000000006,0.0,836.5,0.0
687.0,15.05,74.1,46.32,0.0,687.0,0.0
498.0,14.3,76.55000000000001,58.005,0.0,498.0,0.0
292.5,13.15,80.995,69.815,0.0,292.5,0.0
100.5,11.850000000000001,86.45,81.39,0.0,100.5,0.0
0.0,10.5,93.325,112.18,0.0,0.0,0.1
0.0,10.5,93.7,119.42,0.0,0.0,4.5
0.0,10.5,94.22,124.015,0.0,0.0,11.6
0.0,10.45,94.83500000000001,125.26500000000001,7.0,0.0,17.6
0.0,10.5,94.74,122.965,3.5,0.0,21.5
0.0,10.45,95.045,117.505,0.0,0.0,23.5
0.0,10.3,95.66,109.62,0.0,0.0,23.4
0.0,10.3,95.62,100.06,0.0,0.0,17.7
16.0,10.65,93.45,89.295,0.0,16.0,6.6
141.0,12.05,87.82,77.97,2.0,154.0,0.8
306.0,13.3,83.94,66.285,1.5,352.5,16.8
551.5,14.600000000000001,80.53,54.46,0.0,551.5,10.1
726.5,16.25,75.66,42.865,0.0,726.5,1.3
865.0,17.85,71.755,32.145,0.0,865.0,0.0
942.0,19.1,68.815,23.845,0.0,942.0,0.0
960.5,19.650000000000002,68.28999999999999,21.16,0.0,960.5,0.0
920.5,19.6,69.17500000000001,25.845,0.0,920.5,0.0
821.0,19.200000000000003,70.48,35.1,0.0,821.0,0.0
673.0,18.45,72.64500000000001,46.17,0.0,673.0,0.0
491.0,17.3,76.08500000000001,57.865,0.0,491.0,0.0
292.0,15.75,80.82000000000001,69.67,0.0,292.0,0.0
103.5,14.05,86.515,81.24000000000001,0.0,103.5,0.0
0.0,12.100000000000001,92.03,111.965,0.0,0.0,0.1
0.0,11.9,92.455,119.18,0.0,0.0,4.7
0.0,11.75,92.92,123.75,0.0,0.0,11.8
0.0,11.45,94.56,124.995,0.0,0.0,18.5
0.0,11.3,95.28,122.7,0.0,0.0,23.3
0.0,10.9,97.63499999999999,117.25,0.0,0.0,26.4
0.0,10.5,99.26,109.39500000000001,0.0,0.0,27.9
0.0,10.3,99.27,99.86500000000001,0.0,0.0,27.9
15.5,10.75,95.515,89.11500000000001,0.5,15.5,26.1
152.5,12.15,88.525,77.805,0.0,152.5,22.6
354.0,13.8,83.255,66.11500000000001,0.0,354.0,17.4
555.5,15.700000000000001,77.785,54.290000000000006,0.0,555.5,10.3
733.0,17.25,74.575,42.685,0.0,733.0,2.2
870.0,18.55,71.43,31.935000000000002,0.0,870.0,0.0
952.5,19.4,68.78999999999999,23.595,0.0,952.5,0.0
972.5,19.8,66.43,20.895,0.0,972.5,0.0
943.5,19.700000000000003,65.00999999999999,25.625,0.0,943.5,0.0
844.5,19.25,64.52000000000001,34.925,0.0,844.5,0.0
694.0,18.4,65.86,46.019999999999996,0.0,694.0,0.0
506.5,17.200000000000003,69.215,57.725,0.0,506.5,0.0
301.0,15.45,76.0,69.525,0.0,301.0,0.0
106.0,13.350000000000001,85.21000000000001,81.08500000000001,0.0,106.0,0.0
0.0,10.9,94.22500000000001,111.75,0.0,0.0,0.1
0.0,10.650000000000002,94.915,118.94,0.0,0.0,4.7
0.0,10.4,95.7,123.48500000000001,0.0,0.0,11.7
0.0,10.3,96.18,124.725,0.0,0.0,17.9
0.0,10.25,96.71000000000001,122.435,0.0,0.0,22.1
0.0,10.150000000000002,96.78,117.01500000000001,0.0,0.0,25.3
0.0,10.05,96.765,109.18,0.0,0.0,26.9
0.0,9.95,96.96000000000001,99.66,0.0,0.0,27.3
18.0,10.55,93.255,88.94,0.0,18.0,25.5
163.0,12.350000000000001,85.245,77.635,0.0,163.0,21.8
368.5,13.95,78.61000000000001,65.955,0.0,368.5,17.3
574.0,15.8,71.43,54.129999999999995,0.0,574.0,10.4
754.5,17.450000000000003,64.98,42.515,0.0,754.5,3.2
891.5,18.650000000000002,61.09,31.740000000000002,0.0,891.5,0.0
972.5,19.550000000000004,58.19,23.35,0.0,972.5,0.0
994.0,20.200000000000003,55.945,20.630000000000003,0.0,994.0,0.0
953.0,20.400000000000002,54.86,25.405,0.0,953.0,0.0
853.0,20.300000000000004,54.485,34.75,0.0,853.0,0.0
702.0,19.8,55.760000000000005,45.870000000000005,0.0,702.0,0.0
513.5,18.85,59.59,57.585,0.0,513.5,0.0
306.5,17.1,66.435,69.385,0.0,306.5,0.0
109.5,14.650000000000002,79.945,80.935,0.0,109.5,0.0
0.0,11.4,90.55000000000001,111.54,0.0,0.0,0.1
0.0,11.150000000000002,91.69,118.70500000000001,0.0,0.0,4.6
0.0,10.95,92.685,123.23,5.5,0.0,11.4
0.0,10.75,93.395,124.46000000000001,7.5,0.0,17.5
0.0,10.5,94.58,122.18,0.5,0.0,21.7
0.0,10.4,95.23,116.775,0.5,0.0,23.9
0.0,10.45,94.595,108.965,0.0,0.0,25.0
0.0,10.700000000000001,92.41,99.475,0.0,0.0,24.9
14.0,11.55,87.38499999999999,88.77000000000001,1.5,19.0,24.2
150.0,13.5,81.36,77.47500000000001,2.0,166.5,21.0
367.5,15.200000000000001,74.86500000000001,65.8,0.0,367.5,17.2
570.0,17.2,69.57499999999999,53.975,0.0,570.0,10.4
749.0,19.35,64.36,42.345,0.0,749.0,3.2
883.5,21.450000000000003,58.34,31.545,0.0,883.5,0.0
934.5,23.25,52.13,23.12,2.0,965.0,0.0
942.5,24.450000000000003,47.385000000000005,20.375,4.0,984.0,0.0
842.0,24.85,45.845,25.19,7.0,935.0,0.0
752.5,24.5,46.519999999999996,34.585,7.5,836.5,0.0
619.5,23.150000000000002,51.085,45.72,7.0,688.5,0.0
427.5,21.25,57.935,57.445,7.0,503.0,0.0
240.5,18.950000000000003,66.465,69.245,3.5,299.5,0.0
99.5,16.400000000000002,80.245,80.795,2.5,107.0,0.0
2.5,14.7,85.11500000000001,91.82000000000001,7.0,4.5,0.0
0.0,13.5,89.02,111.33500000000001,0.0,0.0,0.1
0.0,13.45,88.11500000000001,118.47,0.0,0.0,4.5
0.0,13.55,86.89,122.98,5.0,0.0,11.3
0.0,13.25,87.735,124.20500000000001,4.0,0.0,17.6
0.0,12.600000000000001,90.625,121.93,0.0,0.0,22.0
0.0,12.05,92.035,116.545,3.5,0.0,25.1
0.0,11.75,92.495,108.755,0.5,0.0,26.8
0.0,11.5,93.065,99.28,7.0,0.0,26.9
15.0,11.850000000000001,90.72,88.6,7.0,20.0,25.4
105.0,12.8,85.80000000000001,77.32,5.5,166.5,21.6
181.0,14.100000000000001,81.005,65.65,4.0,369.5,17.2
421.0,15.65,77.195,53.825,6.0,571.0,10.6
750.0,17.05,72.74000000000001,42.19,0.0,750.0,3.3
885.0,18.05,69.885,31.36,0.0,885.0,0.0
967.0,18.85,66.895,22.880000000000003,0.0,967.0,0.0
988.5,19.3,64.93,20.125,0.0,988.5,0.0
952.5,19.300000000000004,64.72,24.985,0.0,952.5,0.0
853.5,18.85,65.945,34.415,0.0,853.5,0.0
703.0,18.200000000000003,68.09,45.58,0.0,703.0,0.0
516.0,17.45,71.275,57.31,0.0,516.0,0.0
309.0,16.3,77.22999999999999,69.105,0.0,309.0,0.0
114.0,14.700000000000001,86.265,80.64500000000001,0.0,114.0,0.0
5.5,13.3,92.35000000000001,91.66,0.0,5.5,0.0
0.0,12.100000000000001,94.53999999999999,111.13,0.0,0.0,0.1
0.0,11.75,95.025,118.245,0.0,0.0,4.7
0.0,11.55,95.225,122.735,0.0,0.0,11.6
0.0,11.25,96.485,123.945,0.0,0.0,17.9
0.0,11.05,97.15,121.685,0.0,0.0,22.6
0.0,10.850000000000001,97.75,116.315,0.0,0.0,25.5
0.0,10.650000000000002,98.435,108.55000000000001,0.0,0.0,27.0
0.0,10.55,98.485,99.095,0.0,0.0,26.9
21.5,11.100000000000001,94.92,88.44,0.5,21.5,25.0
172.5,12.700000000000001,88.06,77.17,0.5,172.5,21.5
377.5,14.25,83.61000000000001,65.51,0.0,377.5,17.2
579.5,16.05,78.66,53.68000000000001,0.0,579.5,10.5
755.0,17.65,74.62,42.035,0.0,755.0,3.3
888.5,18.8,72.31,31.18,0.0,888.5,0.0
969.0,19.5,70.8,22.655,0.5,969.0,0.0
932.0,19.650000000000002,69.795,19.875,3.5,989.5,0.0
943.5,19.25,69.58500000000001,24.775,0.5,943.5,0.0
768.0,18.45,70.285,34.255,7.0,849.0,0.0
522.0,17.45,71.985,45.435,7.0,700.0,0.0
336.5,16.3,74.48,57.17,7.0,515.0,0.0
282.5,15.05,77.95,68.97,4.5,309.5,0.0
106.0,13.8,82.535,80.5,7.5,115.5,0.0
3.5,12.8,86.92500000000001,91.505,7.0,6.0,0.0
0.0,11.65,92.03999999999999,110.925,2.0,0.0,0.1
0.0,11.200000000000001,93.77000000000001,118.02000000000001,0.0,0.0,4.7
0.0,10.850000000000001,94.86500000000001,122.49000000000001,0.0,0.0,11.7
0.0,10.55,95.385,123.695,0.0,0.0,18.2
0.0,10.350000000000001,95.5,121.445,0.0,0.0,22.4
0.0,10.100000000000001,96.06,116.095,0.0,0.0,25.6
0.0,10.0,95.97,108.35,0.0,0.0,26.9
0.0,9.95,95.725,98.92,0.0,0.0,26.9
23.0,10.400000000000002,92.68,88.275,0.0,23.0,25.3
151.0,11.65,87.435,77.02000000000001,2.0,177.0,22.0
384.0,13.100000000000001,81.945,65.36500000000001,0.0,384.0,17.0
591.0,14.5,77.045,53.535,0.0,591.0,10.5
771.0,15.75,73.215,41.88,0.0,771.0,3.3
910.0,16.85,70.065,31.0,0.0,910.0,0.0
992.5,17.700000000000003,67.45,22.435000000000002,0.0,992.5,0.0
1010.5,18.15,65.565,19.634999999999998,0.0,1010.5,0.0
970.5,18.2,64.88,24.575000000000003,0.0,970.5,0.0
872.0,17.950000000000003,64.89,34.09,0.0,872.0,0.0
722.0,17.35,66.16,45.295,0.0,722.0,0.0
531.5,16.25,69.68,57.04,0.0,531.5,0.0
323.5,14.8,75.22,68.83000000000001,0.0,323.5,0.0
123.5,13.200000000000001,82.62,80.355,0.0,123.5,0.0
7.0,11.950000000000001,89.45,91.355,0.0,7.0,0.0
0.0,11.25,93.595,110.725,0.0,0.0,0.1
0.0,10.95,95.015,117.795,0.0,0.0,4.6
0.0,10.8,95.45,122.25,0.0,0.0,11.3
0.0,10.650000000000002,96.03,123.45500000000001,0.0,0.0,16.4
0.0,10.5,96.72,121.215,0.0,0.0,19.9
0.0,10.650000000000002,95.58500000000001,115.88,0.0,0.0,23.2
0.0,10.8,94.95,108.16,0.0,0.0,24.5
0.0,10.95,94.545,98.75,0.0,0.0,24.3
23.5,11.75,91.45,88.125,0.0,23.5,23.3
175.5,13.8,85.17500000000001,76.875,0.0,175.5,21.8
377.5,15.850000000000001,79.28,65.23,0.0,377.5,15.9
576.5,18.450000000000003,73.17500000000001,53.405,0.0,576.5,9.6
707.0,21.0,67.29,41.74,3.5,750.0,3.2
884.5,23.200000000000003,61.635000000000005,30.830000000000002,0.0,884.5,0.0
966.0,24.6,57.495000000000005,22.22,0.0,966.0,0.0
987.5,25.35,55.085,19.395,0.5,987.5,0.0
903.0,25.35,54.74,24.375,2.0,946.0,0.0
849.5,24.6,56.975,33.935,0.5,849.5,0.0
704.0,23.200000000000003,61.91,45.155,0.0,704.0,0.0
398.5,21.55,67.47999999999999,56.905,7.5,521.5,0.0
246.0,19.650000000000002,77.15,68.69999999999999,8.0,319.0,0.0
80.5,18.0,81.95500000000001,80.215,7.0,124.5,0.0
4.5,16.75,83.845,91.21000000000001,7.0,7.5,0.0
0.0,16.55,81.64,110.53,7.0,0.0,0.1
0.0,16.6,80.78,117.58,7.0,0.0,4.4
0.0,16.25,82.9,122.01500000000001,7.0,0.0,11.0
0.0,15.700000000000001,85.545,123.215,7.0,0.0,14.8
0.0,15.350000000000001,86.325,120.98,7.0,0.0,19.5
0.0,15.0,86.345,115.67,7.0,0.0,21.4
0.0,14.55,87.11500000000001,107.97,7.0,0.0,22.1
0.0,14.100000000000001,88.56,98.58000000000001,7.0,0.0,22.3
17.5,14.25,87.715,87.675,7.0,24.0,20.9
51.0,15.15,84.6,76.74000000000001,4.0,176.5,18.1
350.0,16.5,79.18,65.1,4.5,376.5,14.9
575.5,18.5,74.185,53.275000000000006,0.5,575.5,8.9
748.5,20.150000000000002,69.215,41.595,0.0,748.5,3.1
879.0,20.9,67.685,30.67,0.0,879.0,0.0
702.0,21.1,67.36,22.015,1.5,957.5,0.0
437.5,21.150000000000002,66.27000000000001,19.165,3.0,977.5,0.0
940.0,21.05,65.25,24.185000000000002,0.5,940.0,0.0
845.0,20.800000000000004,64.765,33.775,0.0,845.0,0.0
702.0,20.400000000000002,64.78,45.015,0.0,702.0,0.0
522.0,19.4,67.305,56.77,0.0,522.0,0.0
321.0,17.7,72.97,68.565,0.5,321.0,0.0
126.5,15.75,80.64500000000001,80.075,0.0,126.5,0.0
8.5,14.15,88.125,91.055,0.5,8.5,0.0
0.0,12.8,92.39500000000001,110.33500000000001,0.5,0.0,0.2
0.0,12.45,92.73,117.36500000000001,0.0,0.0,4.2
0.0,12.100000000000001,93.63499999999999,121.785,0.0,0.0,10.1
0.0,11.850000000000001,94.38,122.98500000000001,0.5,0.0,6.3
0.0,11.55,96.105,120.76,0.5,0.0,7.0
0.0,11.45,96.99000000000001,115.465,1.0,0.0,8.0
0.0,11.3,98.49000000000001,107.78999999999999,0.5,0.0,17.8
0.0,11.4,98.32,98.42,1.0,0.0,10.8
26.0,12.100000000000001,94.62,87.53999999999999,0.5,26.0,13.0
182.5,13.55,88.055,76.61,1.0,182.5,5.8
385.5,14.950000000000001,83.6,64.975,0.0,385.5,16.9
585.5,16.450000000000003,79.78,53.15,0.0,585.5,7.0
759.0,17.85,76.805,41.465,0.0,759.0,3.6
891.5,19.05,74.515,30.515,0.0,891.5,0.0
971.0,20.050000000000004,72.805,21.815,0.0,971.0,0.0
989.5,20.55,72.76,18.935000000000002,0.0,989.5,0.0
950.5,20.55,73.185,23.990000000000002,0.0,950.5,0.0
853.0,20.25,73.32,33.625,0.0,853.0,0.0
709.0,19.6,74.20500000000001,44.885000000000005,0.0,709.0,0.0
526.5,18.65,76.305,56.64,0.0,526.5,0.0
323.5,17.25,81.15,68.435,0.0,323.5,0.0
128.0,15.45,88.545,79.93,0.0,128.0,0.0
8.5,14.0,93.70500000000001,90.905,0.0,8.5,0.0
0.0,12.5,94.99000000000001,117.155,0.5,0.0,4.3
0.0,12.25,95.285,121.565,1.0,0.0,10.4
0.0,11.95,96.055,122.75999999999999,1.0,0.0,16.0
0.0,11.650000000000002,97.1,120.545,1.0,0.0,5.0
0.0,11.350000000000001,98.045,115.27000000000001,2.0,0.0,13.2
0.0,11.05,99.165,107.61500000000001,1.0,0.0,23.7
0.0,11.05,98.435,98.265,1.0,0.0,9.7
25.5,11.8,94.125,87.41,0.5,25.5,23.0
87.0,13.4,88.56,76.48,2.0,178.0,22.5
106.5,14.850000000000001,85.255,64.855,3.0,377.5,12.9
177.0,16.25,81.78,53.03,3.0,574.5,10.0
250.0,17.700000000000003,78.57,41.34,3.0,745.5,3.4
324.5,18.85,76.61,30.365,3.0,876.5,0.0
408.5,19.700000000000003,75.315,21.62,3.0,954.0,0.0
440.0,20.35,74.48,18.715,3.0,975.0,0.0
531.5,20.55,74.81,23.805,3.0,934.0,0.0
437.5,20.35,75.66,33.47,3.0,838.0,0.0
378.5,19.650000000000002,77.765,44.75,3.0,694.5,0.0
231.0,18.65,80.58500000000001,56.515,3.0,515.5,0.0
96.5,17.25,84.795,68.3,3.0,317.0,0.0
63.0,15.350000000000001,91.05000000000001,79.79,2.0,125.5,0.0
3.0,13.8,94.24000000000001,90.76,3.0,9.0,0.0
0.0,12.650000000000002,93.285,109.955,3.0,0.0,0.2
0.0,12.4,93.39500000000001,116.95,1.0,0.0,5.1
0.0,12.150000000000002,94.01,121.35,3.0,0.0,12.3
0.0,11.850000000000001,95.17,122.53999999999999,2.0,0.0,19.1
0.0,11.55,96.4,120.33000000000001,1.0,0.0,23.8
0.0,11.350000000000001,96.525,115.075,1.0,0.0,26.8
0.0,11.200000000000001,96.52,107.44,1.0,0.0,28.3
0.0,11.05,96.53,98.11500000000001,2.0,0.0,28.1
26.0,11.5,93.56,87.295,2.0,26.0,26.8
78.0,12.75,87.96000000000001,76.36,2.0,183.0,23.3
79.5,14.200000000000001,83.25999999999999,64.735,3.0,386.0,18.6
170.0,15.65,79.165,52.915000000000006,3.0,585.5,11.5
276.5,17.1,75.20500000000001,41.215,3.0,760.0,3.9
290.5,18.15,71.785,30.214999999999996,3.0,895.0,0.0
370.5,18.65,70.39,21.43,3.0,973.0,0.0
430.0,18.65,70.56,18.5,3.0,993.5,0.0
644.5,18.4,70.845,23.619999999999997,3.0,958.5,0.0
503.5,18.05,71.17500000000001,33.325,2.5,861.0,0.0
385.5,17.55,72.19,44.620000000000005,3.0,715.5,0.0
364.0,17.0,73.69,56.39,7.0,532.0,0.0
67.0,16.2,76.945,68.17,4.0,327.5,0.0
59.0,15.0,83.59,79.655,5.5,132.0,0.0
2.5,13.7,90.61,90.61500000000001,5.0,10.0,0.0
0.0,12.650000000000002,94.05,109.775,4.0,0.0,0.2
0.0,12.45,93.62,116.745,4.0,0.0,4.9
0.0,12.3,93.34,121.13,4.0,0.0,11.9
0.0,12.25,93.01500000000001,122.32,4.0,0.0,17.5
0.0,12.05,93.905,120.125,5.5,0.0,21.1
0.0,11.95,94.11500000000001,114.89,7.0,0.0,22.2
0.0,11.9,94.09,107.275,7.0,0.0,19.3
0.0,11.850000000000001,93.91,97.965,7.0,0.0,4.2
10.5,12.05,92.5,87.175,7.0,27.0,4.3
105.5,12.8,88.76,76.245,5.5,182.5,11.6
105.0,13.600000000000001,85.52000000000001,64.63000000000001,4.0,379.5,15.4
357.0,14.3,83.095,52.81,6.0,574.5,8.0
181.0,14.75,81.72,41.1,7.0,744.5,0.4
259.5,15.150000000000002,80.295,30.080000000000002,7.0,877.0,0.0
314.0,15.3,79.77,21.25,7.5,953.5,0.0
182.0,15.3,79.72999999999999,18.285,7.5,973.5,0.0
163.5,15.75,77.86500000000001,23.44,7.0,924.0,0.0
148.0,16.25,75.97999999999999,33.18,7.5,828.0,0.0
77.0,16.25,75.78999999999999,44.485,7.0,683.0,0.0
48.0,15.9,77.035,56.260000000000005,6.5,506.5,0.0
25.0,15.400000000000002,79.515,68.04,6.0,310.5,0.0
123.5,14.450000000000001,85.12,79.52000000000001,1.0,123.5,0.0
3.5,13.600000000000001,90.24000000000001,90.47,3.0,9.5,0.0
0.0,12.600000000000001,94.78,109.595,1.0,0.0,0.1
0.0,12.25,96.6,116.55000000000001,0.0,0.0,4.9
0.0,12.100000000000001,97.31,120.92,0.0,0.0,11.9
0.0,12.100000000000001,97.055,122.11000000000001,1.0,0.0,17.9
0.0,12.200000000000001,96.47,119.925,0.0,0.0,21.4
0.0,12.350000000000001,95.54,114.70500000000001,1.0,0.0,24.8
0.0,12.4,95.075,107.11,0.0,0.0,26.1
0.0,12.45,94.885,97.825,0.0,0.0,26.6
27.0,12.850000000000001,93.1,87.065,0.5,27.0,26.3
93.5,13.55,88.78,76.13,7.5,182.0,22.7
244.0,14.600000000000001,83.95,64.525,7.0,382.0,17.8
361.5,15.8,79.775,52.705,7.0,580.5,11.3
335.0,16.75,77.2,40.989999999999995,5.5,753.5,3.9
339.0,17.15,76.39500000000001,29.95,5.5,871.5,0.0
435.5,17.3,76.38,21.075,7.0,950.5,0.0
601.0,17.3,76.94,18.080000000000002,7.0,972.5,0.0
797.0,17.3,77.0,23.259999999999998,4.0,929.0,0.0
775.0,17.3,77.35000000000001,33.035,4.0,833.5,0.0
598.5,17.25,77.725,44.36,1.0,690.0,0.0
310.0,16.950000000000003,78.99000000000001,56.14,7.0,510.0,0.0
219.0,16.4,81.545,67.92,7.5,311.0,0.0
72.0,15.55,86.775,79.38499999999999,7.0,123.5,0.0
5.0,14.75,91.795,90.33000000000001,7.0,9.5,0.0
0.0,14.3,93.84,109.41499999999999,7.0,0.0,0.1
0.0,14.200000000000001,93.935,116.35499999999999,6.5,0.0,3.8
0.0,14.05,94.26500000000001,120.715,6.0,0.0,6.6
0.0,13.95,94.025,121.905,6.0,0.0,5.1
0.0,13.8,94.48,119.73,6.5,0.0,9.2
0.0,13.8,94.24,114.53,4.0,0.0,10.7
0.0,13.8,94.04,106.96000000000001,5.5,0.0,8.1
0.0,13.9,93.155,97.69,4.0,0.0,7.5
8.0,14.450000000000001,90.405,86.96000000000001,4.0,28.5,7.1
39.0,15.5,86.16499999999999,76.03,4.0,186.5,5.6
207.5,16.3,82.6,64.42500000000001,5.5,383.5,4.0
405.5,17.15,77.765,52.61,7.0,577.5,2.4
639.0,17.85,75.18,40.885000000000005,7.0,747.0,0.3
666.5,18.3,74.01,29.82,7.0,874.5,0.0
406.0,18.25,74.425,20.9,6.0,950.5,0.0
308.0,18.05,76.38,17.88,6.0,971.0,0.0
156.5,17.85,78.64500000000001,23.09,6.0,933.0,0.0
204.0,17.700000000000003,79.81,32.894999999999996,6.0,840.5,0.0
196.0,17.200000000000003,82.35,44.235,7.5,699.0,0.0
213.0,16.45,86.705,56.02,7.5,519.0,0.0
134.5,15.600000000000001,91.68,67.79,7.0,321.0,0.0
17.5,14.900000000000002,94.815,79.255,6.5,131.5,0.0
6.5,14.3,95.715,90.19,7.0,11.0,0.0
0.0,13.350000000000001,95.46000000000001,116.16499999999999,7.5,0.0,0.5
0.0,13.0,95.46000000000001,120.515,6.5,0.0,10.7
0.0,12.75,94.64,121.705,5.5,0.0,1.5
0.0,12.55,94.015,119.54500000000002,5.0,0.0,2.9
0.0,12.350000000000001,94.07,114.36500000000001,4.0,0.0,7.6
0.0,12.25,93.51500000000001,106.81,1.0,0.0,7.5
0.0,12.150000000000002,92.905,97.56,0.5,0.0,6.4
30.5,12.400000000000002,90.91499999999999,86.85499999999999,1.0,30.5,5.3
193.0,13.2,87.52,75.925,0.5,193.0,9.0
394.5,14.05,83.55000000000001,64.33,0.0,394.5,7.8
593.5,15.0,78.41,52.510000000000005,0.0,593.5,0.9
766.0,16.0,73.14500000000001,40.79,0.0,766.0,0.0
891.0,16.85,68.715,29.700000000000003,0.0,891.0,0.0
884.5,17.4,66.265,20.740000000000002,1.0,972.0,0.0
992.5,17.700000000000003,64.75999999999999,17.685000000000002,0.0,992.5,0.0
947.0,17.900000000000002,64.04,22.92,0.0,947.0,0.0
853.5,17.950000000000003,64.14,32.755,0.0,853.5,0.0
710.5,17.65,65.71000000000001,44.11,0.0,710.5,0.0
416.0,17.0,69.24000000000001,55.9,2.0,528.5,0.0
260.0,16.1,74.54,67.66499999999999,2.0,330.0,0.0
123.5,15.0,82.05,79.13,1.5,137.0,0.0
7.5,14.0,89.50999999999999,90.055,3.5,12.0,0.0
0.0,13.200000000000001,95.8,109.07,4.0,0.0,0.2
0.0,12.9,97.875,115.98,4.0,0.0,5.2
0.0,12.650000000000002,99.215,120.325,4.0,0.0,11.8
0.0,12.45,99.935,121.515,4.0,0.0,18.3
0.0,12.5,99.83,119.36,3.5,0.0,22.6
0.0,12.45,99.78,114.2,4.0,0.0,25.6
0.0,12.3,100.0,106.665,4.0,0.0,27.1
0.0,12.400000000000002,98.68,97.435,4.0,0.0,27.3
10.5,13.3,93.43,86.75,4.0,31.0,25.6
64.5,14.65,87.295,75.825,4.0,193.0,22.6
162.0,15.95,80.36,64.24000000000001,3.5,390.0,17.2
240.5,16.9,74.295,52.43,3.0,586.0,10.8
418.5,17.700000000000003,70.285,40.69,3.0,757.5,3.7
710.5,18.4,67.32,29.585,1.5,891.0,0.0
971.5,18.950000000000003,65.39500000000001,20.585,0.0,971.5,0.0
993.0,19.200000000000003,64.97,17.495,0.0,993.0,0.0
630.0,19.3,64.88,22.76,2.5,948.0,0.0
636.5,19.25,65.145,32.620000000000005,3.0,855.0,0.0
713.5,19.05,65.86500000000001,43.99,0.0,713.5,0.0
531.0,18.6,67.45,55.78,0.0,531.0,0.0
333.5,17.8,70.745,67.545,0.0,333.5,0.0
140.0,16.400000000000002,78.905,79.0,0.0,140.0,0.0
13.0,14.7,89.235,89.91,0.0,13.0,0.0
0.0,13.5,95.53999999999999,108.9,2.0,0.0,0.2
0.0,13.150000000000002,98.055,115.80000000000001,0.0,0.0,5.1
0.0,12.9,99.87,120.135,2.0,0.0,12.0
0.0,12.8,100.0,121.325,0.5,0.0,18.1
0.0,12.75,100.0,119.185,2.0,0.0,22.4
0.0,12.700000000000001,100.0,114.045,0.5,0.0,24.8
0.0,12.8,100.0,106.53,1.0,0.0,26.8
0.0,12.950000000000001,99.41499999999999,97.32000000000001,1.0,0.0,27.2
31.5,13.700000000000001,96.065,86.65,0.5,31.5,25.8
195.5,15.0,90.57499999999999,75.735,1.0,195.5,22.7
395.0,15.850000000000001,83.17,64.155,0.0,395.0,18.1
592.5,16.75,75.48,52.345,0.0,592.5,11.3
767.5,17.650000000000002,69.635,40.605000000000004,0.0,767.5,4.1
893.0,18.450000000000003,65.16,29.48,0.0,893.0,0.0
978.0,19.0,62.32,20.435000000000002,0.0,978.0,0.0
1002.0,19.200000000000003,61.14,17.310000000000002,0.0,1002.0,0.0
965.5,19.150000000000002,61.120000000000005,22.6,0.0,965.5,0.0
870.5,18.9,61.995000000000005,32.49,0.0,870.5,0.0
724.0,18.450000000000003,63.535,43.864999999999995,0.0,724.0,0.0
539.5,17.75,66.28,55.660000000000004,0.0,539.5,0.0
336.0,16.700000000000003,70.925,67.42500000000001,0.5,336.0,0.0
141.0,15.3,79.195,78.87,0.0,141.0,0.0
13.0,13.900000000000002,87.94,89.78,0.0,13.0,0.0
0.0,12.700000000000001,92.785,108.74000000000001,0.0,0.0,0.3
0.0,12.3,94.19,115.625,0.0,0.0,5.3
0.0,12.0,95.22500000000001,119.95,0.5,0.0,12.6
0.0,11.650000000000002,96.91,121.14,0.0,0.0,19.1
0.0,11.350000000000001,98.595,119.015,0.0,0.0,24.0
0.0,11.150000000000002,99.07000000000001,113.89,0.0,0.0,27.0
0.0,10.9,99.86,106.4,0.0,0.0,28.4
0.0,10.950000000000001,99.02000000000001,97.205,0.0,0.0,28.6
31.5,11.850000000000001,93.30000000000001,86.56,0.0,31.5,27.1
194.5,13.3,85.41499999999999,75.65,0.0,194.5,23.2
396.5,14.450000000000001,78.43,64.075,0.0,396.5,18.7
595.5,15.450000000000001,73.94999999999999,52.27,0.0,595.5,11.6
705.5,16.5,69.83500000000001,40.525000000000006,1.5,769.0,4.1
900.5,17.25,66.74000000000001,29.380000000000003,0.0,900.5,0.0
976.0,17.700000000000003,65.08,20.29,0.0,976.0,0.0
996.5,17.900000000000002,64.77,17.13,0.0,996.5,0.0
955.5,17.85,65.105,22.439999999999998,0.0,955.5,0.0
861.0,17.55,65.75,32.36,0.0,861.0,0.0
714.5,16.85,67.80000000000001,43.75,0.0,714.5,0.0
531.5,15.8,71.565,55.54,0.0,531.5,0.0
332.5,14.600000000000001,76.69,67.305,0.0,332.5,0.0
139.5,13.55,82.155,78.745,0.0,139.5,0.0
13.0,12.75,87.14,89.65,0.0,13.0,0.0
0.0,12.45,89.26,108.58000000000001,0.5,0.0,0.2
0.0,12.25,90.665,115.455,2.0,0.0,5.3
0.0,12.05,91.875,119.77000000000001,3.5,0.0,12.5
0.0,11.9,92.49,120.97,1.5,0.0,19.1
0.0,11.75,92.295,118.85,0.0,0.0,23.8
0.0,11.55,91.96000000000001,113.745,0.0,0.0,26.8
0.0,11.4,91.74,106.275,0.0,0.0,28.3
0.0,11.350000000000001,91.095,97.1,0.0,0.0,27.9
23.5,11.850000000000001,87.755,86.48,7.0,31.5,25.2
176.5,12.8,82.21000000000001,75.57,1.5,194.0,20.9
354.5,13.900000000000002,75.00999999999999,64.005,2.0,396.0,10.9
504.0,14.950000000000001,69.045,52.2,5.5,595.0,5.1
660.5,15.8,65.2,40.45,7.0,771.0,0.1
680.0,16.55,62.535000000000004,29.285,7.0,910.5,0.0
836.5,17.05,61.235,20.155,7.0,994.0,0.0
1020.0,17.3,60.43,16.96,0.0,1020.0,0.0
902.5,17.1,61.195,22.285000000000004,1.5,978.5,0.0
885.0,16.65,62.775000000000006,32.230000000000004,0.5,885.0,0.0
736.5,16.0,65.3,43.635000000000005,0.0,736.5,0.0
550.5,15.100000000000001,68.805,55.43,0.0,550.5,0.0
304.0,14.05,74.10499999999999,67.19,1.0,345.5,0.0
147.0,13.100000000000001,80.18,78.625,0.0,147.0,0.0
15.0,12.4,84.88499999999999,89.52,0.0,15.0,0.0
0.0,11.700000000000001,86.525,108.425,0.0,0.0,0.2
0.0,11.3,87.095,115.28999999999999,0.0,0.0,5.3
0.0,10.95,88.025,119.6,0.0,0.0,12.7
0.0,10.700000000000001,88.71000000000001,120.80000000000001,0.0,0.0,19.2
0.0,10.55,88.855,118.695,1.5,0.0,23.9
0.0,10.350000000000001,89.225,113.61000000000001,0.0,0.0,27.0
0.0,10.150000000000002,89.33500000000001,106.155,2.0,0.0,28.3
0.0,10.05,88.715,97.0,0.0,0.0,28.1
39.0,10.600000000000001,85.5,86.39500000000001,0.0,39.0,25.9
203.0,11.850000000000001,78.41,75.495,0.0,203.0,20.9
408.0,12.8,71.675,63.935,0.0,408.0,0.5
609.0,13.75,66.71000000000001,52.13,0.0,609.0,0.1
784.5,14.65,63.05500000000001,40.375,0.0,784.5,0.0
914.5,15.450000000000001,60.30500000000001,29.189999999999998,0.0,914.5,0.0
996.0,16.15,58.345,20.025,0.0,996.0,0.0
1018.0,16.6,57.515,16.795,0.0,1018.0,0.0
980.0,16.8,57.4,22.14,0.0,980.0,0.0
884.0,16.8,57.56,32.11,0.0,884.0,0.0
738.0,16.5,58.625,43.52,0.0,738.0,0.0
553.5,15.850000000000001,61.215,55.32,0.0,553.5,0.0
351.0,14.8,66.12,67.07499999999999,0.0,351.0,0.0
152.0,13.4,74.39000000000001,78.505,0.0,152.0,0.0
16.0,12.05,84.13,89.39500000000001,0.0,16.0,0.0
0.0,11.200000000000001,92.0,108.27000000000001,0.0,0.0,0.3
0.0,10.9,94.66,115.125,0.0,0.0,5.2
0.0,10.55,97.225,119.435,0.0,0.0,12.3
0.0,10.350000000000001,98.52000000000001,120.63499999999999,0.0,0.0,18.1
0.0,10.150000000000002,99.345,118.55,0.0,0.0,22.0
0.0,9.95,99.575,113.475,0.0,0.0,24.6
0.0,9.75,99.46000000000001,106.03999999999999,0.0,0.0,24.4
0.0,9.700000000000001,97.925,96.905,0.0,0.0,15.5
40.0,10.450000000000001,92.92500000000001,86.32,0.0,40.0,11.2
205.0,11.950000000000001,85.31,75.42500000000001,0.5,205.0,3.6
409.0,13.5,77.41,63.87,0.0,409.0,0.3
608.0,14.950000000000001,70.45,52.07,0.0,608.0,0.2
782.5,16.2,64.52,40.305,0.0,782.5,0.0
914.0,17.200000000000003,60.18,29.11,0.0,914.0,0.0
996.0,17.9,57.755,19.9,0.0,996.0,0.0
1019.5,18.25,56.69,16.634999999999998,0.0,1019.5,0.0
979.0,18.3,56.56,21.995,0.0,979.0,0.0
882.5,18.1,57.135000000000005,31.985,0.0,882.5,0.0
736.5,17.45,59.535,43.410000000000004,0.0,736.5,0.0
553.5,16.35,63.959999999999994,55.21,0.0,553.5,0.0
352.5,15.05,69.805,66.96000000000001,0.0,352.5,0.0
153.5,13.600000000000001,77.225,78.39000000000001,0.0,153.5,0.0
16.5,12.2,85.915,89.27000000000001,0.0,16.5,0.0
0.0,11.100000000000001,93.215,108.125,0.0,0.0,0.2
0.0,10.700000000000001,96.105,114.965,0.0,0.0,5.2
0.0,10.4,98.275,119.275,0.0,0.0,12.1
0.0,10.150000000000002,99.83,120.48,0.0,0.0,18.3
0.0,9.9,100.0,118.405,0.0,0.0,22.6
0.0,9.8,100.0,113.35,0.0,0.0,25.3
0.0,9.700000000000001,100.0,105.935,0.0,0.0,27.1
0.0,9.850000000000001,99.265,96.81,0.0,0.0,27.4
41.0,10.700000000000001,94.30000000000001,86.245,0.5,41.0,25.9
206.0,12.3,86.6,75.36,0.5,206.0,22.9
411.5,13.75,80.4,63.81,0.0,411.5,18.1
607.0,15.25,75.34,52.010000000000005,0.0,607.0,11.5
778.5,16.65,69.17500000000001,40.245000000000005,0.0,778.5,4.2
918.5,17.85,62.03,29.035,0.0,918.5,0.0
996.5,18.65,57.58,19.79,0.0,996.5,0.0
1016.0,19.05,55.705,16.479999999999997,0.0,1016.0,0.0
976.0,19.200000000000003,55.050000000000004,21.855,0.0,976.0,0.0
878.5,19.0,55.345,31.865,0.0,878.5,0.0
734.5,18.45,57.08,43.3,0.0,734.5,0.0
554.0,17.5,61.245000000000005,55.1,0.0,554.0,0.0
352.0,16.200000000000003,67.94,66.85000000000001,0.0,352.0,0.0
154.0,14.5,77.815,78.27000000000001,0.0,154.0,0.0
17.0,12.900000000000002,87.87,89.145,0.0,17.0,0.0
0.0,11.8,94.625,107.98500000000001,0.0,0.0,0.2
0.0,11.45,96.46000000000001,114.815,0.0,0.0,5.2
0.0,11.100000000000001,98.06,119.12,0.0,0.0,12.1
0.0,10.850000000000001,99.17,120.33,0.0,0.0,18.4
0.0,10.600000000000001,100.0,118.26500000000001,0.0,0.0,23.0
0.0,10.45,100.0,113.225,0.0,0.0,26.2
0.0,10.350000000000001,100.0,105.83000000000001,0.0,0.0,27.5
0.0,10.350000000000001,99.36500000000001,96.725,0.0,0.0,27.3
40.5,11.200000000000001,93.985,86.185,0.0,40.5,25.5
202.0,12.8,86.37,75.3,0.5,202.0,22.4
402.0,14.4,81.13,63.76,0.0,402.0,14.3
597.5,16.1,75.695,51.96,0.0,597.5,9.7
767.5,17.65,70.03,40.19,0.0,767.5,3.9
898.5,18.9,64.52000000000001,28.96,0.0,898.5,0.0
975.0,19.6,61.55500000000001,19.675,0.0,975.0,0.0
997.0,19.85,60.980000000000004,16.33,0.0,997.0,0.0
962.0,19.85,61.45,21.72,0.0,962.0,0.0
869.0,19.6,62.765,31.75,0.0,869.0,0.0
726.0,19.1,64.755,43.19,0.0,726.0,0.0
547.0,18.25,68.805,54.995000000000005,0.0,547.0,0.0
349.0,17.05,75.16,66.75,0.0,349.0,0.0
154.5,15.600000000000001,83.495,78.16,0.5,154.5,0.0
14.0,14.100000000000001,92.09,89.03,7.0,17.5,0.0
0.0,13.0,96.62,107.84,0.5,0.0,0.2
0.0,12.650000000000002,97.35,114.67,2.0,0.0,5.1
0.0,12.4,97.42,118.97,2.0,0.0,12.2
0.0,12.100000000000001,98.185,120.185,2.0,0.0,18.5
0.0,11.8,99.17,118.13,1.0,0.0,22.8
0.0,11.5,99.63499999999999,113.11,1.0,0.0,25.6
0.0,11.25,100.0,105.73500000000001,0.5,0.0,27.1
0.0,11.2,99.28,96.65,0.5,0.0,27.2
41.0,12.100000000000001,94.205,86.125,0.5,41.0,25.5
202.5,13.700000000000001,88.11500000000001,75.24000000000001,1.0,202.5,22.6
224.5,15.3,84.0,63.71,3.0,400.5,17.8
322.5,16.8,79.975,51.915000000000006,3.0,595.0,11.5
764.0,18.150000000000002,75.53,40.14,0.5,764.0,4.2
380.5,19.25,72.32,28.895,3.0,890.5,0.0
572.0,20.1,70.065,19.575,3.0,968.0,0.0
627.0,20.800000000000004,67.815,16.185000000000002,3.0,987.0,0.0
668.0,21.150000000000002,66.825,21.590000000000003,5.0,948.5,0.0
652.0,20.950000000000003,68.21000000000001,31.634999999999998,8.0,854.5,0.0
507.0,20.400000000000002,71.015,43.085,7.5,712.0,0.0
362.5,19.5,75.5,54.894999999999996,8.0,534.5,0.0
257.5,18.200000000000003,82.1,66.64,7.5,339.5,0.0
150.0,16.700000000000003,89.28,78.05000000000001,1.0,150.0,0.0
17.5,15.3,94.68,88.91499999999999,4.0,17.5,0.0
0.0,14.100000000000001,95.125,107.71000000000001,3.0,0.0,0.2
0.0,13.850000000000001,94.625,114.53,2.0,0.0,5.1
0.0,13.650000000000002,94.785,118.83000000000001,0.5,0.0,11.8
0.0,13.45,95.71000000000001,120.045,4.0,0.0,17.9
0.0,13.25,96.83500000000001,118.005,4.0,0.0,22.2
0.0,13.05,97.655,113.005,2.0,0.0,25.2
0.0,12.850000000000001,98.24000000000001,105.65,1.0,0.0,25.8
0.0,12.850000000000001,97.39500000000001,96.575,1.0,0.0,26.9
40.0,13.450000000000001,93.555,86.065,0.5,40.0,25.2
197.5,14.700000000000001,87.935,75.195,1.0,197.5,22.5
253.5,16.200000000000003,83.615,63.665000000000006,5.5,390.0,17.7
436.0,17.650000000000002,79.41,51.870000000000005,7.5,580.0,11.3
539.5,18.55,77.38499999999999,40.095,7.5,746.0,4.2
547.0,19.150000000000002,76.66,28.835,7.5,875.0,0.0
786.0,19.3,77.18,19.48,7.5,951.5,0.0
572.0,19.150000000000002,78.125,16.05,6.5,972.0,0.0
329.0,18.900000000000002,79.23,21.46,6.0,930.0,0.0
693.0,18.9,79.39,31.525,4.0,837.0,0.0
698.0,19.200000000000003,78.35000000000001,42.985,0.0,698.0,0.0
449.5,19.15,78.83500000000001,54.79,8.0,527.0,0.0
310.5,18.4,82.06,66.535,8.0,337.0,0.0
142.5,17.1,87.99000000000001,77.945,7.0,151.0,0.0
12.0,15.7,94.03999999999999,88.8,7.0,18.0,0.0
0.0,14.5,95.97,114.39,7.0,0.0,4.4
0.0,14.45,95.82,118.69,7.0,0.0,10.4
0.0,14.25,96.795,119.91499999999999,7.0,0.0,16.1
0.0,14.05,97.815,117.89000000000001,7.0,0.0,21.4
0.0,13.9,98.46000000000001,112.905,7.0,0.0,24.8
0.0,13.8,98.86,105.565,7.0,0.0,26.7
0.0,14.0,97.675,96.505,5.0,0.0,26.8
22.5,14.8,93.53,86.015,3.0,37.5,25.4
155.0,16.05,88.33500000000001,75.14500000000001,3.0,189.5,22.5
380.5,17.700000000000003,83.465,63.625,0.5,380.5,17.7
570.0,19.1,79.625,51.83500000000001,0.0,570.0,11.3
661.0,19.950000000000003,77.19,40.055,7.5,738.0,4.3
805.0,20.85,74.465,28.78,4.0,868.0,0.0
948.0,21.450000000000003,72.45500000000001,19.39,0.0,948.0,0.0
972.0,21.6,72.22,15.920000000000002,0.0,972.0,0.0
929.5,21.55,72.24000000000001,21.335,0.5,929.5,0.0
526.5,21.15,72.73500000000001,31.42,5.0,838.5,0.0
478.5,20.6,73.21000000000001,42.885000000000005,3.0,700.5,0.0
324.5,19.75,75.25,54.695,3.0,528.0,0.0
274.5,18.65,78.86,66.435,1.5,336.0,0.0
149.5,17.200000000000003,85.37,77.83500000000001,0.0,149.5,0.0
18.0,15.8,92.155,88.69,0.0,18.0,0.0
0.0,14.5,95.58500000000001,107.45500000000001,0.0,0.0,0.2
0.0,14.150000000000002,95.56,114.26,2.0,0.0,5.1
0.0,13.850000000000001,95.67,118.56,2.0,0.0,11.6
0.0,13.55,96.185,119.78999999999999,1.0,0.0,17.4
0.0,13.350000000000001,96.475,117.775,0.5,0.0,21.6
0.0,13.100000000000001,97.16,112.81,0.0,0.0,24.2
0.0,12.850000000000001,98.03999999999999,105.485,0.0,0.0,26.0
0.0,12.850000000000001,97.27000000000001,96.44,0.0,0.0,26.7
28.0,13.55,92.72,85.965,2.0,42.0,25.5
189.0,14.8,87.135,75.105,2.0,203.0,22.4
400.5,16.55,80.605,63.595,0.5,400.5,17.9
594.5,18.450000000000003,73.185,51.80500000000001,0.0,594.5,11.5
764.0,20.1,67.67500000000001,40.025,0.0,764.0,4.3
899.5,21.5,63.575,28.735,0.0,899.5,0.0
979.0,22.6,60.730000000000004,19.305,0.0,979.0,0.0
1002.5,23.300000000000004,59.1,15.8,0.0,1002.5,0.0
963.5,23.55,58.275000000000006,21.215000000000003,0.0,963.5,0.0
870.5,23.25,58.760000000000005,31.315,0.0,870.5,0.0
730.0,22.450000000000003,61.06,42.785,0.0,730.0,0.0
553.5,21.05,66.11000000000001,54.6,0.5,553.5,0.0
323.0,19.1,74.38,66.335,1.5,355.0,0.0
143.5,17.200000000000003,83.58,77.735,7.5,159.5,0.0
13.0,15.950000000000001,90.065,88.58500000000001,7.0,19.5,0.0
0.0,15.350000000000001,92.975,107.33500000000001,7.0,0.0,0.2
0.0,15.4,93.3,114.14,5.0,0.0,5.1
0.0,15.350000000000001,94.71000000000001,118.435,2.0,0.0,11.8
0.0,15.25,96.42500000000001,119.675,1.5,0.0,18.1
0.0,15.05,98.125,117.67,0.5,0.0,22.7
0.0,14.850000000000001,98.99000000000001,112.72,0.0,0.0,25.6
0.0,14.650000000000002,99.52000000000001,105.41,1.0,0.0,27.2
0.0,14.65,98.54,96.385,0.0,0.0,27.2
25.5,15.3,94.11,85.925,3.0,41.5,25.5
156.5,16.4,88.995,75.07,3.0,200.5,22.4
208.5,17.700000000000003,84.78999999999999,63.565,3.0,397.5,18.1
591.5,18.85,80.97999999999999,51.78,1.0,591.5,11.3
763.0,19.700000000000003,77.92500000000001,39.99,0.0,763.0,3.0
898.0,20.300000000000004,75.215,28.69,0.0,898.0,0.0
982.5,20.55,72.37,19.235,0.0,982.5,0.0
1012.5,20.450000000000003,69.61000000000001,15.68,0.0,1012.5,0.0
982.5,20.25,66.01,21.1,0.0,982.5,0.0
894.0,19.950000000000003,62.495000000000005,31.215000000000003,0.0,894.0,0.0
752.0,19.3,62.465,42.695,0.0,752.0,0.0
570.5,18.45,65.57499999999999,54.505,0.0,570.5,0.0
369.0,17.25,71.9,66.245,0.0,369.0,0.0
169.0,15.8,80.98,77.64,0.0,169.0,0.0
21.5,14.400000000000002,90.315,88.485,0.0,21.5,0.0
0.0,13.3,95.97500000000001,107.215,0.0,0.0,0.2
0.0,13.05,96.765,114.02000000000001,0.0,0.0,5.1
0.0,12.850000000000001,97.47999999999999,118.315,0.0,0.0,11.7
0.0,12.650000000000002,98.30000000000001,119.565,0.0,0.0,18.2
0.0,12.45,99.17500000000001,117.57000000000001,0.0,0.0,22.8
0.0,12.3,99.4,112.64,0.0,0.0,25.7
0.0,12.25,98.995,105.345,0.0,0.0,26.9
0.0,12.450000000000001,97.4,96.33500000000001,0.5,0.0,27.5
44.0,13.25,92.9,85.885,0.0,44.0,25.8
207.0,14.15,89.08500000000001,75.03999999999999,1.0,207.0,22.7
242.5,15.15,85.41,63.540000000000006,3.0,407.5,17.4
506.0,16.1,81.97,51.754999999999995,2.0,603.0,11.4
775.0,16.9,79.34,39.97,0.0,775.0,4.3
907.5,17.55,77.35,28.655,0.0,907.5,0.0
985.0,18.1,75.505,19.165,0.0,985.0,0.0
1007.5,18.55,74.24000000000001,15.57,0.0,1007.5,0.0
973.0,18.7,74.35000000000001,20.990000000000002,0.0,973.0,0.0
879.5,18.65,75.325,31.115000000000002,0.0,879.5,0.0
735.5,18.4,76.80000000000001,42.6,0.0,735.5,0.0
557.0,17.85,79.315,54.415000000000006,0.0,557.0,0.0
358.5,16.9,83.47,66.15,0.0,358.5,0.0
163.5,15.65,88.975,77.54,0.0,163.5,0.0
21.0,14.400000000000002,93.85,88.38,0.0,21.0,0.0
0.0,13.45,94.7,107.1,0.0,0.0,0.2
0.0,13.350000000000001,94.255,113.905,0.0,0.0,5.2
0.0,13.25,94.24000000000001,118.20500000000001,0.0,0.0,12.1
0.0,13.200000000000001,94.15,119.455,0.0,0.0,18.3
0.0,13.100000000000001,94.48,117.48500000000001,0.0,0.0,22.8
0.0,13.0,94.82000000000001,112.565,0.0,0.0,25.9
0.0,12.850000000000001,95.5,105.29,0.0,0.0,27.2
0.0,12.9,95.065,96.29,0.5,0.0,27.3
43.0,13.450000000000001,92.23,85.855,0.5,43.0,26.2
203.5,14.65,87.185,75.015,1.0,203.5,22.9
324.5,16.05,82.83500000000001,63.519999999999996,1.5,403.5,18.0
385.5,17.5,78.565,51.735,3.0,599.0,11.3
770.5,18.8,75.00999999999999,39.945,0.5,770.5,4.2
905.0,19.900000000000002,72.16,28.62,0.0,905.0,0.0
986.0,20.75,69.89500000000001,19.1,0.0,986.0,0.0
1009.5,21.25,68.34,15.465,0.0,1009.5,0.0
975.5,21.300000000000004,67.58,20.885,0.0,975.5,0.0
883.0,20.900000000000002,67.86,31.02,0.0,883.0,0.0
741.5,20.150000000000002,68.86500000000001,42.510000000000005,0.0,741.5,0.0
563.0,19.0,71.48500000000001,54.325,0.0,563.0,0.0
363.5,17.450000000000003,76.705,66.06,0.0,363.5,0.0
166.0,15.700000000000001,84.105,77.45,0.0,166.0,0.0
21.5,14.350000000000001,90.365,88.285,0.0,21.5,0.0
0.0,13.25,93.36500000000001,113.795,0.0,0.0,4.1
0.0,13.05,93.78,118.095,0.0,0.0,10.9
0.0,12.8,94.595,119.36,0.0,0.0,16.4
0.0,12.5,95.795,117.39500000000001,0.0,0.0,14.1
0.0,12.200000000000001,96.775,112.49000000000001,0.5,0.0,13.3
0.0,11.95,97.555,105.23,0.0,0.0,26.4
0.0,11.950000000000001,96.915,96.245,2.0,0.0,25.9
31.0,12.75,92.065,85.82,2.0,44.5,26.0
204.0,14.100000000000001,86.46000000000001,74.995,1.0,204.0,22.6
399.0,15.600000000000001,81.82,63.5,0.5,399.0,11.1
589.0,17.05,77.655,51.72,0.0,589.0,4.5
756.0,18.3,73.92500000000001,39.93,0.0,756.0,0.3
889.0,19.35,69.725,28.59,0.0,889.0,0.0
973.5,19.900000000000002,67.04,19.04,0.0,973.5,0.0
998.5,19.950000000000003,66.08500000000001,15.370000000000001,0.0,998.5,0.0
968.0,19.75,65.94,20.785,0.0,968.0,0.0
877.0,19.5,65.895,30.93,0.0,877.0,0.0
736.0,18.9,67.725,42.425,0.0,736.0,0.0
557.0,18.1,70.595,54.24,0.0,557.0,0.0
359.5,16.9,75.44,65.975,0.0,359.5,0.0
165.0,15.3,83.055,77.36,0.0,165.0,0.0
21.5,13.850000000000001,90.36500000000001,88.195,0.0,21.5,0.0
0.0,12.600000000000001,94.68,106.89000000000001,0.0,0.0,0.2
0.0,12.3,95.235,113.69,0.0,0.0,5.2
0.0,12.05,95.805,117.995,0.0,0.0,12.2
0.0,11.850000000000001,96.38,119.26500000000001,0.0,0.0,18.4
0.0,11.650000000000002,97.12,117.315,0.5,0.0,23.0
0.0,11.600000000000001,96.92,112.43,0.5,0.0,26.1
0.0,11.5,97.0,105.185,1.0,0.0,27.2
0.0,11.65,95.68,96.21000000000001,1.0,0.0,27.4
32.0,12.400000000000002,91.6,85.8,1.5,42.0,26.2
148.5,13.55,86.53,74.975,5.5,202.0,23.2
215.5,14.7,82.53999999999999,63.489999999999995,3.0,401.5,18.3
439.5,15.850000000000001,78.825,51.71,7.5,599.0,11.8
655.5,16.8,75.94,39.915000000000006,5.0,768.5,4.5
788.5,17.65,73.595,28.57,7.0,901.5,0.0
981.5,18.3,72.01,18.990000000000002,0.0,981.5,0.0
1003.5,18.6,71.345,15.280000000000001,0.0,1003.5,0.0
971.5,18.6,71.12,20.69,0.0,971.5,0.0
878.5,18.200000000000003,71.93,30.84,0.0,878.5,0.0
735.5,17.45,73.93,42.34,0.0,735.5,0.0
557.0,16.5,77.00999999999999,54.155,0.0,557.0,0.0
357.5,15.25,81.595,65.89,0.0,357.5,0.0
162.0,13.900000000000002,86.72,77.27,0.0,162.0,0.0
21.0,12.850000000000001,90.38499999999999,87.80000000000001,0.0,21.0,0.0
0.0,11.9,92.89,106.80000000000001,0.0,0.0,0.2
0.0,11.700000000000001,93.76,113.595,0.0,0.0,5.1
0.0,11.650000000000002,94.00999999999999,117.9,0.0,0.0,11.8
0.0,11.55,94.64,119.185,0.0,0.0,17.7
0.0,11.3,96.52,117.245,0.0,0.0,21.5
0.0,11.200000000000001,97.24000000000001,112.375,0.0,0.0,25.0
0.0,11.200000000000001,97.23,105.14,0.0,0.0,26.6
0.0,11.400000000000002,95.935,96.18,0.5,0.0,26.7
38.5,12.25,91.75,85.78,2.0,43.0,25.8
204.5,13.600000000000001,85.985,74.96000000000001,1.0,204.5,22.8
220.0,14.850000000000001,81.745,63.480000000000004,3.0,403.0,17.9
600.0,16.2,77.26,51.71,0.0,600.0,11.7
774.0,17.35,73.74000000000001,39.91,0.0,774.0,4.6
902.0,18.25,70.775,28.55,0.0,902.0,0.0
981.0,18.8,68.75999999999999,18.950000000000003,0.0,981.0,0.0
1003.5,19.0,67.67,15.190000000000001,0.0,1003.5,0.0
967.0,19.05,66.86500000000001,20.595,0.5,967.0,0.0
584.0,18.75,67.75999999999999,30.755,3.0,876.0,0.0
470.0,18.1,69.895,42.260000000000005,3.0,736.5,0.0
560.0,17.1,73.56,54.075,0.0,560.0,0.0
296.5,15.8,78.955,65.805,2.0,363.5,0.0
167.5,14.25,85.855,77.19,1.0,167.5,0.0
23.0,13.100000000000001,90.64500000000001,87.715,1.5,23.0,0.0
0.0,12.200000000000001,92.345,106.71000000000001,1.0,0.0,0.2
0.0,11.95,92.67500000000001,113.5,1.0,0.0,5.1
0.0,11.75,93.13499999999999,117.81,1.0,0.0,12.2
0.0,11.700000000000001,92.785,119.1,4.0,0.0,18.3
0.0,11.650000000000002,92.695,117.18,6.0,0.0,22.5
0.0,11.600000000000001,92.96000000000001,112.32,3.0,0.0,24.8
0.0,11.600000000000001,93.03,105.105,2.0,0.0,26.0
0.0,11.75,92.275,96.16,1.0,0.0,25.4
19.0,12.2,89.91499999999999,85.76500000000001,2.0,43.5,23.7
202.0,12.850000000000001,86.665,74.95,1.0,202.0,21.3
117.0,13.55,84.20500000000001,63.480000000000004,3.0,397.0,18.6
187.5,14.5,81.44,51.705,3.0,589.5,12.1
219.0,15.65,77.885,39.905,3.0,758.5,4.7
267.5,16.6,75.12,28.545,3.0,885.5,0.0
378.0,17.4,72.66,18.91,3.0,963.0,0.0
383.0,17.7,72.36,15.115,3.0,984.0,0.0
413.0,17.65,72.7,20.509999999999998,5.0,951.0,0.0
362.5,17.3,73.72999999999999,30.675,5.0,862.0,0.0
310.0,16.8,75.0,42.18,5.0,724.5,0.0
326.5,16.05,77.28,53.995000000000005,5.5,551.0,0.0
73.5,14.900000000000002,81.55000000000001,65.72999999999999,5.5,356.0,0.0
15.0,13.75,86.01,77.11,4.0,165.0,0.0
7.0,12.95,88.96000000000001,87.64500000000001,5.5,22.5,0.0
0.0,12.350000000000001,90.61500000000001,106.62,2.0,0.0,0.2
0.0,12.200000000000001,90.96000000000001,113.42,5.5,0.0,4.9
0.0,12.100000000000001,91.10000000000001,117.73,7.0,0.0,11.5
0.0,12.100000000000001,91.01,119.03,7.0,0.0,17.7
0.0,12.0,91.96000000000001,117.12,4.0,0.0,22.0
0.0,12.0,92.26,112.275,7.0,0.0,24.2
0.0,12.0,92.56,105.075,7.0,0.0,25.8
0.0,12.100000000000001,92.5,96.135,5.5,0.0,26.3
12.0,12.65,90.06,85.755,7.0,41.0,25.2
11.0,13.600000000000001,85.87,74.95,6.0,193.5,22.2
25.5,14.5,82.21000000000001,63.480000000000004,7.5,381.5,18.3
131.5,14.850000000000001,80.99000000000001,51.71,5.5,568.5,12.0
350.0,15.0,80.59,39.910000000000004,6.0,733.5,4.7
264.5,15.3,79.33500000000001,28.535000000000004,4.0,862.5,0.0
392.5,15.75,77.43,18.88,6.0,945.0,0.0
534.5,16.3,75.50999999999999,15.040000000000001,6.0,972.5,0.0
572.0,17.05,72.99000000000001,20.424999999999997,5.5,948.5,0.0
406.5,17.15,72.66499999999999,30.595000000000002,3.5,857.0,0.0
349.0,16.85,73.18,42.105000000000004,5.0,718.5,0.0
334.0,16.200000000000003,75.105,53.92,5.5,544.5,0.0
134.0,15.15,79.37,65.65,4.0,350.0,0.0
61.0,13.950000000000001,84.69,77.03,4.0,160.5,0.0
9.0,13.0,88.86,87.57499999999999,4.0,22.0,0.0
0.0,12.600000000000001,90.21000000000001,106.53999999999999,7.0,0.0,0.2
0.0,12.600000000000001,90.2,113.34,3.5,0.0,5.0
0.0,12.600000000000001,90.43,117.655,4.0,0.0,11.8
0.0,12.5,91.26,118.965,4.0,0.0,18.1
0.0,12.5,91.49,117.07000000000001,3.5,0.0,22.6
0.0,12.5,91.48,112.24000000000001,3.0,0.0,24.9
0.0,12.45,92.225,105.05000000000001,4.0,0.0,26.4
0.0,12.5,92.41499999999999,96.125,3.0,0.0,26.6
6.5,13.15,89.375,85.755,3.0,42.5,25.5
22.5,14.05,84.515,74.95,3.0,198.5,23.0
220.5,14.850000000000001,80.785,63.485,3.0,389.5,18.2
419.0,15.450000000000001,78.475,51.72,2.5,581.0,11.8
522.0,15.950000000000001,76.41,39.915000000000006,3.0,751.5,4.7
569.0,16.6,73.75,28.53,2.5,883.5,0.0
722.0,17.1,71.695,18.855,2.5,965.0,0.0
633.5,17.35,70.79,14.98,3.0,993.5,0.0
535.0,17.450000000000003,70.07000000000001,20.345,3.0,956.5,0.0
870.0,17.55,69.16499999999999,30.520000000000003,0.0,870.0,0.0
735.0,17.35,69.48,42.03,0.0,735.0,0.0
561.5,16.950000000000003,70.62,53.85,0.0,561.5,0.0
366.0,16.25,73.33500000000001,65.58,0.0,366.0,0.0
172.0,15.200000000000001,78.92,76.95500000000001,0.0,172.0,0.0
24.5,13.900000000000002,87.72,87.5,0.0,24.5,0.0
0.0,12.65,97.265,106.46000000000001,0.0,0.0,0.2
0.0,12.25,99.665,113.26,0.0,0.0,5.1
0.0,12.0,100.0,117.58500000000001,0.0,0.0,11.8
0.0,12.0,100.0,118.905,0.0,0.0,18.1
0.0,11.9,99.88,117.02,0.0,0.0,22.2
0.0,11.650000000000002,100.0,112.21000000000001,0.0,0.0,25.3
0.0,11.4,100.0,105.03,1.0,0.0,27.0
0.0,11.7,99.845,96.11500000000001,4.0,0.0,26.9
23.0,12.950000000000001,95.01,85.75,2.0,44.5,25.0
62.5,14.2,88.875,74.95500000000001,3.0,203.0,22.3
170.0,15.0,83.685,63.495,3.5,397.0,8.9
230.5,15.75,79.23,51.730000000000004,3.5,588.5,2.4
436.5,16.35,76.06,39.925,4.0,756.5,1.3
512.0,16.950000000000003,73.535,28.535,3.5,882.0,0.0
565.5,17.55,70.93,18.835,3.0,963.0,0.0
987.5,18.05,68.815,14.92,0.5,987.5,0.0
625.0,18.3,67.51,20.275,3.0,955.0,0.0
868.0,18.3,67.0,30.450000000000003,0.5,868.0,0.0
637.0,17.85,68.315,41.96,2.0,732.0,0.0
452.5,17.05,71.365,53.78,2.0,558.0,0.0
295.0,15.95,76.465,65.50999999999999,2.0,362.5,0.0
171.0,15.100000000000001,81.235,76.88499999999999,0.0,171.0,0.0
25.0,14.25,87.32,87.435,0.0,25.0,0.0
0.0,12.9,96.305,106.39000000000001,0.0,0.0,0.2
0.0,12.700000000000001,97.37,113.195,4.0,0.0,5.1
0.0,12.75,97.065,117.525,0.5,0.0,12.1
0.0,12.9,96.37,118.855,0.0,0.0,18.3
0.0,12.850000000000001,96.515,116.985,2.0,0.0,22.6
0.0,12.5,98.26,112.185,2.5,0.0,25.1
0.0,12.100000000000001,99.81,105.015,3.5,0.0,26.5
0.0,12.100000000000001,99.33500000000001,96.11000000000001,1.5,0.0,26.2
44.0,13.150000000000002,94.305,85.75,0.0,44.0,25.0
201.5,14.7,86.375,74.965,0.0,201.5,21.8
395.5,15.8,80.375,63.505,0.5,395.5,17.7
585.0,16.700000000000003,76.33500000000001,51.74,0.0,585.0,11.3
753.0,17.650000000000002,72.61500000000001,39.94,0.0,753.0,4.4
885.0,18.6,69.305,28.545,0.0,885.0,0.0
964.0,19.300000000000004,67.025,18.825000000000003,0.0,964.0,0.0
815.0,19.700000000000003,65.845,14.870000000000001,5.5,990.0,0.0
780.0,19.8,65.51,20.205,3.5,959.5,0.0
792.0,19.550000000000004,66.16,30.380000000000003,1.5,871.5,0.0
611.0,19.0,67.885,41.895,2.5,735.0,0.0
270.5,18.1,71.25,53.715,4.0,560.0,0.0
200.5,16.85,76.545,65.44,4.0,365.0,0.0
37.0,15.5,82.92,76.82000000000001,4.0,173.0,0.0
9.5,14.350000000000001,88.84,87.38,2.0,25.5,0.0
0.0,13.55,92.36,106.32,0.0,0.0,0.2
0.0,13.350000000000001,92.89,113.13,0.0,0.0,5.0
0.0,13.05,93.845,117.47,0.0,0.0,11.8
0.0,12.850000000000001,94.36,118.81,0.0,0.0,17.7
0.0,12.650000000000002,94.775,116.95500000000001,0.0,0.0,21.7
0.0,12.350000000000001,95.45,112.16499999999999,0.0,0.0,25.1
0.0,12.150000000000002,95.575,105.01,0.0,0.0,26.6
0.0,12.15,94.68,96.11000000000001,0.0,0.0,25.2
46.0,12.850000000000001,90.32000000000001,85.76,0.0,46.0,20.5
207.5,13.950000000000001,84.92500000000001,74.98,0.0,207.5,18.0
403.0,15.5,79.375,63.525,0.0,403.0,18.5
595.0,17.400000000000002,73.5,51.760000000000005,0.0,595.0,12.1
763.5,19.200000000000003,68.06,39.96,0.0,763.5,4.8
895.0,20.8,63.415,28.560000000000002,0.0,895.0,0.0
976.5,21.85,61.115,18.82,0.0,976.5,0.0
1001.0,22.35,60.370000000000005,14.825,0.0,1001.0,0.0
963.5,22.450000000000003,60.02,20.145000000000003,0.0,963.5,0.0
875.5,22.25,60.144999999999996,30.32,0.0,875.5,0.0
738.5,21.650000000000002,61.595,41.83,0.0,738.5,0.0
564.5,20.550000000000004,64.995,53.65,0.0,564.5,0.0
370.5,19.05,70.325,65.38,0.0,370.5,0.0
177.5,17.1,78.555,76.76,0.0,177.5,0.0
26.5,15.450000000000001,86.36,87.325,0.0,26.5,0.0
0.0,14.25,92.09,106.25999999999999,0.0,0.0,0.2
0.0,13.95,93.53,113.075,0.0,0.0,5.0
0.0,13.8,93.96000000000001,117.425,0.0,0.0,11.6
0.0,13.700000000000001,93.89,118.775,0.0,0.0,17.1
0.0,13.600000000000001,94.19,116.93,0.0,0.0,20.8
0.0,13.700000000000001,93.39,112.15,0.0,0.0,24.4
0.0,13.8,92.61,105.01,0.0,0.0,26.3
0.0,14.15,90.065,96.11500000000001,0.0,0.0,26.8
47.5,15.700000000000001,83.89000000000001,85.78,0.0,47.5,25.7
214.0,17.85,77.385,75.0,1.0,214.0,23.0
413.0,19.5,69.84,63.550000000000004,0.0,413.0,18.4
610.0,21.3,64.345,51.79,0.0,610.0,12.0
781.5,23.25,56.67,39.980000000000004,0.0,781.5,4.8
914.5,24.950000000000003,50.47,28.575000000000003,0.0,914.5,0.0
996.5,26.25,45.53,18.815,0.0,996.5,0.0
1019.0,26.700000000000003,44.22,14.785,0.0,1019.0,0.0
986.5,26.6,44.775,20.085,0.0,986.5,0.0
895.0,26.150000000000002,46.8,30.259999999999998,0.0,895.0,0.0
755.0,25.200000000000003,50.504999999999995,41.769999999999996,0.0,755.0,0.0
578.5,23.75,57.04,53.59,0.0,578.5,0.0
382.0,21.800000000000004,65.47,65.32,0.0,382.0,0.0
185.0,19.4,76.67,76.7,0.0,185.0,0.0
28.0,17.3,86.1,87.27000000000001,0.0,28.0,0.0
0.0,15.65,90.48500000000001,106.21000000000001,0.0,0.0,0.2
0.0,15.05,91.72,113.025,0.0,0.0,5.0
0.0,14.55,92.555,117.385,0.0,0.0,11.8
0.0,14.05,93.86,118.74000000000001,0.5,0.0,18.1
0.0,13.600000000000001,95.125,116.905,0.0,0.0,22.5
0.0,13.3,95.43,112.145,0.0,0.0,25.4
0.0,12.9,96.09,105.01,0.0,0.0,27.1
0.0,12.8,94.685,96.13499999999999,0.0,0.0,27.2
48.5,13.7,88.805,85.795,0.5,48.5,26.0
217.0,15.0,82.15,75.02000000000001,1.0,217.0,22.8
418.5,16.7,75.785,63.575,0.0,418.5,18.6
618.5,18.700000000000003,68.095,51.81,0.0,618.5,12.2
791.0,20.25,62.675,40.01,0.0,791.0,4.9
921.0,21.15,60.16,28.595,0.0,921.0,0.0
999.0,21.6,58.305,18.82,0.0,999.0,0.0
1024.5,21.700000000000003,57.13,14.755,0.0,1024.5,0.0
994.0,21.700000000000003,56.09,20.03,0.0,994.0,0.0
907.0,21.55,55.620000000000005,30.200000000000003,0.0,907.0,0.0
767.5,21.1,56.17,41.715,0.0,767.5,0.0
588.0,20.200000000000003,58.35,53.535,0.0,588.0,0.0
386.5,18.700000000000003,63.910000000000004,65.25999999999999,0.0,386.5,0.0
184.5,16.7,73.30000000000001,76.64,0.0,184.5,0.0
27.5,14.850000000000001,82.94,87.215,0.0,27.5,0.0
0.0,13.4,89.17500000000001,106.155,0.0,0.0,0.2
0.0,12.9,91.09,112.97999999999999,0.0,0.0,5.1
0.0,12.600000000000001,92.055,117.345,0.0,0.0,12.1
0.0,12.200000000000001,93.94,118.715,0.0,0.0,18.5
0.0,11.9,95.33500000000001,116.89500000000001,0.0,0.0,23.0
0.0,11.650000000000002,96.215,112.145,0.0,0.0,26.2
0.0,11.45,96.72,105.02000000000001,0.0,0.0,27.9
0.0,11.450000000000001,96.08,96.14500000000001,0.0,0.0,27.7
47.0,12.350000000000001,90.63,85.815,0.0,47.0,26.1
213.5,13.8,84.08500000000001,75.05000000000001,0.0,213.5,22.9
415.5,15.4,78.53,63.605,0.0,415.5,18.5
613.0,17.0,72.86,51.845,0.0,613.0,12.1
785.0,18.4,68.195,40.04,0.0,785.0,4.9
917.0,19.400000000000002,65.24000000000001,28.62,0.0,917.0,0.0
999.0,20.1,63.31,18.83,0.0,999.0,0.0
1025.5,20.400000000000002,62.02,14.73,0.0,1025.5,0.0
993.0,20.35,61.519999999999996,19.985,0.0,993.0,0.0
901.5,20.0,61.7,30.15,0.0,901.5,0.0
762.5,19.25,63.32,41.66,0.0,762.5,0.0
583.0,18.15,66.61500000000001,53.480000000000004,0.0,583.0,0.0
381.0,16.700000000000003,72.095,65.21000000000001,0.0,381.0,0.0
180.0,15.0,79.795,76.59,0.0,180.0,0.0
26.5,13.55,87.25,87.17,0.0,26.5,0.0
0.0,12.4,92.08500000000001,106.11500000000001,0.0,0.0,0.2
0.0,12.150000000000002,92.47,112.94,0.0,0.0,5.1
0.0,11.95,92.815,117.32,0.0,0.0,11.8
0.0,11.700000000000001,93.53999999999999,118.695,0.0,0.0,17.9
0.0,11.45,94.36,116.89,0.0,0.0,22.7
0.0,11.25,94.955,112.15,0.0,0.0,25.8
0.0,11.05,95.685,105.035,0.0,0.0,27.6
0.0,11.100000000000001,94.95500000000001,96.17,0.0,0.0,27.6
42.5,11.950000000000001,90.39,85.84,0.0,42.5,26.1
203.0,13.5,83.21000000000001,75.08,0.0,203.0,23.0
405.0,15.200000000000001,76.55000000000001,63.64,0.0,405.0,18.7
602.5,16.9,70.225,51.88,0.0,602.5,12.3
776.0,18.5,64.295,40.07,0.0,776.0,5.0
908.5,19.75,60.13,28.650000000000002,0.0,908.5,0.0
992.0,20.550000000000004,57.754999999999995,18.845,0.0,992.0,0.0
1017.0,21.05,56.345,14.715,0.0,1017.0,0.0
983.5,21.200000000000003,55.81,19.939999999999998,0.0,983.5,0.0
894.0,21.1,55.82000000000001,30.1,0.0,894.0,0.0
754.5,20.700000000000003,56.56,41.61,0.0,754.5,0.0
578.0,19.85,58.905,53.43,0.0,578.0,0.0
379.5,18.400000000000002,63.58500000000001,65.16,0.0,379.5,0.0
182.5,16.3,71.95,76.54,0.0,182.5,0.0
27.5,14.350000000000001,81.045,87.13,0.0,27.5,0.0
0.0,12.95,88.14500000000001,106.075,0.0,0.0,0.2
0.0,12.650000000000002,89.755,112.91,0.0,0.0,4.9
0.0,12.4,91.165,117.295,0.0,0.0,11.6
0.0,12.100000000000001,92.83,118.69,0.0,0.0,17.2
0.0,11.850000000000001,94.4,116.89,0.0,0.0,21.5
0.0,11.600000000000001,95.68,112.16,0.0,0.0,25.0
0.0,11.5,95.76,105.055,0.0,0.0,26.3
0.0,11.75,93.80000000000001,96.2,0.0,0.0,26.5
44.5,12.95,89.24000000000001,85.87,0.0,44.5,25.4
207.5,14.8,82.24000000000001,75.11500000000001,0.0,207.5,23.0
408.0,16.85,74.715,63.675,0.0,408.0,18.4
605.0,19.3,66.285,51.92,0.0,605.0,12.2
779.0,21.5,58.660000000000004,40.11,0.0,779.0,5.0
911.5,22.950000000000003,54.065,28.69,0.0,911.5,0.0
994.5,23.800000000000004,51.25,18.87,0.0,994.5,0.0
1020.0,23.950000000000003,50.52,14.705000000000002,0.0,1020.0,0.0
987.5,23.65,51.08,19.9,0.0,987.5,0.0
897.0,23.05,52.43,30.055,0.0,897.0,0.0
759.0,22.1,54.504999999999995,41.565,0.0,759.0,0.0
583.0,20.800000000000004,58.17,53.385000000000005,0.0,583.0,0.0
386.0,19.1,64.02000000000001,65.115,0.0,386.0,0.0
188.0,17.05,72.65,76.5,0.0,188.0,0.0
29.0,15.100000000000001,82.36,87.09,0.0,29.0,0.0
0.0,13.5,88.36000000000001,106.04,0.0,0.0,0.2
0.0,13.150000000000002,89.13,112.885,0.0,0.0,4.8
0.0,12.850000000000001,89.825,117.275,0.0,0.0,11.3
0.0,12.55,90.655,118.685,0.0,0.0,16.9
0.0,12.45,90.77000000000001,116.89500000000001,0.0,0.0,20.0
0.0,12.55,90.46000000000001,112.18,0.0,0.0,23.0
0.0,13.0,87.66,105.08000000000001,0.0,0.0,25.4
0.0,13.7,83.32,96.23,0.0,0.0,25.9
47.0,15.05,79.695,85.91,0.0,47.0,24.9
214.0,17.1,72.58500000000001,75.155,0.5,214.0,22.5
416.0,18.8,65.78,63.72,0.0,416.0,17.8
614.5,20.75,59.7,51.96,0.0,614.5,11.7
788.0,23.0,51.305,40.155,0.0,788.0,4.8
921.5,24.9,44.355000000000004,28.725,0.0,921.5,0.0
1005.0,26.400000000000002,38.44,18.895000000000003,0.0,1005.0,0.0
1034.0,27.1,35.72,14.7,0.0,1034.0,0.0
1001.5,27.25,34.995000000000005,19.875,0.0,1001.5,0.0
911.0,26.950000000000003,35.715,30.015,0.0,911.0,0.0
769.0,26.1,38.145,41.519999999999996,0.0,769.0,0.0
591.0,24.6,41.93,53.34,0.0,591.0,0.0
391.5,22.450000000000003,48.644999999999996,65.075,0.0,391.5,0.0
191.5,19.5,63.46000000000001,76.46000000000001,0.0,191.5,0.0
30.5,17.05,72.995,87.06,0.0,30.5,0.0
0.0,15.45,78.92,106.01,0.0,0.0,0.2
0.0,15.150000000000002,79.945,112.86500000000001,0.0,0.0,4.7
0.0,14.95,80.5,117.27,0.0,0.0,11.2
0.0,14.700000000000001,81.76,118.685,0.0,0.0,17.1
0.0,14.850000000000001,80.20500000000001,116.91499999999999,0.0,0.0,21.4
0.0,15.0,78.27,112.20500000000001,0.0,0.0,23.9
0.0,15.150000000000002,76.465,105.11,0.0,0.0,25.1
0.0,15.7,72.67,96.265,0.0,0.0,25.4
47.5,17.15,68.66499999999999,85.94999999999999,0.0,47.5,24.6
216.0,19.450000000000003,64.37,75.2,0.5,216.0,22.1
418.5,21.35,53.82,63.760000000000005,0.0,418.5,17.8
618.5,23.0,49.49,52.005,0.0,618.5,11.8
792.5,24.9,44.6,40.195,0.0,792.5,4.9
926.0,26.400000000000002,40.89,28.77,0.0,926.0,0.0
1008.5,27.5,37.224999999999994,18.93,0.0,1008.5,0.0
1033.0,27.85,35.815,14.705,0.0,1033.0,0.0
997.0,27.75,35.785,19.845,0.0,997.0,0.0
908.5,27.400000000000002,36.225,29.975,0.0,908.5,0.0
770.5,26.4,38.19,41.480000000000004,0.0,770.5,0.0
593.0,24.650000000000002,42.980000000000004,53.3,0.0,593.0,0.0
394.0,22.200000000000003,51.59,65.035,0.0,394.0,0.0
192.5,19.4,63.589999999999996,76.42,0.0,192.5,0.0
30.5,16.85,76.295,87.03,0.0,30.5,0.0
0.0,14.75,83.505,105.99000000000001,0.0,0.0,0.2
0.0,14.3,83.72999999999999,112.85,0.0,0.0,4.8
0.0,13.850000000000001,83.885,117.27,0.0,0.0,11.4
0.0,13.4,84.845,118.69500000000001,0.0,0.0,17.5
0.0,13.0,86.605,116.935,0.0,0.0,21.7
0.0,12.650000000000002,88.78999999999999,112.23500000000001,0.0,0.0,25.3
0.0,12.4,90.635,105.15,0.0,0.0,27.0
0.0,12.5,90.405,96.31,0.0,0.0,27.1
45.0,13.55,86.61,85.99000000000001,0.0,45.0,25.7
209.0,15.4,79.035,75.245,0.0,209.0,22.1
408.0,17.400000000000002,71.355,63.81,0.0,408.0,18.6
604.0,19.55,64.91,52.055,0.0,604.0,12.3
775.0,21.700000000000003,58.54,40.245000000000005,0.0,775.0,5.0
903.5,23.6,53.045,28.815,0.0,903.5,0.0
985.5,25.0,48.15,18.975,0.0,985.5,0.0
1009.0,25.700000000000003,45.57,14.715,0.0,1009.0,0.0
977.5,25.5,46.345,19.825000000000003,0.0,977.5,0.0
887.5,24.700000000000003,49.025,29.945,0.0,887.5,0.0
748.0,23.35,53.32,41.45,0.0,748.0,0.0
574.5,21.400000000000002,60.705,53.265,0.0,574.5,0.0
378.0,19.400000000000002,68.845,65.0,0.0,378.0,0.0
182.0,17.35,77.75,76.39,0.0,182.0,0.0
28.0,15.75,85.17500000000001,87.0,1.5,28.0,0.0
0.0,14.5,89.655,105.975,1.0,0.0,0.2
0.0,14.100000000000001,90.66,112.845,0.0,0.0,4.8
0.0,13.700000000000001,91.645,117.275,0.0,0.0,11.4
0.0,13.25,93.03,118.71000000000001,0.0,0.0,18.0
0.0,12.95,93.89500000000001,116.965,0.0,0.0,22.3
0.0,12.75,94.12,112.27,0.0,0.0,23.0
0.0,12.55,94.38499999999999,105.19500000000001,3.0,0.0,13.6
0.0,12.600000000000001,93.27,96.355,1.5,0.0,18.0
41.0,13.65,88.41499999999999,86.04,0.5,41.0,20.5
113.0,15.150000000000002,81.655,75.295,2.0,197.0,17.0
141.0,16.900000000000002,75.86500000000001,63.86,3.0,390.0,17.4
286.5,18.75,69.89000000000001,52.11,3.0,581.0,12.1
462.0,20.3,65.235,40.3,3.0,748.5,5.1
647.5,21.55,61.845,28.865000000000002,2.0,873.0,0.0
954.0,22.5,59.55,19.015,0.5,954.0,0.0
981.0,23.0,58.64,14.73,0.0,981.0,0.0
948.0,23.05,58.46,19.810000000000002,0.5,948.0,0.0
862.5,22.75,58.89,29.915,0.0,862.5,0.0
729.0,22.1,60.260000000000005,41.42,0.0,729.0,0.0
556.5,21.150000000000002,62.615,53.235,0.0,556.5,0.0
275.5,19.9,66.39,64.97,2.0,364.5,0.0
114.5,18.2,73.53,76.36,2.0,174.0,0.0
26.0,16.5,82.465,86.975,0.5,26.0,0.0
0.0,15.0,89.43,105.965,0.5,0.0,0.1
0.0,14.600000000000001,90.5,112.845,0.0,0.0,4.4
0.0,14.3,90.92500000000001,117.285,0.0,0.0,10.9
0.0,13.95,91.77,118.735,1.0,0.0,17.0
0.0,13.600000000000001,93.075,116.995,4.0,0.0,21.2
0.0,13.350000000000001,93.76500000000001,112.31,2.5,0.0,17.2
0.0,13.150000000000002,94.255,105.245,3.5,0.0,23.4
0.0,13.15,93.945,96.405,1.0,0.0,10.7
36.0,14.0,89.965,86.08500000000001,0.5,36.0,7.9
95.0,15.4,84.315,75.35,2.0,184.5,13.4
132.0,17.05,79.29,63.92,3.0,370.0,14.5
283.0,18.65,74.92,52.160000000000004,3.0,557.0,11.7
724.0,20.0,71.625,40.355000000000004,0.5,724.0,5.0
847.0,21.150000000000002,68.63,28.92,0.0,847.0,0.0
931.5,22.1,66.39,19.07,0.0,931.5,0.0
961.5,22.700000000000003,65.295,14.755,0.0,961.5,0.0
928.0,23.05,64.38,19.795,0.0,928.0,0.0
841.0,22.85,64.64500000000001,29.89,0.0,841.0,0.0
706.5,22.05,66.62,41.39,0.0,706.5,0.0
538.5,20.800000000000004,70.315,53.205,0.0,538.5,0.0
348.5,19.300000000000004,75.505,64.945,0.0,348.5,0.0
164.0,17.9,80.72,76.33500000000001,0.0,164.0,0.0
24.0,16.85,84.905,86.96000000000001,0.0,24.0,0.0
0.0,16.0,88.435,105.96000000000001,0.0,0.0,0.2
0.0,15.75,89.635,112.85,0.5,0.0,4.7
0.0,15.55,90.43,117.30000000000001,1.0,0.0,11.4
0.0,15.350000000000001,91.36000000000001,118.765,0.5,0.0,17.3
0.0,15.05,92.62,117.03999999999999,0.0,0.0,15.4
0.0,14.850000000000001,93.12,112.36,0.0,0.0,14.0
0.0,14.650000000000002,93.48,105.295,0.0,0.0,23.0
0.0,14.600000000000001,92.94,96.465,0.0,0.0,22.1
32.5,15.15,90.08500000000001,86.14500000000001,0.0,32.5,23.1
149.0,16.3,85.11,75.405,2.0,175.5,21.4
261.5,17.9,79.41499999999999,63.97,3.0,361.0,13.9
400.5,19.6,73.47,52.22,3.0,549.0,7.4
716.0,21.200000000000003,68.74000000000001,40.415000000000006,0.5,716.0,4.7
837.5,22.25,66.09,28.98,0.5,837.5,0.0
919.5,22.75,64.61500000000001,19.119999999999997,0.0,919.5,0.0
946.5,22.650000000000002,65.185,14.785,0.0,946.5,0.0
887.0,22.650000000000002,64.73,19.79,4.0,924.0,0.0
556.0,22.85,63.400000000000006,29.869999999999997,8.0,842.0,0.0
482.0,22.950000000000003,62.370000000000005,41.365,8.0,712.0,0.0
421.5,22.65,62.705,53.18,7.0,545.0,0.0
282.0,21.700000000000003,65.665,64.925,7.0,356.5,0.0
123.5,19.9,73.355,76.32,2.5,168.5,0.0
17.5,17.75,83.34,86.95,7.0,25.0,0.0
0.0,16.0,89.63,105.96000000000001,0.0,0.0,0.2
0.0,15.650000000000002,90.47999999999999,112.86,4.0,0.0,4.6
0.0,15.45,91.21000000000001,117.325,7.0,0.0,11.3
0.0,15.25,92.64500000000001,118.8,7.0,0.0,17.4
0.0,15.100000000000001,93.75,117.09,7.0,0.0,20.4
0.0,15.100000000000001,94.09,112.41499999999999,7.5,0.0,20.2
0.0,15.100000000000001,94.05,105.355,5.0,0.0,17.6
0.0,15.100000000000001,93.785,96.525,7.5,0.0,5.5
25.5,15.55,91.325,86.2,7.0,34.0,15.1
55.0,16.35,87.71000000000001,75.47,4.0,179.0,20.3
196.0,17.6,83.13,64.035,3.5,365.0,12.9
457.5,19.15,78.07499999999999,52.28,7.5,553.0,6.5
585.0,20.5,73.545,40.475,7.5,721.5,4.9
553.5,21.6,69.57,29.04,6.5,854.0,0.0
522.5,22.3,66.5,19.18,6.5,937.5,0.0
662.0,22.800000000000004,63.815,14.825,7.5,955.5,0.0
673.0,21.950000000000003,65.355,19.795,7.0,902.5,0.0
670.5,20.200000000000003,71.19,29.86,7.0,820.0,0.0
567.0,18.85,76.33500000000001,41.345,7.0,689.0,0.0
383.5,17.950000000000003,80.035,53.160000000000004,7.0,522.0,0.0
225.0,17.35,82.845,64.905,5.5,336.5,0.0
138.5,16.75,85.53,76.305,8.0,154.5,0.0
12.5,16.1,88.885,86.94,8.0,20.5,0.0
0.0,15.75,90.41499999999999,105.97,7.0,0.0,0.2
0.0,15.9,90.045,112.885,7.0,0.0,4.9
0.0,15.850000000000001,91.11000000000001,117.355,4.0,0.0,11.4
0.0,15.700000000000001,91.92,118.85,7.0,0.0,16.2
0.0,15.5,92.42,117.14000000000001,7.0,0.0,15.2
0.0,15.25,92.76,112.475,7.0,0.0,5.4
0.0,15.0,93.11000000000001,105.415,7.0,0.0,10.1
0.0,14.8,93.15,96.58500000000001,5.5,0.0,16.5
13.5,14.9,91.67500000000001,86.25999999999999,4.0,32.0,4.2
73.5,15.5,88.445,75.535,4.0,175.5,13.3
337.0,16.85,83.05,64.1,7.5,360.0,4.2
274.5,18.55,76.58000000000001,52.345,4.0,550.0,10.0
555.5,20.15,70.92,40.54,7.5,719.0,4.4
272.5,21.450000000000003,66.24000000000001,29.105,6.0,857.0,0.0
567.5,22.200000000000003,63.125,19.244999999999997,5.0,943.0,0.0
592.0,22.5,61.57,14.865,3.0,972.5,0.0
805.5,22.450000000000003,61.025000000000006,19.805,2.0,948.0,0.0
756.0,22.15,61.650000000000006,29.845,2.0,864.0,0.0
567.0,21.5,63.94,41.33,3.0,732.0,0.0
438.5,20.550000000000004,67.675,53.144999999999996,3.0,563.5,0.0
288.0,19.200000000000003,73.95500000000001,64.885,3.0,372.0,0.0
139.0,17.700000000000003,81.6,76.295,2.0,181.0,0.0
28.5,16.3,89.275,86.935,0.5,28.5,0.0
0.0,15.150000000000002,94.005,105.985,1.0,0.0,0.2
0.0,14.850000000000001,94.70500000000001,112.905,0.5,0.0,4.6
0.0,14.600000000000001,95.25,117.395,1.0,0.0,11.1
0.0,14.3,96.09,118.89500000000001,1.0,0.0,17.3
0.0,14.0,96.965,117.19999999999999,1.0,0.0,21.5
0.0,13.75,97.405,112.545,1.0,0.0,24.0
0.0,13.45,98.265,105.485,1.0,0.0,24.2
0.0,13.55,96.82,96.655,1.0,0.0,22.4
39.5,14.450000000000001,92.055,86.325,0.5,39.5,16.4
197.0,15.8,86.59,75.6,0.0,197.0,10.5
304.5,17.4,81.275,64.17,2.0,393.0,15.2
519.5,19.05,75.81,52.410000000000004,2.0,588.5,10.5
759.5,20.75,69.65,40.605000000000004,0.0,759.5,4.6
889.5,22.1,64.96000000000001,29.175,0.0,889.5,0.0
973.5,23.050000000000004,61.230000000000004,19.314999999999998,0.0,973.5,0.0
1001.5,23.400000000000002,59.82,14.915,0.0,1001.5,0.0
970.0,23.300000000000004,59.245000000000005,19.82,0.0,970.0,0.0
885.5,22.8,59.84,29.845,0.0,885.5,0.0
751.5,21.900000000000002,61.655,41.32,0.0,751.5,0.0
579.0,20.700000000000003,64.825,53.13,0.0,579.0,0.0
384.0,19.05,70.83000000000001,64.88,0.0,384.0,0.0
189.0,17.25,78.465,76.28999999999999,0.5,189.0,0.0
30.5,15.7,86.07000000000001,86.935,0.0,30.5,0.0
0.0,14.5,91.845,106.0,0.0,0.0,0.1
0.0,14.200000000000001,93.03,112.94,1.0,0.0,4.1
0.0,13.8,94.845,117.44,0.0,0.0,10.5
0.0,13.45,96.37,118.95500000000001,0.0,0.0,15.7
0.0,13.150000000000002,97.72,117.265,0.5,0.0,19.4
0.0,12.95,98.53999999999999,112.61500000000001,0.0,0.0,22.0
0.0,12.850000000000001,98.755,105.56,0.0,0.0,23.2
0.0,13.05,97.325,96.73500000000001,3.0,0.0,23.2
36.5,14.0,91.68,86.395,1.5,41.0,22.1
203.0,15.100000000000001,85.23,75.67,1.0,203.0,20.2
88.0,16.05,79.86,64.24000000000001,3.0,402.0,17.9
170.0,16.9,74.965,52.480000000000004,3.0,599.0,12.1
301.5,17.75,70.23,40.675,3.0,772.5,4.9
426.5,18.4,66.805,29.25,3.0,903.0,0.0
822.5,18.85,64.57,19.39,1.5,987.0,0.0
1016.5,19.05,63.485,14.975000000000001,0.0,1016.5,0.0
992.0,19.1,62.980000000000004,19.84,0.0,992.0,0.0
906.0,19.05,62.835,29.84,0.0,906.0,0.0
770.0,18.700000000000003,63.71,41.31,0.0,770.0,0.0
594.5,18.05,65.83,53.125,0.0,594.5,0.0
396.0,17.05,70.025,64.875,0.0,396.0,0.0
195.0,15.700000000000001,76.80000000000001,76.28999999999999,0.0,195.0,0.0
31.5,14.3,85.655,86.935,0.0,31.5,0.0
0.0,13.350000000000001,93.935,106.03,2.0,0.0,0.1
0.0,13.150000000000002,95.255,112.975,2.0,0.0,4.5
0.0,13.0,95.88,117.495,3.0,0.0,11.4
0.0,12.850000000000001,96.36,119.02000000000001,3.0,0.0,17.6
0.0,12.650000000000002,97.03999999999999,117.34,2.0,0.0,21.7
0.0,12.45,97.66,112.69,3.0,0.0,24.3
0.0,12.25,98.55000000000001,105.64,3.0,0.0,27.0
0.0,12.350000000000001,97.735,96.815,3.0,0.0,27.3
34.5,13.350000000000001,91.975,86.46000000000001,2.0,39.0,25.9
198.5,14.8,85.39500000000001,75.745,1.0,198.5,22.9
127.0,16.3,80.36000000000001,64.31,3.0,397.5,18.3
194.5,18.0,74.77000000000001,52.55,3.0,595.0,12.1
341.5,19.550000000000004,69.515,40.75,3.0,768.0,5.0
664.0,20.900000000000002,65.005,29.32,3.0,900.5,0.0
985.5,21.700000000000003,62.6,19.475,0.5,985.5,0.0
1013.5,22.0,61.83,15.045,0.0,1013.5,0.0
980.5,21.950000000000003,62.150000000000006,19.865000000000002,1.0,980.5,0.0
893.0,21.700000000000003,62.46,29.845,0.0,893.0,0.0
759.0,21.1,63.68000000000001,41.31,0.0,759.0,0.0
585.5,20.200000000000003,65.845,53.120000000000005,0.0,585.5,0.0
388.5,18.85,70.37,64.87,0.0,388.5,0.0
190.0,17.1,78.1,76.28999999999999,0.0,190.0,0.0
30.5,15.350000000000001,86.63,86.95,0.0,30.5,0.0
0.0,13.9,91.895,106.055,0.0,0.0,0.1
0.0,13.600000000000001,92.56,113.025,0.0,0.0,4.4
0.0,13.25,93.86500000000001,117.55,0.0,0.0,11.3
0.0,13.05,94.38,119.09,2.0,0.0,17.7
0.0,12.700000000000001,95.9,117.42,2.0,0.0,22.3
0.0,12.4,97.095,112.775,3.0,0.0,25.3
0.0,12.150000000000002,98.02000000000001,105.72500000000001,3.0,0.0,27.2
0.0,12.2,97.125,96.89500000000001,3.0,0.0,27.2
34.0,13.15,91.33,86.535,2.0,34.0,25.9
199.0,14.55,85.16,75.82,1.0,199.0,22.7
256.0,15.9,79.975,64.38499999999999,1.5,398.0,18.4
148.0,17.150000000000002,74.93,52.63,3.0,595.0,12.1
227.5,18.200000000000003,70.41,40.825,3.0,769.0,5.0
369.0,18.950000000000003,67.435,29.4,3.0,897.0,0.0
891.5,19.3,65.75,19.555,1.5,980.0,0.0
935.5,19.400000000000002,64.95,15.115,1.5,1007.5,0.0
980.0,19.400000000000002,64.3,19.895000000000003,0.0,980.0,0.0
893.5,19.300000000000004,64.09,29.86,0.0,893.5,0.0
755.5,18.950000000000003,65.005,41.315,0.0,755.5,0.0
580.5,18.3,67.495,53.120000000000005,0.0,580.5,0.0
384.0,17.3,71.745,64.88,0.0,384.0,0.0
186.0,15.9,78.215,76.30000000000001,0.0,186.0,0.0
29.0,14.55,85.77000000000001,86.965,0.0,29.0,0.0
0.0,13.45,91.725,106.095,0.0,0.0,0.1
0.0,13.150000000000002,93.23500000000001,113.07000000000001,0.5,0.0,4.5
0.0,12.850000000000001,94.64,117.61500000000001,2.0,0.0,11.3
0.0,12.600000000000001,95.68,119.165,3.0,0.0,17.6
0.0,12.3,96.945,117.5,3.0,0.0,22.2
0.0,12.05,97.9,112.86000000000001,3.0,0.0,25.0
0.0,11.850000000000001,98.58000000000001,105.815,3.0,0.0,27.0
0.0,12.0,97.225,96.975,3.0,0.0,27.0
33.0,12.950000000000001,91.475,86.61500000000001,2.0,33.0,26.0
198.0,14.450000000000001,84.60499999999999,75.9,1.0,198.0,23.0
85.0,15.85,80.355,64.465,3.0,399.0,18.5
162.0,17.25,76.275,52.71,3.0,596.5,12.1
238.5,18.45,72.365,40.9,3.0,771.5,5.0
325.5,19.400000000000002,69.51,29.485000000000003,3.0,902.5,0.0
494.5,20.0,67.39500000000001,19.645000000000003,3.0,987.5,0.0
705.5,20.25,66.3,15.190000000000001,3.0,1016.0,0.0
895.0,20.25,65.805,19.935000000000002,1.5,986.0,0.0
898.5,19.950000000000003,65.83,29.87,0.0,898.5,0.0
762.5,19.400000000000002,66.565,41.315,0.0,762.5,0.0
587.5,18.5,68.89,53.13,0.0,587.5,0.0
390.0,17.3,73.15,64.88499999999999,0.5,390.0,0.0
176.5,15.8,79.71000000000001,76.315,7.5,191.5,0.0
21.5,14.350000000000001,87.31,86.98,7.0,30.5,0.0
0.0,13.200000000000001,92.33000000000001,106.14,4.0,0.0,0.1
0.0,13.0,92.77,113.13,7.0,0.0,4.2
0.0,12.9,92.92,117.685,4.0,0.0,10.9
0.0,12.8,93.2,119.25,8.0,0.0,17.3
0.0,12.650000000000002,93.965,117.595,8.0,0.0,21.7
0.0,12.55,94.305,112.96000000000001,7.5,0.0,23.4
0.0,12.45,94.74000000000001,105.905,7.5,0.0,25.3
0.0,12.450000000000001,94.62,97.07000000000001,7.0,0.0,25.9
14.5,13.05,91.325,86.69,7.5,32.5,24.6
149.0,14.0,87.06,75.99000000000001,7.5,195.5,22.1
218.0,15.05,82.89500000000001,64.545,8.0,393.5,18.4
471.0,16.2,77.86500000000001,52.79,7.5,590.5,12.1
510.5,17.200000000000003,73.475,40.980000000000004,7.0,765.0,5.0
737.5,18.05,69.765,29.575000000000003,7.5,901.0,0.0
821.5,18.55,67.19999999999999,19.740000000000002,7.0,988.0,0.0
1018.5,18.85,65.455,15.280000000000001,0.5,1018.5,0.0
987.0,19.0,64.8,19.98,0.0,987.0,0.0
899.5,18.950000000000003,65.07,29.895,0.0,899.5,0.0
764.0,18.700000000000003,66.06,41.33,0.0,764.0,0.0
588.0,18.1,68.38,53.14,0.0,588.0,0.0
389.0,17.15,72.325,64.9,0.0,389.0,0.0
189.0,15.650000000000002,79.31,76.33500000000001,0.0,189.0,0.0
29.5,14.2,86.94,87.005,0.0,29.5,0.0
0.0,13.100000000000001,92.5,106.19,0.0,0.0,0.1
0.0,12.850000000000001,93.57499999999999,113.195,0.0,0.0,4.3
0.0,12.55,94.93,117.77000000000001,0.0,0.0,11.0
0.0,12.3,96.03,119.34,0.5,0.0,17.4
0.0,12.0,97.475,117.695,2.0,0.0,22.0
0.0,11.75,98.225,113.06,0.5,0.0,25.1
0.0,11.600000000000001,98.61,106.005,1.0,0.0,26.8
0.0,11.75,97.11000000000001,97.16,3.0,0.0,27.1
31.5,12.55,92.02,86.775,0.5,31.5,25.9
195.0,13.850000000000001,85.685,76.07,0.5,195.0,22.9
333.0,15.15,80.195,64.63,2.0,395.0,18.6
457.5,16.4,74.745,52.870000000000005,3.0,593.5,12.2
658.0,17.5,70.28,41.07,2.0,767.0,5.0
824.0,18.25,67.32,29.66,1.5,904.5,0.0
990.0,18.75,65.475,19.840000000000003,0.0,990.0,0.0
1019.0,18.900000000000002,64.92,15.370000000000001,0.0,1019.0,0.0
988.0,19.0,64.44,20.03,0.0,988.0,0.0
900.0,18.8,65.00999999999999,29.92,0.0,900.0,0.0
761.5,18.35,66.395,41.345,0.0,761.5,0.0
585.5,17.5,69.47,53.155,0.0,585.5,0.0
387.0,16.4,73.815,64.91499999999999,0.0,387.0,0.0
187.5,15.05,79.985,76.355,1.0,187.5,0.0
29.0,13.7,87.00999999999999,87.035,0.0,29.0,0.0
0.0,12.650000000000002,91.95,106.245,0.5,0.0,0.1
0.0,12.5,92.3,113.265,0.0,0.0,4.4
0.0,12.350000000000001,93.045,117.85,0.0,0.0,11.1
0.0,12.200000000000001,93.99000000000001,119.44,0.0,0.0,17.5
0.0,11.95,95.65,117.79500000000002,0.0,0.0,22.1
0.0,11.850000000000001,95.995,113.16,0.5,0.0,25.2
0.0,11.75,96.195,106.105,0.0,0.0,26.9
0.0,11.700000000000001,95.80000000000001,97.26,0.0,0.0,27.1
31.0,12.400000000000002,91.14500000000001,86.86000000000001,0.0,31.0,25.8
193.0,13.65,84.535,76.16,0.0,193.0,22.9
394.0,15.0,78.75999999999999,64.715,1.0,394.0,18.6
593.0,16.3,73.63,52.95,0.5,593.0,12.2
769.0,17.5,69.21000000000001,41.15,0.0,769.0,5.0
910.0,18.5,65.72999999999999,29.75,0.0,910.0,0.0
997.0,19.25,62.97,19.939999999999998,0.0,997.0,0.0
1026.0,19.700000000000003,60.84,15.465,0.0,1026.0,0.0
997.0,19.900000000000002,58.99,20.085,0.0,997.0,0.0
911.5,19.800000000000004,57.64,29.950000000000003,0.0,911.5,0.0
775.5,19.5,56.91,41.370000000000005,0.0,775.5,0.0
600.0,18.85,57.635000000000005,53.175,0.0,600.0,0.0
401.0,17.75,61.185,64.935,0.0,401.0,0.0
196.0,15.850000000000001,70.385,76.38,0.0,196.0,0.0
31.0,13.900000000000002,82.295,87.07,0.0,31.0,0.0
0.0,12.45,91.91,106.31,0.0,0.0,0.1
0.0,12.100000000000001,93.92500000000001,113.345,0.0,0.0,4.3
0.0,11.75,95.795,117.94500000000001,0.0,0.0,10.7
0.0,11.4,97.61500000000001,119.545,0.0,0.0,16.5
0.0,11.150000000000002,98.905,117.905,0.0,0.0,21.0
0.0,10.850000000000001,100.0,113.27000000000001,0.0,0.0,23.4
0.0,10.650000000000002,100.0,106.21000000000001,0.0,0.0,25.3
0.0,10.850000000000001,98.53,97.36,0.0,0.0,25.6
32.0,12.200000000000001,90.86,86.95,0.0,32.0,24.6
197.0,14.200000000000001,81.155,76.25,0.5,197.0,22.7
400.0,16.3,73.25,64.805,0.0,400.0,18.1
601.0,18.75,63.870000000000005,53.04,0.0,601.0,12.0
775.0,21.200000000000003,55.045,41.24,0.0,775.0,4.9
912.5,23.35,47.41,29.85,0.0,912.5,0.0
1000.0,24.900000000000002,42.495000000000005,20.05,0.0,1000.0,0.0
1025.5,25.450000000000003,41.18000000000001,15.57,0.0,1025.5,0.0
995.5,25.4,41.295,20.15,0.0,995.5,0.0
907.5,24.900000000000002,42.39,29.985000000000003,0.0,907.5,0.0
769.0,24.1,44.245000000000005,41.39,0.0,769.0,0.0
592.0,22.800000000000004,47.66,53.2,0.0,592.0,0.0
393.5,21.05,53.155,64.965,0.0,393.5,0.0
192.0,18.75,62.27,76.42,0.0,192.0,0.0
30.0,16.55,73.60499999999999,87.11,0.0,30.0,0.0
0.0,14.75,81.53999999999999,106.375,0.0,0.0,0.1
0.0,14.200000000000001,84.405,113.425,0.0,0.0,4.2
0.0,13.700000000000001,87.405,118.04,0.0,0.0,10.6
0.0,13.3,89.595,119.655,0.0,0.0,16.6
0.0,12.95,91.185,118.025,0.0,0.0,20.7
0.0,12.75,91.575,113.38499999999999,0.0,0.0,23.3
0.0,12.55,92.06,106.32,0.0,0.0,25.1
0.0,12.65,91.075,97.47,0.0,0.0,25.9
29.5,13.75,86.2,87.045,1.5,29.5,25.0
190.0,15.45,79.36,76.345,0.5,190.0,22.3
388.5,17.4,71.21000000000001,64.89500000000001,0.0,388.5,17.3
587.5,19.75,62.040000000000006,53.13,0.0,587.5,12.0
763.0,22.0,53.66,41.33,0.0,763.0,5.0
901.5,24.05,47.14,29.945,0.0,901.5,0.0
989.0,25.5,42.855000000000004,20.16,0.0,989.0,0.0
1019.0,26.05,41.545,15.68,0.0,1019.0,0.0
988.0,25.9,41.795,20.22,0.0,988.0,0.0
899.5,25.35,42.725,30.03,0.0,899.5,0.0
765.0,24.55,44.36,41.425,0.0,765.0,0.0
588.0,23.450000000000003,47.14,53.230000000000004,0.0,588.0,0.0
388.0,21.75,52.885000000000005,64.995,0.0,388.0,0.0
188.0,19.3,63.045,76.45500000000001,0.0,188.0,0.0
28.5,16.950000000000003,75.375,87.155,0.0,28.5,0.0
0.0,15.100000000000001,83.595,106.45,0.0,0.0,0.1
0.0,14.600000000000001,85.86000000000001,113.515,0.0,0.0,4.0
0.0,14.200000000000001,87.87,118.14500000000001,0.0,0.0,10.8
0.0,13.8,89.85,119.77,0.0,0.0,17.1
0.0,13.5,91.215,118.14500000000001,0.0,0.0,21.0
0.0,13.200000000000001,92.43,113.505,0.0,0.0,18.4
0.0,12.95,93.435,106.44,0.0,0.0,8.6
0.0,13.0,92.75,97.575,0.0,0.0,6.2
28.5,14.0,88.13,87.14,0.0,28.5,2.8
187.0,15.650000000000002,80.025,76.445,1.0,187.0,3.2
386.0,17.450000000000003,73.68,64.985,0.0,386.0,17.9
586.5,19.6,66.94,53.22,0.0,586.5,12.0
763.5,21.550000000000004,60.185,41.425,0.0,763.5,4.6
896.5,22.950000000000003,55.09,30.045,0.0,896.5,0.0
983.0,23.75,51.195,20.275,0.0,983.0,0.0
1012.0,23.950000000000003,49.085,15.8,0.0,1012.0,0.0
984.0,23.700000000000003,49.325,20.3,0.0,984.0,0.0
899.0,23.25,50.35,30.075000000000003,0.0,899.0,0.0
760.5,22.6,52.33,41.465,0.0,760.5,0.0
584.5,21.700000000000003,55.625,53.260000000000005,0.0,584.5,0.0
384.5,20.3,61.855000000000004,65.035,1.0,384.5,0.0
184.0,18.25,73.22,76.5,0.5,184.0,0.0
27.5,16.2,85.08000000000001,87.2,0.5,27.5,0.0
0.0,14.450000000000001,91.715,106.53,1.0,0.0,0.1
0.0,14.0,92.89,113.61,2.0,0.0,4.2
0.0,13.650000000000002,93.795,118.26,3.0,0.0,10.8
0.0,13.3,94.765,119.89,2.0,0.0,17.1
0.0,13.0,95.08000000000001,118.27000000000001,1.0,0.0,22.0
0.0,12.650000000000002,95.525,113.63499999999999,3.0,0.0,24.9
0.0,12.45,95.33500000000001,106.56,3.0,0.0,26.4
0.0,12.4,94.78,97.69,3.0,0.0,26.8
27.5,13.05,90.9,87.23500000000001,2.0,27.5,25.2
184.0,14.5,85.43,76.545,1.0,184.0,22.9
126.0,16.05,80.105,65.08,3.0,381.0,17.8
277.5,17.55,75.19500000000001,53.31,3.0,578.0,10.2
510.5,18.8,71.11500000000001,41.515,3.0,752.5,4.9
488.0,19.8,67.9,30.150000000000002,3.0,888.0,0.0
974.0,20.5,65.965,20.395,1.0,974.0,0.0
750.5,20.8,65.54,15.925,3.0,1003.5,0.0
870.0,20.700000000000003,66.165,20.385,2.0,973.0,0.0
889.5,20.35,67.2,30.130000000000003,1.0,889.5,0.0
690.0,19.75,68.9,41.504999999999995,2.0,754.5,0.0
580.5,18.950000000000003,71.13499999999999,53.3,0.5,580.5,0.0
384.0,17.85,74.65,65.08,0.0,384.0,0.0
185.5,16.35,80.64500000000001,76.55,0.5,185.5,0.0
28.0,14.850000000000001,87.58500000000001,87.255,0.0,28.0,0.0
0.0,13.350000000000001,92.93,106.61500000000001,0.0,0.0,0.1
0.0,13.0,93.62,113.715,1.0,0.0,4.2
0.0,12.700000000000001,94.52000000000001,118.38,1.0,0.0,11.0
0.0,12.45,95.33500000000001,120.02,2.0,0.0,17.4
0.0,12.25,96.17000000000002,118.405,3.0,0.0,22.1
0.0,12.100000000000001,96.91,113.765,1.5,0.0,25.1
0.0,12.0,97.29,106.685,0.5,0.0,26.6
0.0,12.100000000000001,96.47,97.805,0.0,0.0,27.0
28.0,12.950000000000001,91.6,87.33500000000001,0.0,28.0,25.7
186.0,14.4,85.22,76.64500000000001,0.0,186.0,22.9
238.0,15.8,79.73500000000001,65.175,1.5,384.0,18.1
192.0,16.95,74.91499999999999,53.410000000000004,3.0,581.5,12.4
312.0,17.9,70.66,41.614999999999995,3.0,758.0,4.9
501.5,18.6,67.44,30.255000000000003,3.0,884.5,0.0
887.5,18.950000000000003,65.795,20.520000000000003,1.5,971.5,0.0
1005.0,19.150000000000002,64.68,16.055,0.0,1005.0,0.0
985.0,19.3,63.65,20.475,0.0,985.0,0.0
900.0,19.200000000000003,63.25,30.185000000000002,0.0,900.0,0.0
765.0,18.700000000000003,64.33500000000001,41.55,0.0,765.0,0.0
588.0,17.85,66.99000000000001,53.345,0.0,588.0,0.0
390.5,16.65,71.525,65.12,0.0,390.5,0.0
189.0,15.200000000000001,78.55000000000001,76.6,0.0,189.0,0.0
28.5,13.850000000000001,86.985,87.31,0.0,28.5,0.0
0.0,12.95,93.315,106.71000000000001,0.0,0.0,0.1
0.0,12.8,94.4,113.825,1.5,0.0,4.1
0.0,12.700000000000001,95.47,118.505,0.5,0.0,10.7
0.0,12.700000000000001,96.24000000000001,120.155,0.5,0.0,17.0
0.0,12.75,96.775,118.54500000000002,0.0,0.0,21.7
0.0,12.8,97.33,113.9,0.0,0.0,24.7
0.0,12.850000000000001,97.89000000000001,106.81,0.0,0.0,26.4
0.0,13.0,97.775,97.92,0.0,0.0,26.3
27.5,13.850000000000001,93.225,87.435,0.0,27.5,25.1
184.0,15.4,85.815,76.745,0.0,184.0,22.8
138.0,16.9,79.45500000000001,65.275,3.0,381.5,18.2
381.5,18.25,73.68,53.5,3.0,576.5,11.9
748.5,19.5,69.12,41.715,0.0,748.5,4.9
549.5,20.55,65.465,30.365000000000002,2.5,881.0,0.0
965.5,21.5,62.260000000000005,20.65,0.0,965.5,0.0
992.5,22.1,60.370000000000005,16.189999999999998,1.0,992.5,0.0
957.5,22.450000000000003,59.620000000000005,20.57,0.0,957.5,0.0
872.0,22.450000000000003,60.410000000000004,30.25,0.0,872.0,0.0
738.5,22.15,62.47,41.6,1.0,738.5,0.0
566.5,21.400000000000002,66.315,53.394999999999996,1.0,566.5,0.0
373.5,20.1,72.69,65.17999999999999,1.0,373.5,0.0
179.5,18.450000000000003,81.22999999999999,76.66,0.5,179.5,0.0
27.0,16.85,89.48500000000001,87.375,0.0,27.0,0.0
0.0,15.5,93.74000000000001,106.805,0.0,0.0,0.1
0.0,15.100000000000001,94.41499999999999,113.94,0.5,0.0,4.1
0.0,14.8,94.70500000000001,118.63,0.0,0.0,10.4
0.0,14.55,94.91499999999999,120.30000000000001,0.0,0.0,16.4
0.0,14.3,95.51,118.685,0.5,0.0,20.6
0.0,14.150000000000002,95.57499999999999,114.04,0.5,0.0,23.3
0.0,14.0,95.99000000000001,106.94,0.0,0.0,25.3
0.0,14.05,95.3,98.05000000000001,1.0,0.0,26.1
26.5,14.9,90.79,87.535,0.5,26.5,25.5
180.0,16.450000000000003,83.36,76.85,0.0,180.0,22.4
376.0,18.450000000000003,75.17,65.38,0.0,376.0,18.2
573.0,20.85,66.19,53.6,0.5,573.0,12.0
748.0,22.900000000000002,58.61,41.82,0.0,748.0,4.9
883.5,24.55,51.67,30.47,0.0,883.5,0.0
972.0,25.4,48.004999999999995,20.78,0.0,972.0,0.0
1004.5,25.75,46.51,16.335,0.0,1004.5,0.0
972.5,25.85,45.735,20.67,0.0,972.5,0.0
887.5,25.65,45.795,30.325,0.0,887.5,0.0
752.5,25.05,46.995000000000005,41.66,0.0,752.5,0.0
577.5,24.0,49.535,53.45,0.0,577.5,0.0
380.0,22.25,55.05,65.23,0.0,380.0,0.0
182.5,19.75,64.95,76.725,0.0,182.5,0.0
27.0,17.3,76.64000000000001,87.445,0.0,27.0,0.0
0.0,15.25,85.955,106.91,0.0,0.0,0.1
0.0,14.8,87.665,114.06,0.0,0.0,4.1
0.0,14.5,88.65,118.77000000000001,0.0,0.0,10.7
0.0,14.100000000000001,90.445,120.45,0.5,0.0,17.1
0.0,13.700000000000001,92.35,118.83500000000001,1.0,0.0,21.7
0.0,13.200000000000001,94.60499999999999,114.185,3.0,0.0,24.9
0.0,12.8,96.27000000000001,107.08,3.0,0.0,26.5
0.0,12.65,96.255,98.175,1.0,0.0,26.9
27.5,13.450000000000001,91.015,87.64,1.5,27.5,25.6
187.0,15.0,83.51,76.96000000000001,0.5,187.0,22.7
95.5,16.6,76.945,65.48,3.0,387.5,18.5
163.5,18.1,70.69,53.7,3.0,589.0,12.1
241.5,19.5,64.15,41.92,3.0,767.0,4.9
437.5,20.650000000000002,59.575,30.585,3.0,902.0,0.0
797.5,21.4,56.475,20.92,2.0,990.0,0.0
1019.5,21.75,55.065,16.485,0.0,1019.5,0.0
987.0,21.900000000000002,54.050000000000004,20.78,0.0,987.0,0.0
899.5,21.700000000000003,54.230000000000004,30.4,0.0,899.5,0.0
761.0,21.200000000000003,55.405,41.72,0.5,761.0,0.0
410.5,20.35,58.075,53.510000000000005,3.0,583.0,0.0
382.5,19.05,62.96,65.295,0.0,382.5,0.0
182.0,17.2,72.12,76.795,0.0,182.0,0.0
26.0,15.450000000000001,82.725,87.515,0.0,26.0,0.0
0.0,14.100000000000001,90.725,107.015,1.0,0.0,0.1
0.0,13.75,92.46000000000001,114.19,0.5,0.0,4.0
0.0,13.45,94.025,118.915,1.0,0.0,10.5
0.0,13.100000000000001,96.145,120.6,1.0,0.0,16.6
0.0,12.75,98.265,118.995,2.0,0.0,21.2
0.0,12.45,99.7,114.33500000000001,3.0,0.0,24.4
0.0,12.150000000000002,100.0,107.22,3.0,0.0,26.2
0.0,12.25,99.06,98.305,1.0,0.0,26.5
25.5,13.3,92.935,87.75,0.5,25.5,25.2
179.0,15.0,84.42500000000001,77.07,0.0,179.0,22.8
97.0,16.85,78.245,65.58500000000001,3.0,377.0,18.3
310.5,18.65,71.63,53.81,3.0,573.5,12.1
688.0,20.4,64.78,42.025,1.5,749.5,4.9
880.5,21.950000000000003,58.81,30.705000000000002,0.0,880.5,0.0
966.0,23.150000000000002,53.545,21.064999999999998,0.0,966.0,0.0
998.0,24.0,49.21,16.634999999999998,0.0,998.0,0.0
970.5,24.3,47.28,20.9,0.0,970.5,0.0
885.0,24.15,46.975,30.48,0.0,885.0,0.0
750.5,23.6,47.83,41.785,0.0,750.5,0.0
577.5,22.65,50.005,53.57,0.0,577.5,0.0
380.5,21.05,55.04,65.36500000000001,0.0,380.5,0.0
181.0,18.75,65.185,76.86500000000001,0.0,181.0,0.0
26.0,16.55,77.355,87.595,0.0,26.0,0.0
0.0,14.700000000000001,87.445,107.135,0.0,0.0,0.1
0.0,14.25,89.34,114.32,0.0,0.0,4.0
0.0,13.9,90.875,119.065,0.0,0.0,10.4
0.0,13.600000000000001,92.33500000000001,120.75999999999999,0.0,0.0,16.4
0.0,13.25,93.95,119.155,0.0,0.0,20.6
0.0,12.95,95.09,114.49000000000001,0.0,0.0,23.7
0.0,12.650000000000002,96.165,107.36500000000001,0.0,0.0,26.0
0.0,12.7,95.055,98.435,0.0,0.0,26.5
25.5,13.8,89.03999999999999,88.17,0.0,25.5,25.4
182.5,15.650000000000002,79.99000000000001,77.185,0.5,182.5,22.7
336.5,17.700000000000003,71.68,65.69,1.5,386.0,18.2
586.5,20.200000000000003,62.755,53.910000000000004,0.0,586.5,12.0
766.5,22.6,53.57,42.135000000000005,0.0,766.5,4.8
902.0,24.400000000000002,46.78,30.825000000000003,0.0,902.0,0.0
990.0,25.4,42.894999999999996,21.21,0.0,990.0,0.0
1021.0,25.8,41.46,16.8,0.0,1021.0,0.0
988.5,25.75,41.625,21.020000000000003,0.0,988.5,0.0
902.5,25.6,41.89,30.57,0.0,902.5,0.0
764.0,25.1,42.91,41.865,0.0,764.0,0.0
586.0,24.25,45.010000000000005,53.64,0.0,586.0,0.0
384.5,22.65,50.1,65.435,0.0,384.5,0.0
182.0,19.950000000000003,61.59,76.94999999999999,0.0,182.0,0.0
25.5,17.35,75.005,87.67500000000001,0.0,25.5,0.0
0.0,15.4,82.955,107.255,0.0,0.0,0.1
0.0,14.95,84.18,114.46000000000001,0.0,0.0,3.9
0.0,14.650000000000002,85.045,119.22,0.0,0.0,10.2
0.0,14.45,85.675,120.925,0.0,0.0,16.2
0.0,14.3,86.02,119.32,0.0,0.0,20.4
0.0,14.200000000000001,86.05,114.65,0.0,0.0,23.3
0.0,14.05,86.39,107.50999999999999,0.0,0.0,25.0
0.0,14.15,85.3,98.57,0.0,0.0,25.1
23.5,15.0,81.705,88.295,0.0,23.5,24.1
173.0,16.8,74.155,77.295,0.0,173.0,22.1
371.0,18.85,64.98,65.8,0.0,371.0,16.9
568.0,21.6,56.010000000000005,54.02,0.0,568.0,11.5
743.0,24.4,46.905,42.245000000000005,0.0,743.0,4.5
881.5,26.5,39.985,30.95,0.0,881.5,0.0
967.0,27.5,37.49,21.36,0.0,967.0,0.0
997.5,27.8,36.87,16.965,0.0,997.5,0.0
967.0,27.75,36.724999999999994,21.155,0.0,967.0,0.0
880.5,27.400000000000002,37.14,30.66,0.0,880.5,0.0
745.5,26.35,39.41,41.94,0.0,745.5,0.0
570.5,24.8,43.475,53.715,0.0,570.5,0.0
373.0,22.6,50.35,65.50999999999999,0.0,373.0,0.0
174.0,20.0,60.375,77.03,0.0,174.0,0.0
24.0,17.95,69.84,87.75999999999999,0.0,24.0,0.0
0.0,16.4,76.58500000000001,107.38499999999999,0.0,0.0,0.1
0.0,16.0,78.56,114.61,0.0,0.0,3.8
0.0,15.650000000000002,80.555,119.38499999999999,0.0,0.0,10.2
0.0,15.350000000000001,82.235,121.095,0.0,0.0,16.1
0.0,15.150000000000002,83.87,119.495,0.0,0.0,19.7
0.0,15.100000000000001,85.17,114.815,0.0,0.0,22.3
0.0,15.100000000000001,85.98,107.665,0.0,0.0,16.5
0.0,15.25,86.06,98.71000000000001,0.0,0.0,20.9
20.0,16.05,83.65,88.42,0.0,20.0,23.6
160.0,17.7,76.53999999999999,77.415,0.5,160.0,20.6
354.0,19.650000000000002,68.19999999999999,65.915,0.0,354.0,14.6
549.5,21.8,60.025000000000006,54.13,0.0,549.5,9.3
723.0,23.85,53.015,42.355000000000004,0.0,723.0,1.1
857.5,25.35,47.42,31.075000000000003,0.0,857.5,0.0
942.5,25.8,45.67,21.51,0.0,942.5,0.0
973.5,25.700000000000003,45.59,17.135,0.0,973.5,0.0
946.5,25.35,46.32,21.285,0.0,946.5,0.0
862.0,24.85,47.59,30.76,0.0,862.0,0.0
727.0,24.05,49.57,42.019999999999996,0.0,727.0,0.0
554.0,22.9,52.825,53.795,0.0,554.0,0.0
359.0,21.200000000000003,58.855000000000004,65.59,0.0,359.0,0.0
164.5,19.1,67.815,77.11500000000001,0.0,164.5,0.0
21.5,17.35,76.96000000000001,88.165,0.0,21.5,0.0
0.0,16.05,83.895,107.52000000000001,0.5,0.0,0.1
0.0,15.9,84.41,114.75999999999999,7.0,0.0,3.6
0.0,15.8,84.7,119.55000000000001,3.5,0.0,9.8
0.0,15.850000000000001,84.50999999999999,121.275,4.0,0.0,15.8
0.0,15.75,84.92,119.67,7.0,0.0,20.0
0.0,15.55,86.155,114.985,7.0,0.0,22.2
0.0,15.4,87.205,107.815,7.0,0.0,21.8
0.0,15.5,86.94500000000001,98.85,7.5,0.0,20.6
8.5,16.05,84.805,88.545,7.0,17.0,19.6
123.5,17.25,78.80000000000001,77.53,7.5,144.0,19.4
160.5,18.6,72.77,66.025,6.0,326.0,14.8
378.5,20.1,66.48500000000001,54.24,6.0,516.0,10.7
539.0,21.3,62.35,42.47,6.0,690.0,4.4
775.5,22.400000000000002,58.285,31.200000000000003,8.0,838.0,0.0
929.0,23.25,55.04,21.67,0.5,929.0,0.0
965.0,23.75,53.41,17.32,0.0,965.0,0.0
936.5,24.0,52.29,21.43,0.0,936.5,0.0
854.0,23.950000000000003,51.925,30.869999999999997,0.0,854.0,0.0
721.5,23.5,52.66,42.11,0.0,721.5,0.0
551.0,22.550000000000004,55.075,53.88,0.0,551.0,0.0
356.0,21.150000000000002,59.425,65.68,0.0,356.0,0.0
164.0,19.3,66.71000000000001,77.215,0.0,164.0,0.0
21.5,17.55,76.055,88.27000000000001,0.0,21.5,0.0
0.0,16.200000000000003,83.52,107.66,0.0,0.0,0.1
0.0,15.9,85.185,114.92,0.0,0.0,3.7
0.0,15.650000000000002,86.61,119.73,0.0,0.0,9.9
0.0,15.5,87.5,121.46000000000001,0.0,0.0,15.6
0.0,15.4,88.01,119.855,0.0,0.0,19.2
0.0,15.3,88.43,115.155,0.0,0.0,18.7
0.0,15.200000000000001,88.91,107.98,0.0,0.0,6.8
0.0,15.400000000000002,87.925,98.995,0.0,0.0,5.3
19.0,16.35,84.17,88.68,0.0,19.0,1.6
154.5,18.25,75.23,77.65,0.5,154.5,0.8
343.0,20.3,66.515,66.135,0.0,343.0,13.8
535.5,22.200000000000003,59.625,54.35,0.0,535.5,9.9
707.5,24.05,53.475,42.585,0.0,707.5,4.0
842.5,25.75,47.565,31.335,0.0,842.5,0.0
927.5,27.050000000000004,43.05,21.83,0.0,927.5,0.0
955.5,27.5,41.76,17.5,0.0,955.5,0.0
929.5,27.35,42.06,21.58,0.0,929.5,0.0
844.5,26.700000000000003,43.519999999999996,30.975,0.0,844.5,0.0
711.0,25.75,45.56,42.205,0.0,711.0,0.0
540.0,24.5,48.405,53.97,0.0,540.0,0.0
349.0,22.8,53.02,65.77000000000001,0.0,349.0,0.0
159.5,20.75,59.725,77.31,0.5,159.5,0.0
20.5,18.950000000000003,67.97,88.375,0.0,20.5,0.0
0.0,17.65,74.825,107.805,0.0,0.0,0.1
0.0,17.35,76.49000000000001,115.08500000000001,3.5,0.0,3.0
0.0,17.05,78.225,119.905,7.0,0.0,8.6
0.0,16.85,79.5,121.65,3.5,0.0,3.2
0.0,16.65,80.815,120.045,0.5,0.0,1.4
0.0,16.6,81.57000000000001,115.33000000000001,0.0,0.0,8.0
0.0,16.55,82.47999999999999,108.13499999999999,0.0,0.0,9.3
0.0,16.75,81.81,99.14000000000001,0.0,0.0,21.0
17.0,17.5,79.14500000000001,88.805,0.0,17.0,5.1
147.0,18.85,74.035,77.775,0.0,147.0,0.8
333.0,20.5,67.155,66.255,0.0,333.0,4.6
524.5,22.55,60.11,54.46,0.0,524.5,3.0
695.5,24.700000000000003,53.675,42.705,0.0,695.5,4.0
840.5,26.900000000000002,47.355000000000004,31.47,0.0,840.5,0.0
926.5,28.55,42.980000000000004,22.0,0.0,926.5,0.0
956.5,29.200000000000003,41.2,17.69,0.0,956.5,0.0
921.0,29.150000000000002,41.08,21.735,0.0,921.0,0.0
838.5,28.75,41.44500000000001,31.095,0.0,838.5,0.0
705.5,28.150000000000002,42.31,42.305,0.0,705.5,0.0
536.0,27.15,44.53,54.06,0.0,536.0,0.0
345.0,25.55,49.3,65.87,0.0,345.0,0.0
155.5,23.25,57.55,77.42,0.0,155.5,0.0
19.5,21.200000000000003,66.495,88.495,0.0,19.5,0.0
0.0,19.6,73.575,107.955,0.0,0.0,0.1
0.0,19.35,74.65,115.255,0.0,0.0,3.6
0.0,19.200000000000003,74.84,120.095,0.0,0.0,9.8
0.0,19.150000000000002,74.965,121.845,0.0,0.0,15.5
0.0,18.950000000000003,76.24000000000001,120.235,0.0,0.0,19.6
0.0,18.75,77.64500000000001,115.51500000000001,2.0,0.0,22.5
0.0,18.55,78.775,108.305,0.0,0.0,23.8
0.0,18.6,78.61000000000001,99.28999999999999,0.0,0.0,23.9
16.5,19.15,76.70500000000001,88.94,0.0,16.5,22.9
146.5,20.75,69.475,77.89500000000001,0.5,146.5,21.3
333.5,22.900000000000002,61.485,66.37,0.5,333.5,16.9
524.5,25.550000000000004,54.08,54.58,0.0,524.5,11.1
697.0,27.9,47.595,42.825,0.0,697.0,4.4
836.5,29.400000000000002,43.57,31.605,0.0,836.5,0.0
924.0,30.150000000000002,41.629999999999995,22.17,0.0,924.0,0.0
956.5,30.450000000000003,40.785,17.89,0.0,956.5,0.0
927.0,30.700000000000003,39.85,21.895,0.0,927.0,0.0
846.0,30.700000000000003,39.27,31.220000000000002,0.5,846.0,0.0
715.0,30.200000000000003,40.035,42.41,0.0,715.0,0.0
547.0,29.400000000000002,41.55500000000001,54.165000000000006,0.0,547.0,0.0
355.0,27.800000000000004,45.64,65.975,0.0,355.0,0.0
162.5,25.25,54.660000000000004,77.525,0.5,162.5,0.0
20.5,22.75,65.52,88.61500000000001,0.0,20.5,0.0
0.0,20.9,73.07499999999999,108.11,0.0,0.0,0.1
0.0,20.450000000000003,74.82,115.435,0.5,0.0,3.7
0.0,20.150000000000002,75.88,120.28999999999999,0.0,0.0,10.0
0.0,20.05,76.175,122.05000000000001,7.0,0.0,15.6
0.0,20.0,76.58,120.435,4.0,0.0,19.9
0.0,20.0,77.14,115.7,0.0,0.0,22.8
0.0,20.1,77.01,108.475,1.5,0.0,24.6
0.0,20.25,76.295,99.445,0.0,0.0,25.3
15.5,20.6,75.39500000000001,89.075,0.0,15.5,23.9
143.0,21.450000000000003,74.44,78.025,0.0,143.0,21.2
327.5,22.900000000000002,64.965,66.49000000000001,0.0,327.5,6.1
518.5,25.15,56.754999999999995,54.695,0.0,518.5,7.9
690.5,27.700000000000003,47.525000000000006,42.945,0.0,690.5,4.1
830.5,29.5,42.379999999999995,31.740000000000002,0.0,830.5,0.0
917.0,30.550000000000004,40.185,22.345,0.0,917.0,0.0
948.5,31.0,39.644999999999996,18.09,0.0,948.5,0.0
925.0,31.200000000000003,38.99,22.064999999999998,0.0,925.0,0.0
842.5,30.85,39.075,31.35,0.0,842.5,0.0
710.0,29.700000000000003,40.945,42.519999999999996,0.0,710.0,0.0
540.0,27.950000000000003,44.465,54.27,0.0,540.0,0.0
347.5,25.6,50.510000000000005,66.075,0.0,347.5,0.0
156.0,22.700000000000003,60.685,77.64500000000001,0.5,156.0,0.0
13.0,20.3,71.815,88.74000000000001,1.5,18.5,0.0
0.0,18.35,80.71000000000001,115.61,0.0,0.0,3.7
0.0,18.1,82.255,120.485,0.0,0.0,10.1
0.0,17.75,83.68,122.255,1.0,0.0,16.0
0.0,17.450000000000003,84.50999999999999,120.64000000000001,0.0,0.0,20.5
0.0,17.25,85.215,115.89,0.0,0.0,22.6
0.0,17.05,86.25999999999999,108.64500000000001,0.0,0.0,24.3
0.0,17.1,86.18,99.6,0.0,0.0,24.3
15.5,17.6,83.785,89.21000000000001,0.0,15.5,22.7
145.0,18.950000000000003,78.215,78.15,0.0,145.0,20.8
332.0,20.800000000000004,72.225,66.61,0.5,332.0,11.4
525.5,23.1,65.815,54.81,0.0,525.5,6.1
699.5,25.400000000000002,59.095,43.07,0.0,699.5,3.0
842.5,27.25,53.05,31.88,0.0,842.5,0.0
931.5,28.5,48.425,22.525,0.0,931.5,0.0
964.0,29.1,45.22,18.295,0.0,964.0,0.0
934.5,29.0,44.995000000000005,22.240000000000002,0.0,934.5,0.0
854.0,28.550000000000004,45.575,31.485,0.0,854.0,0.0
722.5,27.75,46.89,42.635000000000005,0.0,722.5,0.0
552.5,26.65,49.075,54.38,0.0,552.5,0.0
358.5,24.950000000000003,53.715,66.195,0.0,358.5,0.0
163.0,22.65,62.59,77.76,0.5,163.0,0.0
20.0,20.35,73.12,88.875,0.0,20.0,0.0
0.0,17.700000000000003,80.87,115.805,1.0,0.0,2.8
0.0,17.35,81.685,120.69,0.0,0.0,8.8
0.0,17.15,82.33000000000001,122.47,0.0,0.0,14.6
0.0,16.950000000000003,83.42,120.845,0.0,0.0,18.1
0.0,16.700000000000003,85.08000000000001,116.08500000000001,0.0,0.0,16.8
0.0,16.450000000000003,86.83500000000001,108.82,0.0,0.0,17.8
0.0,16.4,87.42500000000001,99.755,0.5,0.0,7.2
15.5,16.950000000000003,84.875,89.355,0.0,15.5,5.2
147.0,18.35,78.66499999999999,78.28,1.0,147.0,4.2
293.5,20.35,70.745,66.73,1.5,340.5,12.3
538.0,22.450000000000003,63.14,54.93,0.0,538.0,10.9
716.0,24.450000000000003,56.66,43.19500000000001,0.0,716.0,4.4
859.0,26.1,51.6,32.025,0.0,859.0,0.0
951.5,27.25,47.82,22.705,0.0,951.5,0.0
986.5,27.75,45.43000000000001,18.509999999999998,0.0,986.5,0.0
963.5,27.700000000000003,44.379999999999995,22.42,0.0,963.5,0.0
878.5,27.25,44.355000000000004,31.625,0.0,878.5,0.0
742.0,26.55,44.96,42.76,0.0,742.0,0.0
563.5,25.300000000000004,47.645,54.495000000000005,0.0,563.5,0.0
362.0,23.55,53.385000000000005,66.31,0.0,362.0,0.0
162.0,21.300000000000004,63.32,77.89,0.0,162.0,0.0
19.0,19.200000000000003,74.46000000000001,89.01,0.0,19.0,0.0
0.0,17.1,83.8,116.0,0.0,0.0,3.5
0.0,16.8,84.89500000000001,120.9,0.0,0.0,9.8
0.0,16.4,86.92,122.685,0.0,0.0,16.2
0.0,16.05,89.08500000000001,121.055,0.5,0.0,20.7
0.0,15.75,91.035,116.28,0.0,0.0,24.1
0.0,15.55,92.275,108.995,2.0,0.0,25.9
0.0,15.5,92.565,99.91,0.0,0.0,26.2
16.0,16.15,89.13,89.495,0.5,16.0,25.1
153.0,17.65,82.22,78.41,0.5,153.0,22.2
148.5,19.25,75.59,66.855,3.0,349.0,18.0
225.5,20.65,70.06,55.05,3.0,549.0,11.8
372.0,22.0,64.64500000000001,43.32,3.0,730.0,4.5
765.0,23.150000000000002,59.415000000000006,32.175,1.5,867.5,0.0
698.0,23.9,55.605000000000004,22.89,3.0,959.0,0.0
992.5,24.200000000000003,53.36,18.725,1.0,992.5,0.0
964.0,24.1,52.115,22.61,0.0,964.0,0.0
876.5,23.6,52.42,31.77,0.5,876.5,0.0
737.5,22.65,54.545,42.89,0.0,737.5,0.0
559.5,21.25,58.870000000000005,54.620000000000005,0.5,559.5,0.0
360.0,19.5,66.16,66.43,1.0,360.0,0.0
160.5,17.65,75.42500000000001,78.015,0.5,160.5,0.0
18.0,16.35,82.535,89.15,0.0,18.0,0.0
0.0,14.95,89.41499999999999,116.195,1.0,0.0,3.6
0.0,14.650000000000002,90.86000000000001,121.11500000000001,1.0,0.0,10.3
0.0,14.350000000000001,92.475,122.91,1.0,0.0,16.7
0.0,14.05,94.125,121.27000000000001,1.0,0.0,21.3
0.0,13.8,95.44,116.48,3.0,0.0,24.6
0.0,13.55,96.785,109.18,3.0,0.0,26.1
0.0,13.5,96.88,100.075,3.0,0.0,26.4
15.5,14.25,92.27000000000001,89.63,1.5,15.5,25.1
154.0,15.9,83.77000000000001,78.535,0.0,154.0,22.3
114.5,17.55,76.275,66.975,3.0,356.5,16.6
205.5,19.25,69.355,55.175,3.0,562.5,10.8
387.5,20.9,62.765,43.45,3.0,746.0,4.1
843.5,22.25,56.175,32.32,2.0,890.5,0.0
983.5,23.05,51.585,23.08,0.5,983.5,0.0
1015.5,23.3,49.08,18.950000000000003,0.0,1015.5,0.0
984.0,23.15,48.345,22.805,0.0,984.0,0.0
894.0,22.5,50.004999999999995,31.925000000000004,0.0,894.0,0.0
749.0,21.6,52.815,43.02,0.0,749.0,0.0
402.0,20.450000000000003,57.11,54.74,3.0,566.0,0.0
290.0,18.900000000000002,63.855000000000004,66.56,2.0,360.5,0.0
157.0,17.1,73.63499999999999,78.155,0.5,157.0,0.0
11.5,15.7,82.93,89.295,1.5,17.0,0.0
0.0,14.45,92.375,116.4,0.5,0.0,3.5
0.0,14.200000000000001,94.16,121.34,1.0,0.0,10.0
0.0,14.0,95.56,123.14,1.0,0.0,16.1
0.0,13.850000000000001,96.785,121.495,1.0,0.0,20.8
0.0,13.650000000000002,98.11000000000001,116.685,1.0,0.0,23.7
0.0,13.55,98.67000000000002,109.36,1.0,0.0,25.4
0.0,13.55,98.56,100.235,1.0,0.0,25.8
14.0,14.350000000000001,93.89500000000001,89.775,0.5,14.0,24.7
147.0,16.05,84.845,78.67,0.0,147.0,22.1
84.0,17.5,79.1,67.105,3.0,344.0,17.8
161.5,19.0,73.89,55.3,3.0,544.5,11.4
240.5,20.5,68.245,43.58,3.0,722.5,4.3
312.0,21.85,63.305,32.47,3.0,867.5,0.0
408.0,22.800000000000004,59.915000000000006,23.275,3.0,954.5,0.0
487.0,23.200000000000003,58.44,19.18,3.0,986.0,0.0
481.0,23.050000000000004,58.285,23.005000000000003,3.0,956.0,0.0
766.0,22.450000000000003,59.42,32.085,1.5,868.5,0.0
642.0,21.5,61.925,43.16,1.5,730.0,0.0
450.5,20.200000000000003,66.18,54.875,2.0,553.0,0.0
249.5,18.65,72.0,66.695,2.0,352.0,0.0
153.0,17.0,79.42500000000001,78.295,0.0,153.0,0.0
16.0,15.75,85.285,89.445,1.0,16.0,0.0
0.0,14.75,90.46000000000001,116.61500000000001,1.0,0.0,2.7
0.0,14.650000000000002,91.24000000000001,121.57,1.0,0.0,8.9
0.0,14.45,92.61500000000001,123.37,1.0,0.0,14.6
0.0,14.350000000000001,93.265,121.725,1.0,0.0,18.7
0.0,14.25,93.84,116.89500000000001,1.0,0.0,22.6
0.0,14.150000000000002,94.555,109.545,1.0,0.0,24.4
0.0,14.200000000000001,94.32000000000001,100.4,1.0,0.0,25.4
13.0,14.9,90.445,89.91499999999999,0.5,13.0,24.4
140.0,16.450000000000003,82.42,78.805,0.0,140.0,21.7
131.5,17.75,76.695,67.23,3.0,334.5,17.6
278.5,19.05,72.095,55.425,3.0,533.0,11.5
302.0,20.450000000000003,67.37,43.715,3.0,713.0,4.3
274.5,21.6,62.980000000000004,32.625,3.0,854.5,0.0
477.5,22.4,59.63,23.475,3.0,944.5,0.0
574.5,22.650000000000002,58.105000000000004,19.41,3.0,976.5,0.0
517.0,22.4,58.230000000000004,23.21,3.0,946.5,0.0
674.5,21.900000000000002,59.065,32.255,2.0,857.5,0.0
677.0,21.05,61.235,43.3,4.0,720.0,0.0
429.0,20.0,64.485,55.010000000000005,7.5,542.0,0.0
201.0,18.700000000000003,69.57,66.83500000000001,6.0,342.5,0.0
113.0,17.15,76.86500000000001,78.44,7.5,146.5,0.0
10.0,16.0,83.25,89.6,5.5,14.5,0.0
0.0,15.150000000000002,89.575,116.83000000000001,1.0,0.0,3.2
0.0,14.95,91.36500000000001,121.805,1.0,0.0,9.7
0.0,14.850000000000001,92.595,123.61000000000001,0.5,0.0,15.8
0.0,14.650000000000002,94.14,121.95,0.0,0.0,19.8
0.0,14.45,95.07499999999999,117.105,0.0,0.0,22.6
0.0,14.25,95.87,109.735,0.0,0.0,24.9
0.0,14.200000000000001,95.75999999999999,100.57000000000001,0.0,0.0,25.1
5.5,14.8,91.965,90.065,1.5,13.0,23.8
100.5,16.1,84.21000000000001,78.94,4.0,141.5,20.6
267.0,17.65,75.85,67.355,1.5,336.5,17.4
460.5,19.300000000000004,67.06,55.545,3.5,535.0,11.3
712.5,20.9,60.195,43.845,0.5,712.5,4.2
854.0,22.3,54.715,32.785,1.0,854.0,0.0
854.5,23.35,50.375,23.67,2.0,942.5,0.0
973.5,23.8,48.160000000000004,19.65,1.0,973.5,0.0
807.5,23.85,46.535,23.42,8.0,943.5,0.0
858.0,23.6,45.230000000000004,32.43,0.5,858.0,0.0
723.0,23.0,44.82000000000001,43.455,0.0,723.0,0.0
547.0,22.050000000000004,46.22,55.155,0.5,547.0,0.0
349.0,20.650000000000002,50.29,66.975,0.0,349.0,0.0
152.5,18.8,57.870000000000005,78.59,0.0,152.5,0.0
15.5,17.200000000000003,67.975,89.76500000000001,0.5,15.5,0.0
0.0,15.55,84.63,117.055,0.0,0.0,2.3
0.0,15.350000000000001,86.58,122.03999999999999,0.0,0.0,8.6
0.0,15.100000000000001,88.44999999999999,123.85,0.0,0.0,14.1
0.0,14.8,90.44,122.185,0.0,0.0,20.7
0.0,14.5,92.23,117.32,0.0,0.0,24.8
0.0,14.25,93.84,109.92500000000001,0.0,0.0,26.5
0.0,14.25,93.98500000000001,100.73500000000001,0.0,0.0,26.9
12.5,14.75,91.13,90.21000000000001,0.0,12.5,25.8
141.5,16.200000000000003,82.67,79.075,0.0,141.5,22.6
339.0,17.9,73.155,67.485,0.0,339.0,18.1
540.0,19.400000000000002,65.175,55.675,0.0,540.0,11.7
719.5,20.5,59.715,43.980000000000004,0.0,719.5,4.3
862.0,21.200000000000003,55.72,32.945,0.0,862.0,0.0
957.0,21.450000000000003,53.795,23.880000000000003,0.0,957.0,0.0
993.5,21.25,54.145,19.895,0.0,993.5,0.0
963.5,21.05,54.57,23.64,0.0,963.5,0.0
878.5,20.75,55.28,32.605000000000004,0.0,878.5,0.0
741.0,20.200000000000003,57.09,43.61,0.0,741.0,0.0
563.0,19.400000000000002,60.370000000000005,55.305,0.0,563.0,0.0
358.0,18.200000000000003,65.91,67.125,0.0,358.0,0.0
153.0,16.700000000000003,74.22,78.745,0.0,153.0,0.0
14.5,15.3,83.355,89.925,0.0,14.5,0.0
0.0,14.150000000000002,91.42,117.28,0.0,0.0,3.5
0.0,13.95,92.85,122.285,0.0,0.0,10.2
0.0,13.75,94.26500000000001,124.1,0.0,0.0,16.4
0.0,13.600000000000001,95.01,122.425,0.0,0.0,21.0
0.0,13.5,95.09,117.535,0.0,0.0,23.9
0.0,13.25,96.28,110.12,0.0,0.0,26.1
0.0,13.200000000000001,96.43,100.905,0.5,0.0,26.4
11.0,13.8,92.39500000000001,90.36000000000001,0.0,11.0,25.1
137.0,15.3,82.70500000000001,79.215,0.0,137.0,21.3
335.5,16.65,75.045,67.61500000000001,0.0,335.5,18.3
538.5,18.1,68.535,55.805,0.0,538.5,11.6
722.0,19.700000000000003,62.05500000000001,44.115,0.0,722.0,4.3
863.0,21.300000000000004,55.35,33.105000000000004,0.0,863.0,0.0
953.5,22.650000000000002,50.0,24.085,0.0,953.5,0.0
985.5,23.4,47.265,20.145,0.0,985.5,0.0
957.0,23.6,46.13,23.865000000000002,0.0,957.0,0.0
867.0,23.35,46.35,32.785,0.0,867.0,0.0
725.5,22.8,47.465,43.769999999999996,0.0,725.5,0.0
546.0,21.75,50.34,55.455,0.0,546.0,0.0
341.0,20.150000000000002,55.79,67.285,0.0,341.0,0.0
142.0,18.0,65.245,78.905,0.0,142.0,0.0
12.0,16.25,75.36500000000001,90.095,0.0,12.0,0.0
0.0,14.5,89.87,117.515,0.0,0.0,3.4
0.0,14.200000000000001,92.75,122.535,0.0,0.0,10.0
0.0,13.9,95.23,124.355,0.0,0.0,16.3
0.0,13.600000000000001,97.275,122.67,0.0,0.0,20.7
0.0,13.350000000000001,98.32,117.76,0.0,0.0,23.4
0.0,13.200000000000001,98.37,110.315,0.0,0.0,25.3
0.0,13.200000000000001,97.555,101.08000000000001,0.0,0.0,25.6
10.0,14.05,92.185,90.51,0.0,10.0,23.8
134.5,15.8,82.86500000000001,79.35,0.0,134.5,20.6
332.0,17.35,75.515,67.745,1.0,332.0,17.6
534.0,19.1,68.32,55.935,0.0,534.0,11.3
714.0,20.700000000000003,61.675000000000004,44.260000000000005,0.0,714.0,4.1
840.5,22.05,55.715,33.269999999999996,0.0,840.5,0.0
930.5,23.050000000000004,51.465,24.3,0.0,930.5,0.0
960.0,23.6,48.565,20.4,0.0,960.0,0.0
929.5,23.650000000000002,47.565,24.095,0.0,929.5,0.0
843.5,23.25,48.370000000000005,32.980000000000004,0.0,843.5,0.0
705.0,22.6,49.92,43.94,0.0,705.0,0.0
464.5,21.550000000000004,52.7,55.615,2.0,527.0,0.0
327.5,19.85,58.57,67.44,0.0,327.5,0.0
133.0,17.7,67.605,79.07000000000001,0.0,133.0,0.0
10.5,15.850000000000001,78.15,90.275,0.0,10.5,0.0
0.0,14.4,88.42,110.21000000000001,0.0,0.0,0.1
0.0,14.05,91.23,117.75,1.0,0.0,3.5
0.0,13.700000000000001,94.05,122.785,0.5,0.0,10.1
0.0,13.45,95.65,124.61500000000001,0.0,0.0,16.2
0.0,13.150000000000002,97.19500000000001,122.91499999999999,0.0,0.0,20.8
0.0,12.850000000000001,98.965,117.98500000000001,0.0,0.0,23.4
0.0,12.700000000000001,100.0,110.515,0.0,0.0,25.5
0.0,12.700000000000001,99.725,101.25,0.0,0.0,26.0
10.0,13.5,95.17,90.655,0.0,10.0,24.8
134.0,15.4,84.285,79.49000000000001,0.0,134.0,22.5
333.0,17.05,75.86500000000001,67.875,0.5,333.0,17.3
537.0,18.800000000000004,67.58000000000001,56.065,0.0,537.0,11.1
717.0,20.5,59.83,44.394999999999996,0.0,717.0,4.1
854.5,22.050000000000004,52.260000000000005,33.435,0.0,854.5,0.0
942.5,23.15,46.915000000000006,24.515,0.0,942.5,0.0
974.0,23.700000000000003,44.625,20.655,0.0,974.0,0.0
943.5,23.5,45.22,24.335,0.0,943.5,0.0
855.0,23.0,46.855000000000004,33.175,0.0,855.0,0.0
713.0,22.1,49.58,44.11,0.0,713.0,0.0
534.0,20.9,53.43000000000001,55.775000000000006,0.0,534.0,0.0
332.5,19.35,59.295,67.60499999999999,0.5,332.5,0.0
135.5,17.450000000000003,67.785,79.24000000000001,0.5,135.5,0.0
5.5,15.8,78.09,90.45,1.5,10.5,0.0
0.0,14.600000000000001,86.84,110.435,2.0,0.0,0.1
0.0,14.25,89.43,117.995,1.0,0.0,3.5
0.0,14.05,90.965,123.05,0.5,0.0,10.2
0.0,13.850000000000001,92.22,124.875,0.0,0.0,16.3
0.0,13.650000000000002,93.34,123.16499999999999,0.5,0.0,20.7
0.0,13.55,93.805,118.21000000000001,3.0,0.0,23.5
0.0,13.350000000000001,94.64,110.71000000000001,3.0,0.0,25.8
0.0,13.350000000000001,93.89500000000001,101.42500000000001,3.0,0.0,26.2
3.0,13.850000000000001,90.1,90.805,3.0,8.5,24.9
126.0,15.100000000000001,82.26,79.625,0.0,126.0,22.1
117.5,16.4,74.72999999999999,68.005,3.0,317.5,1.6
390.5,17.85,67.635,56.195,1.5,516.0,0.0
693.0,19.25,62.005,44.54,0.0,693.0,1.0
831.0,20.450000000000003,57.480000000000004,33.6,0.0,831.0,0.0
920.5,21.25,54.800000000000004,24.73,0.0,920.5,0.0
949.5,21.6,53.800000000000004,20.915,0.0,949.5,0.0
923.0,21.6,53.78,24.575000000000003,0.0,923.0,0.0
837.5,21.35,54.49,33.379999999999995,0.0,837.5,0.0
701.5,20.700000000000003,56.92,44.29,0.0,701.5,0.0
525.5,19.85,60.635000000000005,55.945,0.0,525.5,0.0
326.0,18.65,66.07,67.775,0.0,326.0,0.0
131.5,17.25,72.815,79.42,0.0,131.5,0.0
10.0,16.15,78.855,90.64,0.0,10.0,0.0
0.0,15.5,83.31,110.66,0.0,0.0,0.1
0.0,15.350000000000001,84.53999999999999,118.25,0.0,0.0,3.4
0.0,15.200000000000001,85.99,123.31,0.0,0.0,10.0
0.0,15.05,87.465,125.14500000000001,0.0,0.0,16.4
0.0,14.850000000000001,89.315,123.41499999999999,0.0,0.0,21.1
0.0,14.650000000000002,91.385,118.44,0.0,0.0,23.9
0.0,14.45,93.595,110.91499999999999,0.0,0.0,24.8
0.0,14.4,94.68,101.605,0.0,0.0,25.3
7.5,15.0,91.92,90.95500000000001,0.0,7.5,24.2
120.0,16.6,82.59,79.765,0.0,120.0,21.0
306.0,17.8,75.08500000000001,68.14500000000001,0.0,306.0,15.0
502.5,19.0,70.465,56.33,0.0,502.5,9.9
681.0,20.3,65.605,44.685,0.0,681.0,3.6
822.0,21.450000000000003,61.19500000000001,33.78,0.0,822.0,0.0
914.5,22.35,57.725,24.955,0.0,914.5,0.0
949.5,22.85,55.85,21.19,0.0,949.5,0.0
930.0,23.05,54.805,24.825000000000003,0.0,930.0,0.0
844.5,22.700000000000003,55.36,33.585,0.0,844.5,0.0
705.5,21.900000000000002,57.45,44.474999999999994,0.0,705.5,0.0
527.5,20.6,61.59,56.125,0.0,527.5,0.0
327.0,18.950000000000003,67.795,67.95,0.0,327.0,0.0
130.5,17.25,74.91,79.6,1.0,130.5,0.0
9.0,16.1,80.565,90.825,0.0,9.0,0.0
0.0,15.350000000000001,84.34,110.89500000000001,0.0,0.0,0.1
0.0,15.05,85.945,118.505,0.0,0.0,3.4
0.0,14.75,87.695,123.58500000000001,4.0,0.0,10.1
0.0,14.45,89.55000000000001,125.415,3.5,0.0,16.6
0.0,14.150000000000002,91.44,123.68,0.0,0.0,21.5
0.0,13.9,93.36000000000001,118.67,0.0,0.0,24.8
0.0,13.700000000000001,95.51,111.12,0.0,0.0,26.3
0.0,13.650000000000002,97.125,101.785,0.0,0.0,26.8
8.0,14.4,94.03999999999999,91.105,0.0,8.0,25.7
124.0,16.25,84.255,79.905,0.0,124.0,22.1
316.5,17.85,74.7,68.275,0.0,316.5,18.0
516.5,19.05,68.65,56.46,0.0,516.5,11.4
694.5,20.150000000000002,63.97500000000001,44.83,0.0,694.5,3.9
838.5,21.0,60.765,33.95,0.0,838.5,0.0
927.5,21.55,58.915000000000006,25.18,0.0,927.5,0.0
958.5,21.8,57.980000000000004,21.455,0.0,958.5,0.0
924.0,21.75,57.86,25.08,0.0,924.0,0.0
837.0,21.450000000000003,58.545,33.795,0.0,837.0,0.0
697.5,20.8,60.565,44.66,0.0,697.5,0.0
520.0,19.950000000000003,63.34,56.3,0.0,520.0,0.0
320.5,18.75,67.64500000000001,68.13,0.0,320.5,0.0
126.5,17.35,73.62,79.785,1.0,126.5,0.0
8.5,16.15,79.94500000000001,91.015,0.0,8.5,0.0
0.0,15.05,87.51,111.13,3.0,0.0,0.1
0.0,14.75,90.02000000000001,118.75999999999999,2.0,0.0,3.4
0.0,14.55,91.875,123.855,3.0,0.0,10.2
0.0,14.350000000000001,93.34,125.69,3.0,0.0,16.6
0.0,14.150000000000002,94.61500000000001,123.94,2.0,0.0,21.3
0.0,14.0,95.52,118.905,3.0,0.0,24.5
0.0,13.850000000000001,96.405,111.325,3.0,0.0,26.0
0.0,13.850000000000001,96.465,101.96000000000001,3.0,0.0,26.6
2.5,14.350000000000001,93.44,91.26,3.0,7.5,25.3
43.0,15.65,84.09,80.05,2.0,125.0,22.6
64.0,16.700000000000003,76.025,68.41,3.0,320.5,17.8
166.0,17.8,69.905,56.6,3.0,523.5,11.3
322.0,18.950000000000003,64.37,44.975,3.0,707.0,3.9
493.0,19.900000000000002,60.155,34.13,3.0,843.5,0.0
642.5,20.550000000000004,57.2,25.415,3.0,936.5,0.0
970.0,20.900000000000002,55.38,21.735,0.0,970.0,0.0
940.0,20.950000000000003,54.49,25.34,0.0,940.0,0.0
854.5,20.700000000000003,54.595,34.015,0.0,854.5,0.0
715.0,20.200000000000003,55.675,44.855000000000004,0.0,715.0,0.0
534.5,19.400000000000002,58.215,56.489999999999995,0.0,534.5,0.0
332.5,18.200000000000003,63.10000000000001,68.31,0.0,332.5,0.0
131.5,16.700000000000003,70.385,79.975,0.5,131.5,0.0
8.5,15.350000000000001,78.915,91.215,1.5,8.5,0.0
0.0,14.45,87.845,111.375,3.0,0.0,0.1
0.0,14.150000000000002,90.53999999999999,119.025,3.0,0.0,3.4
0.0,13.9,93.315,124.14000000000001,3.0,0.0,10.0
0.0,13.9,94.7,125.975,3.0,0.0,16.5
0.0,13.9,96.06,124.20500000000001,0.5,0.0,20.8
0.0,13.9,96.83,119.145,3.0,0.0,23.7
0.0,13.8,97.69,111.53,3.0,0.0,25.6
0.0,13.75,97.825,102.14,3.0,0.0,26.6
2.0,14.350000000000001,93.98500000000001,91.41,3.0,7.0,25.3
59.0,15.9,84.725,80.19,2.0,123.0,22.4
63.5,17.15,77.32,68.55,3.0,318.5,18.0
335.0,18.5,70.47,56.735,3.0,522.0,11.3
684.5,20.1,62.785,45.125,1.0,705.0,3.8
851.0,21.85,54.510000000000005,34.31,0.0,851.0,0.0
942.5,23.5,47.775000000000006,25.645000000000003,0.0,942.5,0.0
974.0,24.900000000000002,42.17,22.015,0.0,974.0,0.0
941.5,26.0,37.975,25.6,0.0,941.5,0.0
850.0,26.450000000000003,36.345,34.245000000000005,0.0,850.0,0.0
706.0,26.1,37.54,45.06,0.0,706.0,0.0
522.0,25.1,41.0,56.68000000000001,0.0,522.0,0.0
319.0,23.200000000000003,48.22,68.5,0.0,319.0,0.0
122.0,20.450000000000003,61.025000000000006,80.16499999999999,0.0,122.0,0.0
6.5,18.35,72.52000000000001,91.41499999999999,0.0,6.5,0.0
0.0,16.9,82.47,111.62,0.0,0.0,0.1
0.0,16.55,84.495,119.29,0.0,0.0,3.2
0.0,16.25,85.975,124.42,0.0,0.0,9.7
0.0,15.95,87.24000000000001,126.25999999999999,0.0,0.0,15.6
0.0,15.75,88.32000000000001,124.47,0.0,0.0,20.1
0.0,15.650000000000002,88.83500000000001,119.38,0.0,0.0,22.9
0.0,15.9,87.16499999999999,111.745,0.0,0.0,24.2
0.0,16.25,84.91499999999999,102.325,0.0,0.0,25.4
6.5,17.05,80.71000000000001,91.565,0.0,6.5,24.4
120.5,18.900000000000002,72.605,80.33500000000001,0.0,120.5,22.1
315.0,21.05,62.81,68.685,0.0,315.0,17.1
517.5,24.0,51.64,56.875,0.0,517.5,10.8
701.0,27.200000000000003,40.92,45.275,0.0,701.0,3.6
845.0,29.900000000000002,32.605000000000004,34.49,0.0,845.0,0.0
935.5,31.550000000000004,27.755000000000003,25.880000000000003,0.0,935.5,0.0
967.0,32.1,26.05,22.3,0.0,967.0,0.0
930.5,31.85,26.28,25.87,0.0,930.5,0.0
841.0,31.0,27.915,34.47,0.0,841.0,0.0
699.5,29.700000000000003,30.87,45.260000000000005,0.0,699.5,0.0
517.5,27.800000000000004,35.53,56.870000000000005,0.0,517.5,0.0
315.5,25.1,43.2,68.695,0.0,315.5,0.0
119.5,22.050000000000004,54.510000000000005,80.37,0.0,119.5,0.0
6.0,19.8,64.81,91.62,0.0,6.0,0.0
0.0,18.05,72.775,111.87,0.0,0.0,0.1
0.0,17.5,75.725,119.565,0.0,0.0,3.3
0.0,17.05,78.21000000000001,124.71000000000001,0.0,0.0,10.1
0.0,16.6,80.715,126.55,0.0,0.0,16.5
0.0,16.200000000000003,83.28,124.745,0.0,0.0,21.6
0.0,15.75,86.10499999999999,119.63,0.0,0.0,24.8
0.0,15.4,88.605,111.955,0.0,0.0,26.6
0.0,15.150000000000002,90.665,102.51,0.0,0.0,26.6
6.5,15.55,88.875,91.715,0.0,6.5,25.2
122.5,17.1,81.28,80.48500000000001,0.0,122.5,21.6
319.0,18.700000000000003,74.37,68.82,0.5,319.0,17.7
523.0,20.35,67.63,57.015,0.0,523.0,11.1
704.0,21.85,62.11,45.43,0.0,704.0,3.7
846.5,23.1,56.975,34.675,0.0,846.5,0.0
937.5,24.050000000000004,52.64,26.125,0.0,937.5,0.0
969.0,24.6,49.485,22.59,0.0,969.0,0.0
937.5,24.85,47.58,26.145,0.0,937.5,0.0
847.5,24.9,46.17,34.71,0.0,847.5,0.0
707.5,24.5,46.28,45.475,0.0,707.5,0.0
526.5,23.6,48.215,57.07000000000001,0.0,526.5,0.0
323.0,21.9,53.77,68.89500000000001,0.0,323.0,0.0
123.0,19.5,63.995000000000005,80.57,0.0,123.0,0.0
6.0,17.5,74.39,91.825,0.0,6.0,0.0
0.0,15.3,88.0,119.85,0.0,0.0,3.2
0.0,14.9,90.45,125.005,0.0,0.0,10.1
0.0,14.55,92.46000000000001,126.84,0.0,0.0,16.7
0.0,14.200000000000001,94.44,125.02000000000001,0.0,0.0,21.6
0.0,13.95,95.75,119.875,0.0,0.0,24.9
0.0,13.75,96.535,112.165,0.0,0.0,26.5
0.0,13.600000000000001,97.10000000000001,102.69,0.0,0.0,26.7
6.0,14.05,94.21000000000001,91.87,1.5,6.0,25.1
123.0,15.450000000000001,86.025,80.625,0.0,123.0,22.3
174.0,17.0,78.01,68.96000000000001,3.0,323.5,17.6
315.0,18.450000000000003,70.73,57.155,3.0,530.0,11.0
714.5,19.650000000000002,64.52,45.585,0.5,714.5,3.5
858.0,20.450000000000003,60.845,34.86,0.0,858.0,0.0
949.5,20.900000000000002,58.480000000000004,26.37,0.0,949.5,0.0
981.0,20.950000000000003,58.225,22.880000000000003,0.0,981.0,0.0
949.5,20.85,58.120000000000005,26.42,0.0,949.5,0.0
858.0,20.6,58.47,34.95,0.0,858.0,0.0
713.5,20.1,59.83,45.69,0.0,713.5,0.0
527.5,19.1,63.23,57.275,0.0,527.5,0.0
319.0,17.8,68.325,69.095,0.0,319.0,0.0
117.5,16.200000000000003,76.31,80.775,0.0,117.5,0.0
0.0,13.850000000000001,91.85,120.125,2.0,0.0,3.2
0.0,13.650000000000002,93.12,125.305,0.0,0.0,9.8
0.0,13.5,93.97,127.14,0.0,0.0,16.2
0.0,13.350000000000001,95.035,125.30000000000001,0.0,0.0,20.7
0.0,13.25,95.95,120.11500000000001,0.5,0.0,23.7
0.0,13.100000000000001,97.38,112.38,2.0,0.0,24.9
0.0,13.150000000000002,97.80000000000001,102.875,3.0,0.0,25.2
0.0,13.75,94.7,92.02,0.0,0.0,24.4
114.5,15.4,85.25999999999999,80.77000000000001,0.0,114.5,22.0
256.0,16.950000000000003,77.555,69.1,2.0,313.0,17.4
519.5,18.6,70.49000000000001,57.290000000000006,0.5,519.5,10.8
704.5,20.25,64.16499999999999,45.74,0.0,704.5,3.4
845.5,21.75,57.91,35.05,0.0,845.5,0.0
937.5,23.05,52.125,26.615000000000002,0.0,937.5,0.0
969.0,23.800000000000004,48.510000000000005,23.18,0.0,969.0,0.0
934.5,24.05,46.88,26.71,0.0,934.5,0.0
846.0,23.700000000000003,47.405,35.195,0.0,846.0,0.0
701.0,22.8,49.945,45.905,0.0,701.0,0.0
516.0,21.450000000000003,54.394999999999996,57.485,0.0,516.0,0.0
309.5,19.55,61.905,69.305,1.0,309.5,0.0
111.5,17.3,72.2,80.99000000000001,0.5,111.5,0.0
0.0,14.150000000000002,89.44999999999999,120.42,2.0,0.0,3.2
0.0,13.8,91.855,125.61,3.0,0.0,9.6
0.0,13.45,94.08500000000001,127.445,3.0,0.0,16.1
0.0,13.200000000000001,95.655,125.58,0.5,0.0,20.8
0.0,12.95,97.055,120.37,3.0,0.0,23.8
0.0,12.75,98.235,112.595,3.0,0.0,25.1
0.0,12.600000000000001,99.04,103.06,3.0,0.0,25.3
0.0,13.150000000000002,95.28999999999999,92.175,3.0,0.0,24.2
114.5,14.9,84.92,80.92,0.5,114.5,21.6
71.5,16.4,76.54,69.24000000000001,3.0,313.5,17.0
156.0,18.0,69.30000000000001,57.44,3.0,520.0,10.6
269.5,19.550000000000004,63.34,45.894999999999996,3.0,705.0,3.3
411.0,20.950000000000003,58.650000000000006,35.245000000000005,3.0,846.0,0.0
485.0,21.900000000000002,55.685,26.865000000000002,3.0,934.5,0.0
827.5,22.400000000000002,53.92,23.48,1.0,966.5,0.0
937.0,22.4,53.025000000000006,27.0,0.0,937.0,0.0
845.0,21.900000000000002,53.755,35.445,0.0,845.0,0.0
701.0,21.0,56.355000000000004,46.135000000000005,0.0,701.0,0.0
517.0,19.75,60.855000000000004,57.695,0.0,517.0,0.0
311.0,18.15,67.675,69.515,0.0,311.0,0.0
111.5,16.3,77.21000000000001,81.205,0.0,111.5,0.0
0.0,13.95,93.565,120.70500000000001,0.0,0.0,3.4
0.0,13.75,95.315,125.91,0.0,0.0,9.9
0.0,13.55,96.845,127.745,0.0,0.0,16.1
0.0,13.3,98.125,125.86500000000001,0.5,0.0,20.7
0.0,13.05,99.13,120.62,3.0,0.0,23.9
0.0,12.9,99.62,112.815,3.0,0.0,25.7
0.0,12.850000000000001,99.72,103.245,3.0,0.0,26.3
0.0,13.45,95.53999999999999,92.33,3.0,0.0,25.0
57.0,15.15,84.78,81.065,2.0,112.0,21.2
72.0,16.55,76.375,69.38,3.0,307.0,17.3
170.0,17.950000000000003,69.71000000000001,57.58,3.0,511.5,10.7
373.5,19.3,64.39,46.055,3.0,694.0,3.2
738.5,20.400000000000002,60.754999999999995,35.44,1.5,835.5,0.0
926.5,21.200000000000003,58.325,27.12,0.0,926.5,0.0
957.5,21.55,57.385000000000005,23.785,0.0,957.5,0.0
924.5,21.650000000000002,56.885000000000005,27.295,0.0,924.5,0.0
834.0,21.35,57.305,35.705,0.0,834.0,0.0
690.5,20.5,59.55,46.365,0.0,690.5,0.0
506.0,19.1,64.31,57.915,0.0,506.0,0.0
301.0,17.400000000000002,71.405,69.72999999999999,0.0,301.0,0.0
105.5,15.65,79.62,81.425,0.0,105.5,0.0
0.0,13.45,92.275,121.005,0.0,0.0,3.4
0.0,13.25,93.82499999999999,126.225,0.5,0.0,10.0
0.0,13.05,95.5,128.06,0.0,0.0,16.4
0.0,12.850000000000001,97.415,126.15,1.0,0.0,21.0
0.0,12.700000000000001,98.77,120.875,3.0,0.0,23.0
0.0,12.600000000000001,99.79,113.025,3.0,0.0,24.4
0.0,12.700000000000001,99.42,103.435,3.0,0.0,26.2
0.0,13.4,95.285,92.485,3.0,0.0,25.1
43.0,14.900000000000002,86.885,81.215,2.0,110.0,22.0
45.0,16.3,80.465,69.525,3.0,307.0,17.5
176.0,17.9,73.685,57.725,3.0,513.0,10.8
317.0,19.3,67.83000000000001,46.215,3.0,697.5,3.2
638.0,20.400000000000002,62.955,35.635,2.5,842.0,0.0
815.5,21.1,59.59,27.38,2.0,933.0,0.0
741.0,21.5,57.33,24.1,2.5,962.5,0.0
616.0,21.450000000000003,56.74,27.595,3.0,933.0,0.0
798.0,21.1,57.16,35.965,1.5,838.5,0.0
613.0,20.3,59.63,46.6,1.5,693.0,0.0
269.5,19.15,64.09,58.14,3.0,509.0,0.0
235.5,17.65,71.13,69.94999999999999,2.0,301.0,0.0
43.0,15.950000000000001,80.16499999999999,81.645,3.0,104.0,0.0
0.0,13.600000000000001,92.82,121.305,2.0,0.0,3.3
0.0,13.3,94.405,126.54,3.0,0.0,10.0
0.0,13.05,95.525,128.37,3.0,0.0,16.6
0.0,12.850000000000001,96.205,126.44500000000001,3.0,0.0,21.6
0.0,12.650000000000002,96.935,121.13,3.0,0.0,24.7
0.0,12.5,97.21000000000001,113.25,3.0,0.0,26.3
0.0,12.45,97.02000000000001,103.62,3.0,0.0,26.7
0.0,12.850000000000001,94.385,92.635,3.0,0.0,25.0
113.0,14.25,85.88499999999999,81.355,1.0,113.0,22.0
198.5,15.75,77.61,69.665,3.0,315.0,17.3
309.0,17.200000000000003,69.845,57.870000000000005,3.0,524.5,10.5
626.0,18.45,63.845,46.379999999999995,1.5,711.0,3.0
856.0,19.35,59.705,35.835,0.0,856.0,0.0
947.5,19.85,57.24,27.645,0.0,947.5,0.0
978.5,20.1,55.78,24.41,0.0,978.5,0.0
945.5,20.150000000000002,54.81,27.895,0.5,945.5,0.0
854.5,20.0,54.225,36.230000000000004,0.0,854.5,0.0
707.0,19.6,54.44500000000001,46.84,0.0,707.0,0.0
519.0,18.700000000000003,56.790000000000006,58.365,0.0,519.0,0.0
308.5,17.4,62.0,70.175,0.0,308.5,0.0
105.5,15.700000000000001,71.39500000000001,81.875,0.5,105.5,0.0
0.0,13.05,94.33,121.61000000000001,0.0,0.0,3.2
0.0,12.650000000000002,97.635,126.86,0.5,0.0,9.6
0.0,12.45,99.455,128.685,0.0,0.0,15.7
0.0,12.3,100.0,126.73500000000001,0.0,0.0,20.1
0.0,12.200000000000001,100.0,121.39,0.0,0.0,23.6
0.0,12.100000000000001,100.0,113.47,0.0,0.0,25.4
0.0,12.150000000000002,99.81,103.815,2.0,0.0,26.1
0.0,12.75,95.175,92.78999999999999,3.0,0.0,24.5
111.0,14.600000000000001,83.845,81.505,0.5,111.0,21.6
161.5,16.3,74.12,69.81,3.0,315.5,17.0
527.0,18.3,63.93,58.02,0.5,527.0,10.2
714.5,20.6,52.565,46.55,0.0,714.5,2.5
860.5,22.85,42.33,36.04,0.0,860.5,0.0
950.5,24.5,35.7,27.905,0.0,950.5,0.0
978.5,25.4,32.745,24.73,0.0,978.5,0.0
944.0,25.55,32.655,28.205,0.0,944.0,0.0
846.5,25.05,34.605000000000004,36.5,0.0,846.5,0.0
697.5,24.050000000000004,37.84,47.085,0.0,697.5,0.0
508.5,22.5,42.785,58.595,0.0,508.5,0.0
299.0,20.25,51.305,70.405,0.0,299.0,0.0
99.0,17.55,64.145,82.105,0.0,99.0,0.0
0.0,13.9,85.70500000000001,121.915,1.5,0.0,3.2
0.0,13.5,88.305,127.18,3.0,0.0,9.6
0.0,13.200000000000001,90.28,129.01,3.0,0.0,15.9
0.0,12.850000000000001,92.965,127.035,3.0,0.0,20.7
0.0,12.55,95.405,121.65,3.0,0.0,24.2
0.0,12.350000000000001,96.985,113.69,3.0,0.0,25.9
0.0,12.200000000000001,97.54,104.005,3.0,0.0,25.9
0.0,12.75,94.025,92.94,3.0,0.0,23.7
93.0,14.600000000000001,83.69500000000001,81.66,2.0,104.5,20.3
70.0,16.25,75.2,69.955,3.0,301.5,17.0
173.5,18.0,67.045,58.17,3.0,507.0,10.2
441.5,19.65,59.835,46.715,3.0,690.0,2.3
825.0,21.05,53.620000000000005,36.25,0.5,825.0,0.0
916.0,21.950000000000003,49.815,28.18,0.0,916.0,0.0
946.5,22.5,47.39,25.05,0.0,946.5,0.0
911.0,22.650000000000002,46.21,28.515,0.0,911.0,0.0
815.5,22.450000000000003,46.29,36.78,0.0,815.5,0.0
672.0,21.650000000000002,48.14,47.335,0.0,672.0,0.0
489.0,20.5,51.44,58.835,0.0,489.0,0.0
284.5,18.650000000000002,58.900000000000006,70.64000000000001,0.0,284.5,0.0
91.5,16.55,69.665,82.33500000000001,1.0,91.5,0.0
0.0,13.4,90.65,122.23,2.0,0.0,3.2
0.0,13.150000000000002,92.26,127.51,3.0,0.0,9.8
0.0,12.95,93.905,129.32999999999998,3.0,0.0,16.3
0.0,12.75,95.47,127.33,3.0,0.0,21.1
0.0,12.45,97.4,121.91,3.0,0.0,24.2
0.0,12.25,98.435,113.91,3.0,0.0,26.0
0.0,12.200000000000001,98.02,104.19,3.0,0.0,26.3
0.0,12.55,95.28999999999999,93.095,3.0,0.0,24.9
38.5,14.100000000000001,86.575,81.805,2.0,100.0,21.8
55.0,15.75,77.575,70.1,3.0,295.0,17.3
123.0,17.4,69.22999999999999,58.32,3.0,499.5,10.3
208.0,18.950000000000003,62.725,46.885000000000005,3.0,683.5,2.1
329.5,20.25,57.74,36.455,3.0,821.5,0.0
485.5,21.1,54.28,28.45,3.0,912.0,0.0
537.5,21.55,52.61,25.375,3.0,943.0,0.0
711.5,21.700000000000003,51.89,28.835,2.0,907.5,0.0
812.5,21.5,52.185,37.06,0.0,812.5,0.0
665.0,20.85,53.815,47.59,0.0,665.0,0.0
387.0,19.75,57.485,59.07,2.0,480.0,0.0
274.5,18.1,64.44,70.875,0.5,274.5,0.0
84.0,16.3,73.985,82.575,0.0,84.0,0.0
0.0,13.8,91.715,122.54500000000002,2.0,0.0,3.2
0.0,13.55,93.63,127.84,3.0,0.0,9.7
0.0,13.25,95.73,129.655,3.0,0.0,16.2
0.0,13.05,96.99000000000001,127.63,3.0,0.0,21.0
0.0,12.850000000000001,97.98,122.17,3.0,0.0,24.5
0.0,12.650000000000002,98.84,114.13499999999999,3.0,0.0,26.3
0.0,12.5,99.45,104.385,7.5,0.0,26.5
0.0,12.9,96.44500000000001,93.25,3.0,0.0,24.9
20.5,14.350000000000001,87.83000000000001,81.95500000000001,3.5,96.0,21.9
112.0,15.75,79.555,70.245,5.5,288.0,16.9
209.0,17.1,72.18,58.47,6.0,492.0,10.0
175.0,18.25,66.655,47.055,3.0,672.5,2.0
289.5,19.1,62.67,36.665000000000006,5.0,816.5,0.0
386.5,19.700000000000003,60.055,28.725,5.0,906.0,0.0
734.0,20.05,58.4,25.700000000000003,2.0,935.5,0.0
904.0,20.1,58.06,29.155,0.0,904.0,0.0
808.5,20.0,58.43,37.345,0.0,808.5,0.0
663.0,19.5,60.52,47.845,0.0,663.0,0.0
406.0,18.6,64.47500000000001,59.32,1.5,477.5,0.0
273.5,17.4,70.4,71.11500000000001,0.0,273.5,0.0
82.0,15.950000000000001,78.735,82.82,4.5,83.5,0.0
0.0,13.650000000000002,93.53,122.87,2.0,0.0,3.2
0.0,13.45,94.36500000000001,128.175,3.0,0.0,9.8
0.0,13.25,94.84,129.99,3.0,0.0,16.5
0.0,13.05,95.045,127.93,3.0,0.0,21.5
0.0,12.850000000000001,95.17,122.43,3.0,0.0,25.1
0.0,12.55,95.965,114.36,3.0,0.0,26.7
0.0,12.4,95.92,104.575,3.0,0.0,26.8
0.0,12.65,93.505,93.72,3.0,0.0,25.3
27.5,13.8,86.49000000000001,82.10499999999999,3.0,93.5,22.0
43.0,15.15,78.92,70.39500000000001,3.0,286.0,17.1
133.0,16.65,71.57499999999999,58.625,3.0,490.5,10.1
204.5,18.1,65.20500000000001,47.230000000000004,3.0,674.0,1.8
516.5,19.3,60.620000000000005,36.879999999999995,3.0,816.5,0.0
883.5,20.1,58.135000000000005,29.0,1.5,906.5,0.0
935.5,20.6,56.71,26.035,0.5,935.5,0.0
906.0,20.85,56.254999999999995,29.480000000000004,0.0,906.0,0.0
813.5,21.0,56.230000000000004,37.635000000000005,0.0,813.5,0.0
669.0,20.800000000000004,57.375,48.11,0.0,669.0,0.0
482.5,20.25,59.63,59.565,0.0,482.5,0.0
276.5,19.05,64.38,71.36000000000001,0.0,276.5,0.0
83.0,17.2,72.83,83.065,0.0,83.0,0.0
0.0,14.100000000000001,90.375,123.19500000000001,0.0,0.0,3.2
0.0,13.700000000000001,92.77000000000001,128.515,0.0,0.0,9.6
0.0,13.3,95.06,130.32,0.0,0.0,16.2
0.0,12.9,97.375,128.24,0.0,0.0,21.1
0.0,12.650000000000002,98.825,122.7,0.5,0.0,24.4
0.0,12.45,99.75,114.58500000000001,7.0,0.0,26.4
0.0,12.350000000000001,99.91499999999999,104.77,7.5,0.0,26.8
0.0,12.9,96.545,93.885,3.0,0.0,24.9
30.0,14.8,85.65,82.255,3.0,97.5,21.8
175.5,16.55,76.75,70.545,5.0,293.0,16.8
500.0,18.200000000000003,69.045,58.775000000000006,0.5,500.0,9.8
683.5,19.75,61.879999999999995,47.405,0.0,683.5,1.6
827.0,20.950000000000003,56.94,37.1,0.0,827.0,0.0
916.0,21.950000000000003,53.17,29.28,0.0,916.0,0.0
944.5,22.65,50.86,26.365000000000002,0.0,944.5,0.0
909.5,23.0,49.67,29.805,0.0,909.5,0.0
815.0,22.85,49.69,37.93000000000001,0.0,815.0,0.0
670.5,22.150000000000002,51.254999999999995,48.375,0.5,670.5,0.0
483.5,21.1,54.025000000000006,59.815,0.0,483.5,0.0
276.5,19.4,59.91,71.61000000000001,0.0,276.5,0.0
81.5,17.15,70.785,83.31,0.0,81.5,0.0
0.0,13.8,91.855,123.52000000000001,7.5,0.0,2.8
0.0,13.4,94.04,128.85500000000002,5.0,0.0,9.4
0.0,13.05,96.095,130.66,3.0,0.0,15.4
0.0,12.700000000000001,98.54,128.55,3.0,0.0,20.2
0.0,12.350000000000001,100.0,122.965,5.0,0.0,22.2
0.0,12.150000000000002,100.0,114.815,7.0,0.0,23.7
0.0,12.0,100.0,104.96000000000001,7.0,0.0,23.3
0.0,12.5,98.485,94.06,7.0,0.0,22.9
22.5,14.45,88.575,82.405,5.5,97.5,20.9
167.0,16.150000000000002,79.435,70.695,7.0,295.0,17.0
331.0,18.05,70.53,58.935,5.0,503.5,9.8
462.0,19.950000000000003,62.215,47.58,3.0,689.0,1.3
832.0,21.65,54.36,37.32000000000001,0.5,832.0,0.0
925.0,22.900000000000002,48.61,29.57,0.0,925.0,0.0
954.5,23.55,45.81,26.705,0.0,954.5,0.0
914.0,23.8,44.21,30.145000000000003,0.0,914.0,0.0
771.5,23.550000000000004,44.49,38.230000000000004,1.5,818.0,0.0
613.0,22.85,46.295,48.650000000000006,7.0,672.0,0.0
416.5,21.700000000000003,49.71,60.075,7.5,482.5,0.0
262.5,19.85,56.864999999999995,71.86000000000001,7.0,272.5,0.0
51.0,17.400000000000002,69.76500000000001,83.56,1.5,77.5,0.0
0.0,14.350000000000001,91.755,123.855,0.0,0.0,2.2
0.0,14.0,94.21000000000001,129.2,1.5,0.0,9.4
0.0,13.600000000000001,96.68,130.995,0.0,0.0,16.0
0.0,13.25,98.28999999999999,128.86,0.0,0.0,21.1
0.0,12.9,99.48,123.23,0.0,0.0,24.8
0.0,12.650000000000002,100.0,115.035,0.0,0.0,26.7
0.0,12.5,100.0,105.155,1.0,0.0,26.9
0.0,12.95,97.015,94.225,5.0,0.0,25.2
95.5,14.75,86.095,82.565,0.5,95.5,21.9
129.0,16.3,77.375,70.845,3.0,297.0,16.7
373.0,18.05,69.01500000000001,59.09,2.0,507.5,9.7
503.0,19.75,61.04,47.760000000000005,2.0,693.5,1.2
590.0,21.05,55.67,37.54,2.0,837.5,0.0
925.5,21.9,52.085,29.855,0.0,925.5,0.0
949.5,22.200000000000003,50.22,27.045,0.5,949.5,0.0
798.0,22.1,49.870000000000005,30.48,2.0,912.0,0.0
812.5,21.6,51.195,38.53,0.5,812.5,0.0
381.5,20.700000000000003,54.495000000000005,48.925,3.0,660.0,0.0
328.0,19.35,60.015,60.335,2.0,469.5,0.0
176.5,17.6,68.645,72.11500000000001,1.5,261.5,0.0
64.0,15.8,79.41,83.82,1.5,72.0,0.0
0.0,13.850000000000001,93.06,124.185,1.0,0.0,3.0
0.0,13.75,94.08500000000001,129.55,2.0,0.0,9.6
0.0,13.700000000000001,94.71000000000001,131.34,3.0,0.0,15.9
0.0,13.600000000000001,95.75,129.17000000000002,3.0,0.0,20.1
0.0,13.600000000000001,96.01,123.5,3.0,0.0,23.5
0.0,13.5,96.89,115.26500000000001,3.0,0.0,25.0
0.0,13.45,97.305,105.345,3.0,0.0,24.5
0.0,13.8,94.97,94.39,3.0,0.0,23.1
73.0,14.950000000000001,87.97,82.715,2.0,87.5,21.4
39.0,15.850000000000001,82.52000000000001,70.995,3.0,278.5,16.0
86.0,17.0,76.755,59.255,3.0,483.0,9.2
170.0,18.25,71.28,47.94,3.0,666.5,0.9
259.0,19.55,65.67,37.765,3.0,806.5,0.0
539.0,20.35,61.825,30.145000000000003,3.0,898.0,0.0
926.0,20.85,58.89,27.395000000000003,0.0,926.0,0.0
891.5,21.05,57.114999999999995,30.82,0.0,891.5,0.0
796.0,20.75,57.61,38.84,0.0,796.0,0.0
648.5,20.150000000000002,59.395,49.2,0.0,648.5,0.0
462.5,19.05,63.42,60.6,0.0,462.5,0.0
257.0,17.400000000000002,70.685,72.375,0.0,257.0,0.0
68.5,15.600000000000001,79.87,84.075,0.0,68.5,0.0
0.0,13.650000000000002,90.785,124.525,0.0,0.0,2.9
0.0,13.45,92.06,129.9,0.0,0.0,9.4
0.0,13.350000000000001,92.82,131.685,0.0,0.0,15.8
0.0,13.200000000000001,94.08,129.48,1.5,0.0,20.4
0.0,13.100000000000001,95.07000000000001,123.77000000000001,3.0,0.0,23.8
0.0,13.0,95.78,115.495,3.0,0.0,26.0
0.0,12.95,96.105,105.54,3.0,0.0,26.3
0.0,13.400000000000002,93.49000000000001,94.565,3.0,0.0,24.7
76.0,14.7,86.305,82.86500000000001,2.0,84.0,20.9
71.5,15.950000000000001,80.30000000000001,71.14500000000001,3.0,274.5,16.5
174.5,17.55,73.68,59.41,3.0,478.0,9.5
405.5,19.300000000000004,67.65,48.120000000000005,3.0,662.0,0.8
714.5,20.900000000000002,62.120000000000005,38.0,1.0,808.0,0.0
898.0,22.05,57.575,30.439999999999998,0.0,898.0,0.0
926.0,22.800000000000004,53.94500000000001,27.740000000000002,0.0,926.0,0.0
889.5,23.0,52.155,31.165,0.0,889.5,0.0
795.0,22.6,52.64,39.150000000000006,0.0,795.0,0.0
646.5,21.8,54.655,49.485,0.0,646.5,0.0
458.0,20.450000000000003,59.34,60.865,0.0,458.0,0.0
252.0,18.55,67.195,72.64000000000001,1.0,252.0,0.0
59.0,16.4,77.99000000000001,84.33500000000001,1.5,65.0,0.0
0.0,14.05,90.99000000000001,124.86000000000001,2.0,0.0,2.9
0.0,13.850000000000001,92.47,130.255,3.0,0.0,9.3
0.0,13.650000000000002,94.16499999999999,132.03,3.0,0.0,15.9
0.0,13.45,95.73,129.8,3.0,0.0,21.3
0.0,13.25,96.915,124.04,3.0,0.0,24.4
0.0,13.150000000000002,97.555,115.715,3.0,0.0,26.0
0.0,13.0,98.42,105.735,3.0,0.0,26.4
0.0,13.350000000000001,96.34,94.73,3.0,0.0,25.2
70.5,14.700000000000001,88.56,83.02,2.0,81.5,21.7
67.5,16.35,80.36500000000001,71.295,3.0,272.0,16.7
151.5,18.1,73.12,59.57,3.0,476.5,9.5
267.0,19.75,66.76500000000001,48.30500000000001,3.0,660.0,0.7
446.5,21.25,61.07,38.224999999999994,3.0,805.5,0.0
684.0,22.55,56.03,30.74,1.5,895.0,0.0
924.0,23.550000000000004,51.965,28.09,0.0,924.0,0.0
889.0,24.0,49.81,31.509999999999998,0.0,889.0,0.0
793.0,23.75,50.120000000000005,39.465,0.0,793.0,0.0
644.0,22.950000000000003,52.575,49.77,0.0,644.0,0.0
455.5,21.650000000000002,57.040000000000006,61.135,0.5,455.5,0.0
249.0,19.6,65.2,72.905,0.0,249.0,0.0
56.5,17.3,76.345,84.595,1.5,62.0,0.0
0.0,14.4,90.70500000000001,125.205,2.0,0.0,3.0
0.0,14.100000000000001,91.80000000000001,130.615,3.0,0.0,9.7
0.0,13.8,93.075,132.375,3.0,0.0,16.3
0.0,13.5,94.34,130.11,3.0,0.0,21.5
0.0,13.150000000000002,95.92,124.31,3.0,0.0,24.9
0.0,12.9,97.0,115.945,3.0,0.0,26.7
0.0,12.650000000000002,97.97999999999999,105.925,3.0,0.0,26.9
0.0,12.850000000000001,96.11500000000001,94.905,3.0,0.0,25.4
73.5,14.200000000000001,87.87,83.17,2.0,84.5,21.9
46.5,15.8,80.0,71.45,3.0,279.0,16.7
138.5,17.65,71.985,59.735,3.0,486.0,9.4
312.5,19.5,64.46000000000001,48.495000000000005,3.0,670.5,0.6
710.0,21.1,58.74,38.46,2.0,812.5,0.0
901.0,22.200000000000003,54.955,31.035,0.0,901.0,0.0
929.5,22.9,51.97,28.445,0.0,929.5,0.0
892.0,23.200000000000003,49.980000000000004,31.86,0.0,892.0,0.0
793.5,22.950000000000003,50.025000000000006,39.785,0.0,793.5,0.0
643.5,22.200000000000003,52.120000000000005,50.065,0.0,643.5,0.0
454.0,20.85,56.754999999999995,61.410000000000004,0.0,454.0,0.0
245.0,19.0,64.39,73.175,0.0,245.0,0.0
58.5,16.9,75.46000000000001,84.86000000000001,0.0,58.5,0.0
0.0,14.3,90.33,125.555,2.0,0.0,2.9
0.0,14.05,91.51,130.975,3.0,0.0,9.8
0.0,13.850000000000001,92.31,132.73000000000002,3.0,0.0,16.4
0.0,13.650000000000002,93.24000000000001,130.43,3.0,0.0,21.3
0.0,13.45,94.035,124.58,3.0,0.0,24.7
0.0,13.25,94.70500000000001,116.175,3.0,0.0,26.5
0.0,13.100000000000001,94.99,106.12,3.0,0.0,26.7
0.0,13.2,93.91,95.07,3.0,0.0,25.1
13.5,14.05,88.595,83.325,3.0,79.0,21.9
54.5,15.4,81.685,71.6,3.0,270.5,13.3
89.5,16.950000000000003,74.97,59.9,3.0,477.0,8.2
142.5,18.35,68.795,48.685,3.0,661.0,0.3
183.5,19.400000000000002,64.30499999999999,38.695,3.0,805.5,0.0
278.5,20.1,61.175000000000004,31.345,3.0,892.0,0.0
351.5,20.5,59.265,28.795,3.0,918.5,0.0
477.5,20.700000000000003,57.77,32.215,3.0,885.5,0.0
531.0,20.550000000000004,57.485,40.105000000000004,3.0,788.5,0.0
638.5,19.950000000000003,58.92,50.36,0.0,638.5,0.0
354.5,18.85,62.86,61.69,1.5,448.0,0.0
240.5,17.25,70.36500000000001,73.445,0.0,240.5,0.0
55.5,15.600000000000001,79.89,85.125,0.0,55.5,0.0
0.0,13.55,95.19,125.905,1.0,0.0,2.6
0.0,13.25,96.765,131.335,1.0,0.0,9.5
0.0,12.95,98.09,133.08499999999998,0.0,0.0,15.8
0.0,12.650000000000002,99.485,130.75,1.5,0.0,20.0
0.0,12.45,100.0,124.855,2.0,0.0,23.0
0.0,12.3,100.0,116.405,0.0,0.0,24.4
0.0,12.25,100.0,106.315,0.0,0.0,25.3
0.0,12.75,96.475,95.245,0.0,0.0,24.1
77.5,14.55,85.515,83.48,0.0,77.5,21.1
271.5,16.35,76.11500000000001,71.76,0.0,271.5,16.0
479.5,18.35,67.36500000000001,60.065,0.0,479.5,8.9
665.5,20.55,58.515,48.875,0.0,665.5,0.4
807.5,22.55,50.07,38.935,0.0,807.5,0.0
897.0,24.200000000000003,43.91,31.645,0.0,897.0,0.0
924.0,25.25,39.825,29.155,0.0,924.0,0.0
889.5,25.700000000000003,38.06,32.57,0.0,889.5,0.0
791.0,25.550000000000004,38.185,40.43000000000001,0.0,791.0,0.0
639.5,24.950000000000003,39.395,50.655,0.0,639.5,0.0
448.0,23.85,41.93000000000001,61.974999999999994,0.0,448.0,0.0
239.0,21.700000000000003,48.545,73.725,0.0,239.0,0.0
53.5,18.75,60.275000000000006,85.39,0.0,53.5,0.0
0.0,14.850000000000001,82.235,126.255,0.0,0.0,2.6
0.0,14.700000000000001,82.83,131.7,0.0,0.0,9.3
0.0,14.600000000000001,83.13,133.44,0.0,0.0,15.5
0.0,14.45,83.75,131.07,0.0,0.0,20.4
0.0,14.25,84.515,125.125,0.0,0.0,23.6
0.0,14.150000000000002,84.48,116.63499999999999,0.0,0.0,25.5
0.0,14.100000000000001,83.65,106.50999999999999,0.0,0.0,25.8
0.0,14.350000000000001,80.855,95.41499999999999,0.0,0.0,24.5
76.0,15.850000000000001,72.84,83.63499999999999,0.0,76.0,21.2
269.5,17.950000000000003,62.849999999999994,71.91,0.0,269.5,15.5
477.0,20.700000000000003,51.63,60.230000000000004,0.0,477.0,9.0
662.0,23.8,39.94,49.07,0.0,662.0,0.3
806.5,26.35,32.815,39.175,0.0,806.5,0.0
895.0,27.900000000000002,29.675,31.955000000000002,0.0,895.0,0.0
921.5,28.6,28.595,29.515,0.0,921.5,0.0
882.5,28.65,29.055,32.93,0.0,882.5,0.0
783.0,28.0,31.095,40.760000000000005,0.0,783.0,0.0
630.5,26.950000000000003,33.925,50.955,0.0,630.5,0.0
438.0,25.300000000000004,38.475,62.254999999999995,0.0,438.0,0.0
229.5,22.75,46.760000000000005,73.995,0.0,229.5,0.0
48.5,19.6,59.605000000000004,85.66,0.0,48.5,0.0
0.0,15.5,80.185,126.61000000000001,0.0,0.0,2.8
0.0,15.200000000000001,81.935,132.07,0.5,0.0,9.5
0.0,14.8,84.415,133.8,0.0,0.0,16.0
0.0,14.4,87.15,131.395,0.5,0.0,20.9
0.0,14.05,89.31,125.405,1.0,0.0,24.5
0.0,13.75,90.545,116.86500000000001,2.0,0.0,26.5
0.0,13.55,90.59,106.705,3.0,0.0,26.4
0.0,13.7,88.63499999999999,95.58500000000001,2.0,0.0,24.7
67.0,14.850000000000001,81.775,83.785,1.5,72.5,21.1
94.5,16.450000000000003,73.755,72.07,3.0,264.0,16.4
189.0,18.35,65.85,60.395,3.0,471.0,9.0
361.0,20.450000000000003,57.645,49.260000000000005,3.0,656.0,0.3
799.0,22.1,51.845,39.42,0.5,799.0,0.0
888.0,23.25,48.085,32.265,0.5,888.0,0.0
914.5,23.75,45.879999999999995,29.880000000000003,0.0,914.5,0.0
873.5,23.700000000000003,45.0,33.290000000000006,0.0,873.5,0.0
775.0,23.05,46.05,41.09,0.5,775.0,0.0
622.5,21.950000000000003,48.77,51.260000000000005,0.0,622.5,0.0
432.0,20.3,54.03,62.54,0.0,432.0,0.0
224.0,18.200000000000003,62.580000000000005,74.275,0.0,224.0,0.0
45.0,16.0,74.165,85.92500000000001,0.0,45.0,0.0
0.0,13.650000000000002,90.355,126.965,0.0,0.0,2.6
0.0,13.45,91.975,132.44,0.0,0.0,9.5
0.0,13.150000000000002,94.245,134.16,0.0,0.0,16.2
0.0,12.95,95.855,131.715,3.5,0.0,21.4
0.0,12.75,96.89500000000001,125.68,5.0,0.0,24.8
0.0,12.650000000000002,97.055,117.08500000000001,7.0,0.0,26.5
0.0,12.5,97.4,106.89500000000001,7.5,0.0,26.8
0.0,12.65,96.02000000000001,95.755,7.5,0.0,24.8
35.5,13.7,90.0,83.94,7.0,72.5,21.3
204.5,15.0,82.865,72.225,7.0,264.5,16.3
196.0,16.65,73.815,60.56,8.0,472.5,8.8
173.0,18.35,65.47999999999999,49.46000000000001,3.0,657.5,0.2
294.0,19.8,59.33,39.665,3.0,803.5,0.0
716.5,20.85,55.015,32.575,1.5,891.5,0.0
916.5,21.35,53.2,30.240000000000002,0.0,916.5,0.0
876.5,21.450000000000003,52.275000000000006,33.655,0.0,876.5,0.0
776.0,21.05,52.585,41.425,0.0,776.0,0.0
623.0,20.050000000000004,55.105000000000004,51.565,0.0,623.0,0.0
431.0,18.55,60.57000000000001,62.835,0.0,431.0,0.0
145.0,16.65,69.745,74.56,5.5,222.0,0.0
20.5,15.05,79.41,86.19,6.5,38.0,0.0
0.0,13.150000000000002,95.225,127.325,2.0,0.0,2.5
0.0,13.0,96.53,132.815,0.0,0.0,9.5
0.0,12.850000000000001,97.78999999999999,134.52,1.0,0.0,15.1
0.0,12.700000000000001,98.95,132.04000000000002,2.0,0.0,20.3
0.0,12.650000000000002,99.19,125.95,3.0,0.0,21.2
0.0,12.45,99.965,117.315,3.0,0.0,20.1
0.0,12.25,100.0,107.09,3.0,0.0,19.6
0.0,12.5,98.53999999999999,95.925,3.0,0.0,18.9
11.5,13.850000000000001,90.39,84.095,3.0,70.5,19.0
38.5,15.3,81.795,72.38499999999999,3.0,261.5,16.1
96.0,16.8,74.025,60.735,3.0,469.0,8.7
177.0,18.200000000000003,67.71000000000001,49.66,3.0,655.0,0.1
263.0,19.400000000000002,62.535,39.910000000000004,3.0,797.5,0.0
449.5,20.200000000000003,59.375,32.894999999999996,3.0,886.5,0.0
912.5,20.6,57.53,30.615000000000002,0.5,912.5,0.0
874.5,20.6,56.97,34.025000000000006,0.0,874.5,0.0
775.0,20.15,58.4,41.760000000000005,0.0,775.0,0.0
622.5,19.35,61.39,51.875,0.0,622.5,0.0
431.5,18.200000000000003,66.08000000000001,63.125,0.0,431.5,0.0
222.0,16.6,73.815,74.85,0.0,222.0,0.0
37.5,14.850000000000001,84.13,86.465,0.0,37.5,0.0
0.0,13.350000000000001,95.4,127.685,1.5,0.0,2.6
0.0,13.150000000000002,96.92500000000001,133.19,3.0,0.0,9.7
0.0,12.9,98.625,134.885,3.0,0.0,16.3
0.0,12.650000000000002,99.995,132.37,3.0,0.0,21.2
0.0,12.4,100.0,126.225,3.0,0.0,23.6
0.0,12.3,100.0,117.545,3.0,0.0,24.3
0.0,12.200000000000001,100.0,107.285,3.0,0.0,25.8
0.0,12.5,98.7,96.095,3.0,0.0,24.2
17.5,14.0,90.53999999999999,84.25,3.0,71.0,21.0
56.5,15.650000000000002,81.715,72.54,3.0,263.5,16.1
131.5,17.4,74.03,60.905,3.0,471.0,8.6
367.0,19.1,67.08500000000001,49.86,3.0,656.5,0.1
725.5,20.5,60.955,40.165,1.5,797.0,0.0
885.0,21.65,56.005,33.21,0.0,885.0,0.0
913.5,22.300000000000004,53.11,30.98,0.0,913.5,0.0
870.5,22.6,51.410000000000004,34.39,0.0,870.5,0.0
770.5,22.5,51.145,42.1,0.0,770.5,0.0
617.0,21.950000000000003,52.485,52.185,0.0,617.0,0.0
426.5,20.85,55.980000000000004,63.425000000000004,0.0,426.5,0.0
216.5,19.050000000000004,62.525,75.135,0.0,216.5,0.0
35.0,16.65,74.98500000000001,86.73,0.5,35.0,0.0
0.0,13.600000000000001,94.715,128.05,1.0,0.0,2.3
0.0,13.25,96.325,133.57,1.0,0.0,9.2
0.0,13.05,96.94,135.255,1.0,0.0,15.4
0.0,12.9,97.06,132.695,1.0,0.0,19.8
0.0,12.8,96.60000000000001,126.5,1.0,0.0,22.5
0.0,12.75,95.83500000000001,117.775,1.0,0.0,23.9
0.0,12.700000000000001,95.15,107.475,1.0,0.0,23.6
0.0,12.950000000000001,92.845,96.27000000000001,1.0,0.0,22.3
68.0,14.3,84.66,84.4,1.0,68.0,19.6
81.0,16.4,75.045,72.7,3.0,259.5,15.5
264.0,18.75,66.015,61.075,3.0,465.0,8.4
649.5,21.25,56.980000000000004,50.06,0.0,649.5,0.1
789.5,23.75,48.585,40.42,0.0,789.5,0.0
876.0,25.65,42.519999999999996,33.535,0.0,876.0,0.0
900.0,26.650000000000002,39.58,31.35,0.0,900.0,0.0
846.0,26.550000000000004,39.565,34.765,0.0,846.0,0.0
748.5,25.900000000000002,41.185,42.445,0.0,748.5,0.0
596.5,24.800000000000004,44.055,52.5,0.0,596.5,0.0
406.5,23.25,48.965,63.72,0.0,406.5,0.0
201.5,21.200000000000003,56.655,75.43,0.0,201.5,0.0
30.5,18.700000000000003,68.39,87.005,0.0,30.5,0.0
0.0,15.100000000000001,85.58500000000001,128.415,1.0,0.0,2.4
0.0,14.700000000000001,87.24000000000001,133.945,1.0,0.0,9.5
0.0,14.3,89.275,135.62,1.0,0.0,16.1
0.0,13.8,92.06,133.01500000000001,1.0,0.0,21.5
0.0,13.4,93.83,126.77,1.0,0.0,24.6
0.0,13.05,95.28,118.005,3.0,0.0,26.4
0.0,12.75,96.415,107.67,3.0,0.0,26.6
0.0,12.900000000000002,94.715,96.435,3.0,0.0,24.6
55.0,14.150000000000002,86.86,84.555,2.0,61.0,21.0
47.5,16.0,77.545,72.86,3.0,247.0,15.9
140.5,18.15,68.005,61.25,3.0,453.5,8.4
222.0,20.25,59.17,50.269999999999996,3.0,639.0,0.0
473.0,22.05,52.620000000000005,40.675,3.0,786.5,0.0
874.5,23.55,46.004999999999995,33.855000000000004,0.0,874.5,0.0
902.0,24.4,41.94,31.725,0.0,902.0,0.0
860.0,24.650000000000002,40.31,35.14,0.0,860.0,0.0
758.0,24.35,40.765,42.795,0.0,758.0,0.0
603.5,23.5,42.97,52.825,0.0,603.5,0.0
333.0,22.0,47.675000000000004,64.025,1.5,411.5,0.0
202.5,19.900000000000002,55.635000000000005,75.72,0.5,202.5,0.0
29.5,17.35,68.72,87.27000000000001,0.5,29.5,0.0
0.0,14.3,88.035,128.79000000000002,1.0,0.0,2.4
0.0,13.95,90.165,134.325,1.0,0.0,9.3
0.0,13.600000000000001,92.38,135.99,0.0,0.0,16.1
0.0,13.350000000000001,94.08000000000001,133.35000000000002,0.5,0.0,21.1
0.0,13.25,94.805,127.05000000000001,1.0,0.0,24.8
0.0,13.100000000000001,95.79,118.23,0.5,0.0,26.4
0.0,13.100000000000001,95.7,107.86500000000001,0.0,0.0,26.2
0.0,13.3,94.13499999999999,96.61,1.0,0.0,24.6
58.5,14.55,86.66,84.715,0.5,58.5,21.2
243.5,16.400000000000002,77.58000000000001,73.02000000000001,1.0,243.5,15.7
393.5,18.400000000000002,68.925,61.425,2.0,448.0,8.2
631.5,20.35,61.6,50.47,0.0,631.5,0.0
778.0,22.15,54.32,40.93000000000001,0.0,778.0,0.0
864.0,23.400000000000002,49.290000000000006,34.18,0.0,864.0,0.0
888.0,24.05,46.04,32.1,0.0,888.0,0.0
840.0,23.950000000000003,45.565,35.515,0.5,840.0,0.0
736.5,23.150000000000002,47.89,43.14,0.0,736.5,0.0
581.0,22.050000000000004,51.365,53.14,0.0,581.0,0.0
388.5,20.450000000000003,57.230000000000004,64.325,0.0,388.5,0.0
185.5,18.200000000000003,67.35499999999999,76.01500000000001,0.5,185.5,0.0
24.5,16.1,78.77,87.85,0.5,24.5,0.0
0.0,13.8,90.655,129.155,2.0,0.0,2.4
0.0,13.5,92.56,134.715,3.0,0.0,9.8
0.0,13.25,94.285,136.36,3.0,0.0,16.9
0.0,13.200000000000001,94.93,133.675,3.0,0.0,22.0
0.0,13.200000000000001,95.24,127.325,3.0,0.0,25.4
0.0,13.25,94.86500000000001,118.45500000000001,3.0,0.0,27.0
0.0,13.350000000000001,94.55000000000001,108.055,3.0,0.0,27.2
0.0,13.55,93.435,96.78,3.0,0.0,25.1
5.5,14.2,89.44,84.87,3.0,52.0,21.4
19.5,15.05,84.16,73.185,3.0,226.5,15.8
76.0,16.0,78.845,61.599999999999994,3.0,425.5,8.2
100.5,17.150000000000002,72.84,50.68,3.0,607.5,0.0
231.0,18.15,67.755,41.19,3.0,740.5,0.0
547.0,18.7,64.74,34.510000000000005,3.0,828.0,0.0
454.0,18.7,64.06,32.480000000000004,3.0,855.5,0.0
584.5,18.450000000000003,64.505,35.89,3.0,826.0,0.0
337.5,17.85,66.755,43.489999999999995,3.0,725.0,0.0
179.0,17.200000000000003,69.78,53.465,3.0,572.5,0.0
121.0,16.35,74.35,64.63,3.0,381.0,0.0
51.0,15.400000000000002,80.03999999999999,76.305,3.0,180.0,0.0
15.5,14.600000000000001,85.75,88.14000000000001,3.0,23.5,0.0
0.0,14.100000000000001,91.98,129.53,1.0,0.0,2.3
0.0,14.100000000000001,92.59,135.095,3.0,0.0,9.8
0.0,14.100000000000001,93.32000000000001,136.735,3.0,0.0,16.7
0.0,14.100000000000001,93.76,134.005,1.0,0.0,21.8
0.0,14.100000000000001,93.95,127.6,1.0,0.0,25.0
0.0,14.100000000000001,93.94,118.685,3.0,0.0,27.0
0.0,14.05,94.03,108.25,3.0,0.0,26.7
0.0,14.100000000000001,93.32,96.95,3.0,0.0,24.9
47.5,14.600000000000001,89.44,85.02000000000001,2.0,53.0,21.1
35.0,15.450000000000001,82.63,73.345,3.0,228.5,15.8
105.5,16.55,76.305,61.785000000000004,3.0,426.5,8.1
185.0,17.950000000000003,69.76,50.89,3.0,606.5,0.0
207.0,19.150000000000002,64.875,41.455,3.0,755.5,0.0
268.0,20.1,61.2,34.845,3.0,841.5,0.0
271.5,20.55,59.205,32.855000000000004,3.0,865.5,0.0
320.0,20.650000000000002,58.18,36.275000000000006,3.0,828.5,0.0
303.0,20.25,58.69,43.84,3.0,729.0,0.0
454.5,19.35,61.004999999999995,53.79,2.0,579.5,0.0
154.5,17.900000000000002,65.99000000000001,64.935,3.0,393.5,0.0
189.0,16.0,74.025,76.60499999999999,0.5,189.0,0.0
25.5,14.15,83.325,88.435,2.0,25.5,0.0
0.0,12.650000000000002,91.125,129.9,1.0,0.0,2.1
0.0,12.5,92.60000000000001,135.485,3.0,0.0,9.3
0.0,12.350000000000001,93.76500000000001,137.10500000000002,3.0,0.0,15.4
0.0,12.150000000000002,94.975,134.33499999999998,1.0,0.0,20.7
0.0,11.95,96.005,127.875,1.0,0.0,24.1
0.0,11.75,97.13,118.91,3.0,0.0,26.1
0.0,11.700000000000001,97.19500000000001,108.44,1.0,0.0,26.0
0.0,11.900000000000002,95.795,97.12,1.0,0.0,24.6
57.5,13.150000000000002,88.275,85.17500000000001,0.5,57.5,21.1
48.0,14.8,78.815,73.50999999999999,3.0,243.5,15.5
149.0,16.450000000000003,70.44,61.96000000000001,3.0,447.5,7.9
352.5,18.400000000000002,61.865,51.105000000000004,3.0,629.0,0.0
684.0,20.4,53.94,41.72,1.0,762.0,0.0
849.0,21.900000000000002,48.865,35.17,0.0,849.0,0.0
873.5,23.0,44.72,33.239999999999995,0.0,873.5,0.0
830.5,23.5,42.5,36.655,0.0,830.5,0.0
727.0,23.25,43.42,44.195,0.0,727.0,0.0
571.5,22.5,46.22,54.120000000000005,0.0,571.5,0.0
380.0,21.25,51.22,65.245,0.5,380.0,0.0
176.5,19.200000000000003,60.410000000000004,76.905,0.0,176.5,0.0
21.0,16.9,73.08000000000001,88.735,0.0,21.0,0.0
0.0,14.25,90.63,130.27,1.0,0.0,1.9
0.0,13.95,92.125,135.87,1.0,0.0,9.1
0.0,13.650000000000002,93.60499999999999,137.48000000000002,1.0,0.0,15.5
0.0,13.5,94.33,134.66,0.0,0.0,20.2
0.0,13.4,94.68,128.145,0.0,0.0,22.9
0.0,13.5,93.74,119.13499999999999,0.0,0.0,24.3
0.0,13.5,93.46000000000001,108.63499999999999,0.0,0.0,25.2
0.0,13.65,92.43,97.295,1.0,0.0,23.7
51.0,14.650000000000002,86.685,85.33,0.5,51.0,20.5
92.5,16.6,77.37,73.67500000000001,3.0,228.5,14.0
326.0,19.050000000000004,66.985,62.144999999999996,2.0,430.0,7.3
610.5,21.65,57.16,51.32,0.5,610.5,0.0
749.5,24.1,48.56,41.985,0.0,749.5,0.0
834.5,26.0,42.480000000000004,35.510000000000005,0.0,834.5,0.0
858.5,27.050000000000004,39.85,33.620000000000005,0.0,858.5,0.0
815.0,27.400000000000002,38.980000000000004,37.040000000000006,0.0,815.0,0.0
713.5,27.15,39.730000000000004,44.55500000000001,0.0,713.5,0.0
563.0,26.35,41.925,54.445,0.0,563.0,0.0
371.0,25.05,45.94,65.56,0.0,371.0,0.0
169.0,22.700000000000003,54.665,77.21000000000001,0.0,169.0,0.0
19.0,20.0,67.11500000000001,89.03,0.0,19.0,0.0
0.0,16.9,79.33,130.65,0.0,0.0,1.7
0.0,16.5,79.785,136.26,0.0,0.0,9.0
0.0,16.1,80.715,137.85500000000002,0.0,0.0,15.3
0.0,15.700000000000001,82.435,134.995,0.0,0.0,19.6
0.0,15.5,83.42,128.42000000000002,0.0,0.0,22.5
0.0,15.45,83.36500000000001,119.36500000000001,0.0,0.0,23.6
0.0,15.650000000000002,82.025,108.825,0.0,0.0,22.8
0.0,16.0,79.52000000000001,97.465,0.0,0.0,20.8
48.0,17.15,73.66499999999999,85.49000000000001,0.0,48.0,19.4
223.5,19.200000000000003,64.695,73.845,0.0,223.5,13.7
423.0,21.900000000000002,54.5,62.325,0.0,423.0,6.4
602.5,25.1,44.905,51.535000000000004,0.0,602.5,0.0
744.0,27.8,37.61,42.260000000000005,0.0,744.0,0.0
827.5,29.650000000000002,33.205,35.845,0.0,827.5,0.0
848.5,30.450000000000003,31.015,34.004999999999995,0.0,848.5,0.0
802.5,30.5,30.635,37.42,0.0,802.5,0.0
701.5,29.950000000000003,31.64,44.91,0.0,701.5,0.0
549.5,28.75,34.085,54.78,0.0,549.5,0.0
359.0,26.650000000000002,39.39,65.87,0.0,359.0,0.0
161.0,23.6,49.07,77.51,0.0,161.0,0.0
17.0,20.5,61.620000000000005,89.33500000000001,0.0,17.0,0.0
0.0,16.700000000000003,76.465,131.02499999999998,0.0,0.0,1.7
0.0,16.35,77.195,136.64999999999998,0.0,0.0,9.1
0.0,16.0,77.985,138.23000000000002,0.0,0.0,16.0
0.0,15.600000000000001,79.78999999999999,135.32,0.0,0.0,21.0
0.0,15.200000000000001,81.98500000000001,128.695,0.0,0.0,23.5
0.0,14.9,83.715,119.59,0.0,0.0,24.5
0.0,14.55,85.63499999999999,109.02000000000001,0.0,0.0,22.3
0.0,14.5,85.795,97.64,0.0,0.0,21.2
44.0,15.350000000000001,81.06,85.645,0.0,44.0,19.0
214.0,16.950000000000003,73.245,74.01,0.5,214.0,11.2
411.5,18.950000000000003,65.42500000000001,62.510000000000005,0.0,411.5,6.7
591.0,21.5,55.965,51.755,0.0,591.0,0.0
732.0,23.65,47.795,42.535,0.0,732.0,0.0
817.5,24.800000000000004,44.185,36.18000000000001,0.0,817.5,0.0
841.5,25.1,42.550000000000004,34.39,0.0,841.5,0.0
792.0,24.55,43.205,37.81,0.0,792.0,0.0
693.0,23.400000000000002,45.65,45.269999999999996,0.0,693.0,0.0
442.5,22.0,48.775000000000006,55.11,1.5,543.0,0.0
245.5,20.1,54.15,66.18,2.0,356.0,0.0
157.0,17.8,63.78,77.81,0.5,157.0,0.0
15.5,15.8,74.885,89.63,1.0,15.5,0.0
0.0,13.55,88.91499999999999,131.39999999999998,1.0,0.0,1.7
0.0,13.3,90.23,137.04500000000002,2.0,0.0,9.3
0.0,13.200000000000001,90.245,138.60500000000002,1.0,0.0,16.2
0.0,13.200000000000001,89.39,135.65500000000003,1.0,0.0,21.2
0.0,13.200000000000001,89.285,128.97,1.0,0.0,23.6
0.0,13.25,89.56,119.815,3.0,0.0,25.7
0.0,13.350000000000001,90.175,109.20500000000001,0.5,0.0,25.4
0.0,13.600000000000001,89.945,97.81,3.5,0.0,23.3
43.0,14.100000000000001,88.095,85.80000000000001,0.0,43.0,20.1
214.0,15.15,82.375,74.18,0.5,214.0,14.3
396.0,16.55,74.375,62.7,4.0,414.0,6.6
501.0,17.95,66.38,51.974999999999994,7.0,592.5,0.0
541.0,18.75,60.394999999999996,42.81,7.5,739.0,0.0
271.5,18.950000000000003,56.355000000000004,36.525000000000006,8.0,818.0,0.0
588.0,18.65,54.45,34.775000000000006,7.5,840.5,0.0
807.5,18.35,53.74,38.195,0.0,807.5,0.0
715.0,18.0,54.42,45.63,0.0,715.0,0.0
565.0,17.5,56.565,55.44500000000001,0.0,565.0,0.0
370.5,16.650000000000002,61.125,66.5,0.0,370.5,0.0
163.0,15.450000000000001,68.36,78.11500000000001,0.0,163.0,0.0
15.5,14.100000000000001,78.095,89.93,0.0,15.5,0.0
0.0,13.200000000000001,85.18,131.78,0.0,0.0,1.5
0.0,13.100000000000001,85.31,137.44,0.0,0.0,9.1
0.0,12.95,85.97,138.985,0.0,0.0,15.7
0.0,12.75,86.885,135.985,0.0,0.0,20.5
0.0,12.55,87.62,129.24,0.0,0.0,24.0
0.0,12.4,88.32,120.03999999999999,0.0,0.0,25.7
0.0,12.25,89.18,109.4,0.0,0.0,25.0
0.0,12.400000000000002,88.67500000000001,97.98,0.0,0.0,20.9
48.5,13.4,84.06,85.95500000000001,0.0,48.5,19.8
234.0,15.150000000000002,75.075,74.345,0.0,234.0,14.4
440.5,16.75,64.88,62.885000000000005,0.0,440.5,6.8
622.5,18.05,57.615,52.2,0.0,622.5,0.0
760.5,18.9,53.775,43.085,0.0,760.5,0.0
844.0,19.3,52.24,36.865,0.0,844.0,0.0
864.0,19.25,52.895,35.165,0.0,864.0,0.0
817.0,19.05,53.785000000000004,38.585,0.0,817.0,0.0
714.5,18.700000000000003,54.915,45.995000000000005,0.0,714.5,0.0
557.0,18.25,55.900000000000006,55.78,0.0,557.0,0.0
363.0,17.45,58.195,66.815,0.0,363.0,0.0
159.0,16.3,62.815,78.42,0.0,159.0,0.0
14.5,14.850000000000001,71.465,90.23,0.0,14.5,0.0
0.0,12.4,90.23500000000001,132.16,0.0,0.0,1.4
0.0,12.0,92.62,137.82999999999998,0.0,0.0,8.7
0.0,11.650000000000002,94.285,139.365,0.0,0.0,14.8
0.0,11.45,94.54,136.315,0.0,0.0,19.9
0.0,11.150000000000002,94.47,129.51500000000001,0.0,0.0,22.3
0.0,11.0,92.69,120.26500000000001,0.0,0.0,24.3
0.0,10.850000000000001,90.37,109.59,0.0,0.0,24.8
0.0,10.950000000000001,86.28999999999999,98.15,0.0,0.0,23.1
44.0,12.200000000000001,77.095,86.105,0.0,44.0,20.0
223.5,14.600000000000001,63.99000000000001,74.51500000000001,0.0,223.5,14.3
428.0,17.15,52.24,63.08,0.0,428.0,6.6
613.5,19.450000000000003,43.105000000000004,52.425,0.0,613.5,0.0
760.5,21.0,37.56,43.365,0.0,760.5,0.0
845.5,22.150000000000002,33.485,37.21,0.0,845.5,0.0
867.5,22.9,31.055,35.555,0.0,867.5,0.0
822.5,23.150000000000002,30.17,38.97,0.0,822.5,0.0
715.5,23.0,30.355,46.36,0.0,715.5,0.0
557.5,22.450000000000003,31.66,56.115,0.0,557.5,0.0
362.5,21.200000000000003,35.235,67.13,0.0,362.5,0.0
156.5,18.900000000000002,43.63,78.72999999999999,0.0,156.5,0.0
13.0,16.15,57.18000000000001,90.53,0.0,13.0,0.0
0.0,13.100000000000001,80.745,132.54000000000002,0.0,0.0,1.4
0.0,12.700000000000001,83.475,138.22500000000002,0.0,0.0,8.8
0.0,12.3,86.125,139.74,0.0,0.0,15.5
0.0,12.100000000000001,86.89,136.645,0.0,0.0,19.7
0.0,12.150000000000002,84.30000000000001,129.79000000000002,0.0,0.0,21.3
0.0,12.3,79.71000000000001,120.49000000000001,0.0,0.0,22.5
0.0,12.4,74.77,109.785,0.0,0.0,24.1
0.0,12.7,69.265,98.325,0.0,0.0,22.9
38.0,13.950000000000001,61.495000000000005,86.25999999999999,0.0,38.0,20.0
220.0,16.5,48.92,74.69,0.0,220.0,14.2
424.0,18.85,39.985,63.269999999999996,0.0,424.0,6.6
604.5,21.5,30.735,52.65,0.0,604.5,0.0
744.5,23.950000000000003,24.509999999999998,43.644999999999996,0.0,744.5,0.0
827.0,25.950000000000003,21.045,37.555,0.0,827.0,0.0
846.5,27.1,19.835,35.945,0.0,846.5,0.0
801.0,27.4,20.73,39.364999999999995,0.0,801.0,0.0
694.0,27.050000000000004,22.69,46.72,0.0,694.0,0.0
539.0,26.15,25.525,56.45,0.0,539.0,0.0
347.5,24.400000000000002,30.29,67.44999999999999,0.0,347.5,0.0
146.5,21.4,39.635000000000005,79.035,0.0,146.5,0.0
11.0,18.200000000000003,52.345,90.83000000000001,0.0,11.0,0.0
0.0,14.9,73.82000000000001,132.91500000000002,0.0,0.0,1.4
0.0,14.55,76.285,138.625,0.0,0.0,9.2
0.0,14.200000000000001,79.175,140.12,0.0,0.0,15.5
0.0,13.95,81.175,136.97500000000002,0.0,0.0,20.1
0.0,13.75,82.36500000000001,130.06,0.0,0.0,23.0
0.0,13.700000000000001,82.49,120.71000000000001,0.0,0.0,25.0
0.0,13.700000000000001,82.18,109.975,0.0,0.0,25.2
0.0,13.8,81.3,98.495,0.0,0.0,23.5
37.0,14.650000000000002,76.88499999999999,86.42,0.5,37.0,19.6
217.5,16.400000000000002,69.12,74.86,0.5,217.5,14.1
419.0,18.65,60.730000000000004,63.464999999999996,0.0,419.0,6.5
599.5,21.200000000000003,49.925,52.88,0.0,599.5,0.0
739.0,23.15,42.74,43.925,0.0,739.0,0.0
822.0,24.35,39.16,37.905,0.0,822.0,0.0
843.5,24.8,38.56,36.33,0.0,843.5,0.0
799.0,24.6,39.885,39.760000000000005,0.0,799.0,0.0
694.0,24.050000000000004,42.120000000000005,47.085,0.0,694.0,0.0
538.0,23.3,44.900000000000006,56.795,0.0,538.0,0.0
343.5,22.0,49.615,67.765,0.0,343.5,0.0
141.0,19.950000000000003,58.555,79.345,0.0,141.0,0.0
9.5,17.75,70.73500000000001,91.125,0.0,9.5,0.0
0.0,15.100000000000001,86.625,133.3,2.0,0.0,1.3
0.0,14.65,88.785,139.01999999999998,1.5,0.0,9.2
0.0,14.200000000000001,90.89500000000001,140.5,3.0,0.0,16.0
0.0,13.700000000000001,93.56,137.305,0.0,0.0,20.9
0.0,13.3,95.74000000000001,130.32999999999998,0.0,0.0,23.9
0.0,12.9,97.715,120.94,0.0,0.0,25.6
0.0,12.600000000000001,98.825,110.16499999999999,0.0,0.0,25.6
0.0,12.55,98.375,98.67000000000002,0.0,0.0,23.5
37.0,13.350000000000001,93.16499999999999,86.57499999999999,0.5,37.0,19.7
217.5,14.8,83.935,75.035,0.0,217.5,14.1
422.5,16.6,71.975,63.655,0.0,422.5,6.4
606.0,18.8,59.035000000000004,53.11,0.0,606.0,0.0
749.5,20.700000000000003,49.34,44.21,0.0,749.5,0.0
832.0,22.1,42.769999999999996,38.25,0.0,832.0,0.0
854.0,22.700000000000003,40.34,36.725,0.0,854.0,0.0
802.5,22.700000000000003,39.91,40.145,0.0,802.5,0.0
698.0,22.200000000000003,40.655,47.455,0.0,698.0,0.0
538.0,21.25,42.99,57.129999999999995,0.0,538.0,0.0
344.0,19.8,47.29,68.09,0.0,344.0,0.0
138.0,17.700000000000003,55.46000000000001,79.64500000000001,0.0,138.0,0.0
8.5,15.5,68.07499999999999,91.415,0.0,8.5,0.0
0.0,13.45,86.38,133.68,0.0,0.0,1.3
0.0,13.600000000000001,84.12,139.41500000000002,0.0,0.0,8.9
0.0,13.55,80.67,140.885,0.0,0.0,15.1
0.0,13.700000000000001,76.07000000000001,137.635,0.0,0.0,19.5
0.0,13.650000000000002,72.535,130.6,0.0,0.0,22.8
0.0,13.5,70.17,121.16,0.0,0.0,24.8
0.0,13.350000000000001,69.30000000000001,110.355,0.0,0.0,24.6
0.0,13.350000000000001,69.205,98.84,0.5,0.0,23.1
37.0,14.55,65.53,86.72999999999999,0.0,37.0,19.7
220.0,16.950000000000003,57.370000000000005,75.21000000000001,0.0,220.0,13.7
425.5,19.05,49.2,63.85,0.0,425.5,6.1
608.0,21.05,40.415000000000006,53.345,0.0,608.0,0.0
742.0,22.75,33.66,44.505,0.0,742.0,0.0
825.0,24.05,29.314999999999998,38.599999999999994,0.0,825.0,0.0
845.0,24.950000000000003,26.595,37.120000000000005,0.5,845.0,0.0
741.0,25.400000000000002,25.160000000000004,40.540000000000006,7.0,797.5,0.0
633.0,25.300000000000004,24.89,47.82,3.5,689.5,0.0
452.0,24.75,25.810000000000002,57.47,7.5,530.5,0.0
314.5,23.25,29.42,68.405,7.5,336.0,0.0
119.0,20.4,39.205,79.96000000000001,2.0,134.0,0.0
7.5,17.3,53.11,91.715,0.0,7.5,0.0
0.0,14.45,78.965,134.06,0.0,0.0,1.2
0.0,14.150000000000002,81.305,139.815,0.0,0.0,9.0
0.0,13.95,82.18,141.265,0.0,0.0,15.9
0.0,13.8,82.3,137.965,0.0,0.0,21.1
0.0,13.650000000000002,82.62,130.87,0.0,0.0,24.1
0.0,13.55,82.91,121.38,0.0,0.0,25.5
0.0,13.5,82.65,110.55000000000001,0.0,0.0,24.9
0.0,13.75,81.08500000000001,99.015,0.0,0.0,23.2
20.0,14.75,77.285,86.885,1.5,32.0,19.4
177.5,16.6,71.09,75.38499999999999,2.0,200.0,13.6
399.0,18.75,66.095,64.045,0.0,399.0,5.9
576.5,21.3,58.64,53.585,0.0,576.5,0.0
710.5,23.1,53.64,44.79,0.0,710.5,0.0
790.5,24.3,50.44,38.95,0.0,790.5,0.0
809.0,25.0,48.3,37.510000000000005,0.0,809.0,0.0
763.0,25.400000000000002,46.18000000000001,40.935,0.0,763.0,0.0
660.0,25.300000000000004,44.625,48.19,0.0,660.0,0.0
507.0,24.75,44.099999999999994,57.815,0.0,507.0,0.0
319.0,23.5,45.870000000000005,68.73,0.0,319.0,0.0
124.0,20.85,53.55,80.26500000000001,0.0,124.0,0.0
5.5,18.0,64.385,92.00999999999999,0.0,5.5,0.0
0.0,15.0,77.06,134.44,0.0,0.0,1.1
0.0,15.25,72.89,140.21,0.0,0.0,9.1
0.0,15.75,65.25,141.645,0.0,0.0,15.8
0.0,16.05,58.735,138.29500000000002,0.0,0.0,19.7
0.0,16.15,55.955,131.14,0.0,0.0,21.9
0.0,15.9,56.510000000000005,121.6,0.0,0.0,22.7
0.0,15.5,57.75,110.735,0.0,0.0,22.7
0.0,15.200000000000001,58.44,99.19,0.0,0.0,22.2
35.0,15.600000000000001,56.935,87.03999999999999,0.0,35.0,19.0
218.5,17.200000000000003,50.7,75.56,0.0,218.5,13.0
426.0,18.85,43.085,64.25,0.0,426.0,5.6
612.5,20.450000000000003,36.730000000000004,53.815,0.0,612.5,0.0
752.5,21.900000000000002,32.269999999999996,45.085,0.0,752.5,0.0
835.5,23.200000000000003,28.69,39.305,0.0,835.5,0.0
854.5,24.35,25.62,37.900000000000006,0.0,854.5,0.0
806.0,25.3,23.275,41.325,0.0,806.0,0.0
696.5,26.0,21.314999999999998,48.555,0.0,696.5,0.0
536.5,26.15,20.080000000000002,58.150000000000006,0.0,536.5,0.0
338.5,25.0,21.755,69.05,0.0,338.5,0.0
131.0,21.55,33.7,80.57499999999999,0.0,131.0,0.0
0.0,15.850000000000001,52.55500000000001,134.82,0.0,0.0,1.0
0.0,15.3,54.86,140.61,0.0,0.0,8.6
0.0,14.75,57.575,142.02499999999998,0.0,0.0,14.8
0.0,14.200000000000001,60.985,138.625,0.0,0.0,19.4
0.0,13.850000000000001,62.455,131.41,0.0,0.0,22.9
0.0,13.650000000000002,61.71,121.82,0.0,0.0,24.9
0.0,13.55,60.145,110.93,0.0,0.0,24.9
0.0,13.55,58.165000000000006,99.36500000000001,0.0,0.0,22.9
31.0,14.55,53.77,87.195,0.0,31.0,18.7
204.0,17.05,45.695,75.74000000000001,0.0,204.0,13.4
403.5,19.450000000000003,40.56,64.45,0.0,403.5,5.3
581.5,22.400000000000002,32.475,54.05500000000001,0.0,581.5,0.0
713.5,24.800000000000004,26.805,45.375,0.0,713.5,0.0
795.5,26.25,24.53,39.66,0.0,795.5,0.0
814.5,26.950000000000003,24.005000000000003,38.295,0.0,814.5,0.0
757.5,27.05,25.115000000000002,41.72,0.0,757.5,0.0
651.5,26.75,26.755000000000003,48.925,0.0,651.5,0.0
495.0,25.85,29.345,58.495000000000005,0.0,495.0,0.0
244.0,24.150000000000002,34.045,69.37,1.5,301.0,0.0
107.5,21.0,45.025000000000006,80.88,0.5,107.5,0.0
0.0,14.600000000000001,75.685,135.2,0.0,0.0,0.9
0.0,14.200000000000001,77.58500000000001,141.005,0.0,0.0,8.5
0.0,13.850000000000001,78.935,142.405,0.0,0.0,14.9
0.0,13.55,80.2,138.95,0.0,0.0,19.6
0.0,13.4,80.9,131.675,0.0,0.0,22.4
0.0,13.350000000000001,80.63,122.04,0.0,0.0,24.2
0.0,13.4,79.38,111.11500000000001,0.0,0.0,24.2
0.0,13.5,77.59,99.54,0.0,0.0,22.5
29.0,14.100000000000001,74.30000000000001,87.345,0.0,29.0,19.1
197.0,15.900000000000002,67.83,75.91499999999999,0.0,197.0,13.1
399.0,18.150000000000002,58.965,64.65,0.0,399.0,5.1
578.5,21.050000000000004,45.81,54.3,0.0,578.5,0.0
713.0,23.6,37.28,45.67,0.0,713.0,0.0
793.5,25.800000000000004,30.770000000000003,40.015,0.0,793.5,0.0
811.0,27.200000000000003,27.005000000000003,38.69,0.0,811.0,0.0
763.5,27.650000000000002,25.384999999999998,42.11,0.0,763.5,0.0
654.5,27.25,25.950000000000003,49.29,0.0,654.5,0.0
497.0,26.0,28.83,58.835,0.0,497.0,0.0
302.5,23.65,35.5,69.69,0.0,302.5,0.0
108.0,20.300000000000004,48.22,81.185,0.0,108.0,0.0
0.0,13.9,84.36500000000001,135.57999999999998,0.0,0.0,0.8
0.0,13.600000000000001,86.56,141.4,0.0,0.0,8.5
0.0,13.350000000000001,88.25999999999999,142.785,0.0,0.0,15.0
0.0,13.150000000000002,89.26,139.28,0.0,0.0,19.1
0.0,13.05,89.345,131.94,0.0,0.0,21.8
0.0,13.05,88.49000000000001,122.26,0.0,0.0,23.3
0.0,13.200000000000001,86.05,111.305,0.0,0.0,23.0
0.0,13.55,81.765,99.71000000000001,0.0,0.0,21.6
28.5,14.5,74.405,87.81,0.0,28.5,18.5
197.5,16.5,64.275,76.1,0.0,197.5,12.6
399.0,18.8,54.89,64.855,0.0,399.0,4.8
579.5,22.0,42.985,54.540000000000006,0.0,579.5,0.0
700.5,25.1,32.05,45.965,0.0,700.5,0.0
782.5,27.650000000000002,25.064999999999998,40.370000000000005,0.0,782.5,0.0
801.0,29.3,21.47,39.085,0.0,801.0,0.0
753.0,30.1,19.71,42.5,0.0,753.0,0.0
644.0,30.0,19.755,49.665000000000006,0.0,644.0,0.0
486.0,28.900000000000002,21.785,59.18,0.0,486.0,0.0
293.0,26.25,27.96,70.015,0.0,293.0,0.0
100.0,22.1,41.47,81.49000000000001,0.0,100.0,0.0
0.0,16.25,69.92,135.96,0.5,0.0,0.8
0.0,16.05,70.33500000000001,141.8,0.0,0.0,8.6
0.0,15.65,71.905,143.16500000000002,0.0,0.0,15.2
0.0,15.05,76.2,139.60500000000002,0.0,0.0,20.0
0.0,14.4,82.555,132.20499999999998,0.0,0.0,22.8
0.0,14.0,86.51,122.48,0.0,0.0,23.7
0.0,13.600000000000001,89.84,111.495,0.5,0.0,23.2
0.0,13.45,91.24000000000001,99.88499999999999,1.0,0.0,21.7
25.5,14.05,87.765,87.97999999999999,0.5,25.5,17.8
108.0,15.9,77.33500000000001,76.275,2.0,185.5,8.1
284.0,17.6,68.75,65.06,2.0,382.0,0.0
560.0,19.4,61.435,54.785,0.5,560.0,0.0
689.0,20.900000000000002,55.59,46.265,0.0,689.0,0.0
770.0,22.1,50.935,40.724999999999994,0.0,770.0,0.0
787.5,22.650000000000002,48.82,39.480000000000004,0.0,787.5,0.0
739.5,22.700000000000003,48.605000000000004,42.894999999999996,0.0,739.5,0.0
633.0,22.200000000000003,50.260000000000005,50.03,0.0,633.0,0.0
477.5,21.25,53.650000000000006,59.515,0.0,477.5,0.0
287.0,19.75,59.42,70.33,0.0,287.0,0.0
96.5,17.55,70.035,81.795,0.0,96.5,0.0
0.0,13.650000000000002,92.64,136.335,0.5,0.0,0.7
0.0,13.350000000000001,94.82,142.2,0.0,0.0,8.4
0.0,13.200000000000001,96.23,143.54500000000002,0.0,0.0,14.8
0.0,13.100000000000001,97.38,139.93,3.0,0.0,19.3
0.0,13.0,98.02,132.47,3.0,0.0,21.8
0.0,12.850000000000001,98.485,122.7,3.0,0.0,13.8
0.0,12.75,98.56,111.68,3.0,0.0,12.9
0.0,12.700000000000001,98.155,100.06,3.0,0.0,10.9
15.5,13.45,93.15,88.15,3.0,24.0,12.7
28.0,15.25,82.15,76.46000000000001,3.0,181.0,12.4
87.0,16.700000000000003,73.82,65.27000000000001,3.0,378.0,4.6
201.0,18.25,66.535,55.025000000000006,3.0,559.0,0.0
295.5,19.6,60.43000000000001,46.56,3.0,696.5,0.0
606.0,20.900000000000002,54.39,41.085,2.0,780.0,0.0
798.0,21.800000000000004,49.535000000000004,39.870000000000005,0.0,798.0,0.0
742.0,22.150000000000002,47.875,43.290000000000006,0.0,742.0,0.0
634.0,21.700000000000003,49.795,50.400000000000006,0.0,634.0,0.0
475.5,20.75,53.385000000000005,59.86,0.0,475.5,0.0
281.0,19.1,60.19,70.65,1.0,281.0,0.0
91.0,16.8,72.305,82.095,0.0,91.0,0.0
0.0,12.95,95.16,136.715,1.0,0.0,0.7
0.0,12.75,96.475,142.595,2.0,0.0,8.5
0.0,12.5,98.155,143.925,3.0,0.0,14.6
0.0,12.25,99.765,140.255,3.0,0.0,19.9
0.0,12.05,100.0,132.735,3.0,0.0,23.3
0.0,11.9,100.0,122.91499999999999,3.0,0.0,24.8
0.0,11.8,100.0,111.87,3.0,0.0,24.5
0.0,11.8,100.0,100.23,3.0,0.0,22.5
12.5,12.5,96.565,88.32,3.0,24.0,18.4
18.5,14.3,85.86500000000001,76.64500000000001,3.0,180.5,12.5
84.0,15.950000000000001,76.975,65.47,3.0,378.5,4.5
184.0,17.75,68.485,55.275,3.0,556.0,0.0
306.0,19.450000000000003,60.870000000000005,46.865,3.0,676.5,0.0
418.5,20.75,55.379999999999995,41.44,5.0,757.5,0.0
598.0,21.55,50.965,40.260000000000005,2.0,776.0,0.0
667.0,21.700000000000003,49.675,43.68000000000001,7.5,732.5,0.0
559.5,21.1,51.67,50.765,4.0,624.0,0.0
465.0,20.0,56.065,60.2,0.0,465.0,0.0
205.5,18.400000000000002,62.925,70.97,1.5,275.5,0.0
87.5,16.35,73.485,82.4,0.0,87.5,0.0
0.0,12.650000000000002,94.3,137.09,1.0,0.0,0.8
0.0,12.350000000000001,95.64,142.995,3.0,0.0,8.9
0.0,12.150000000000002,96.195,144.305,3.0,0.0,15.8
0.0,11.850000000000001,97.21000000000001,140.575,3.0,0.0,21.1
0.0,11.650000000000002,97.6,132.995,3.0,0.0,24.1
0.0,11.4,98.33,123.135,3.0,0.0,25.3
0.0,11.25,98.575,112.06,3.0,0.0,25.2
0.0,11.150000000000002,98.575,100.41,3.0,0.0,23.5
15.0,11.700000000000001,94.465,88.49000000000001,3.0,23.5,19.4
19.0,13.200000000000001,85.985,76.83,3.0,182.0,11.2
77.5,14.75,77.555,65.685,3.0,378.0,4.2
150.0,16.4,69.465,55.52,3.0,555.5,0.0
202.0,17.9,62.81,47.16,3.0,702.5,0.0
288.5,18.950000000000003,58.4,41.8,3.0,783.0,0.0
372.0,19.35,56.825,40.655,3.0,799.5,0.0
654.0,19.15,57.30500000000001,44.07,1.5,745.5,0.0
637.0,18.35,59.99,51.135000000000005,0.0,637.0,0.0
478.0,17.1,64.25,60.540000000000006,0.0,478.0,0.0
284.0,15.45,71.19,71.28999999999999,1.0,284.0,0.0
56.0,13.8,79.415,82.70500000000001,2.0,90.5,0.0
0.0,12.3,90.69,137.465,3.0,0.0,0.6
0.0,12.200000000000001,92.24,143.385,3.0,0.0,8.6
0.0,12.200000000000001,92.98,144.685,3.0,0.0,15.6
0.0,12.200000000000001,92.81,140.9,3.0,0.0,21.2
0.0,12.4,91.7,133.26,3.0,0.0,24.5
0.0,12.600000000000001,90.81,123.345,3.0,0.0,26.0
0.0,12.600000000000001,90.77,112.245,3.5,0.0,25.4
0.0,12.55,90.825,100.58,3.0,0.0,23.5
8.5,12.850000000000001,88.165,88.665,3.0,23.5,19.5
23.5,13.7,82.245,77.015,4.0,181.5,11.1
130.5,14.400000000000002,77.355,65.895,5.5,381.5,4.4
199.0,15.25,72.36,55.77,4.0,561.5,0.0
450.0,16.1,67.965,47.465,7.5,689.5,0.0
621.5,16.9,64.115,42.155,7.5,770.0,0.0
600.5,17.1,63.004999999999995,41.045,7.0,784.5,0.0
459.5,16.75,64.5,44.46,6.5,736.0,0.0
506.5,16.15,67.605,51.5,7.0,624.0,0.0
296.5,15.600000000000001,70.88499999999999,60.879999999999995,7.5,465.0,0.0
204.0,15.15,73.65,71.605,8.0,274.0,0.0
78.5,14.25,78.9,83.0,7.0,84.5,0.0
0.0,13.0,90.74,137.84,7.5,0.0,0.9
0.0,13.150000000000002,90.715,143.78,0.5,0.0,9.6
0.0,13.200000000000001,91.36,145.065,0.0,0.0,16.5
0.0,13.3,91.245,141.22500000000002,0.0,0.0,19.2
0.0,13.25,92.44,133.51999999999998,0.0,0.0,19.5
0.0,13.150000000000002,93.685,123.56,3.5,0.0,18.8
0.0,13.100000000000001,94.345,112.43,5.5,0.0,14.4
0.0,13.150000000000002,93.67500000000001,100.755,7.0,0.0,13.6
11.5,13.65,89.43,88.83500000000001,7.0,22.0,13.3
98.5,14.65,82.89,77.2,7.0,177.5,0.0
129.0,15.100000000000001,78.775,66.105,6.5,374.0,0.0
217.0,15.600000000000001,75.245,56.025,7.5,549.5,0.0
401.5,16.200000000000003,71.48500000000001,47.77,7.0,681.0,0.0
355.5,16.8,68.03999999999999,42.515,7.0,757.0,0.0
204.0,17.3,66.14500000000001,41.44,6.5,771.5,0.0
249.0,17.6,65.42,44.855000000000004,7.5,710.0,0.0
300.0,17.6,65.73,51.864999999999995,7.5,602.0,0.0
175.5,17.25,67.42500000000001,61.215,6.0,447.0,0.0
31.0,16.6,70.26,71.93,4.0,259.0,0.0
43.5,15.55,75.21000000000001,83.30000000000001,7.0,77.0,0.0
0.0,12.8,91.92,138.215,0.0,0.0,1.1
0.0,12.9,91.55,144.175,0.0,0.0,7.7
0.0,12.850000000000001,91.83,145.44,0.0,0.0,11.9
0.0,12.600000000000001,92.79,141.54000000000002,0.0,0.0,1.1
0.0,12.700000000000001,91.525,133.775,4.0,0.0,1.5
0.0,13.0,88.65,123.775,4.0,0.0,1.7
0.0,13.200000000000001,86.55,112.62,3.5,0.0,4.6
0.0,13.200000000000001,85.88,100.935,3.0,0.0,4.7
7.5,13.5,84.065,89.005,3.0,20.5,9.1
35.0,14.75,78.065,77.385,3.0,175.0,10.4
125.0,16.0,69.6,66.32,3.0,372.5,3.9
211.5,17.1,62.895,56.275000000000006,3.0,548.5,0.0
373.5,18.0,59.010000000000005,48.075,3.0,687.0,0.0
490.5,18.75,56.085,42.875,3.0,766.0,0.0
389.0,19.25,54.290000000000006,41.83,3.0,782.5,0.0
440.5,19.35,53.315,45.24,3.0,733.5,0.0
625.5,19.050000000000004,53.300000000000004,52.230000000000004,0.5,625.5,0.0
465.5,18.45,54.44,61.55500000000001,0.0,465.5,0.0
272.5,17.3,57.685,72.245,0.0,272.5,0.0
80.5,15.7,63.855000000000004,83.595,0.0,80.5,0.0
0.0,12.5,81.56,138.58499999999998,0.0,0.0,0.8
0.0,12.4,82.03,144.57,0.0,0.0,8.8
0.0,12.4,81.85000000000001,145.815,0.0,0.0,16.0
0.0,12.4,81.68,141.86,1.0,0.0,20.8
0.0,12.4,81.64,134.03,1.0,0.0,23.0
0.0,12.350000000000001,82.0,123.99000000000001,0.0,0.0,25.8
0.0,12.25,82.78,112.805,0.0,0.0,25.5
0.0,12.150000000000002,83.825,101.105,1.0,0.0,23.3
13.5,12.650000000000002,81.91,89.18,3.0,20.5,18.9
110.5,14.3,75.09,77.57,3.0,174.0,12.7
334.5,15.9,66.03999999999999,66.53,1.0,371.5,4.2
546.5,17.35,59.425,56.535,0.0,546.5,0.0
558.5,18.200000000000003,57.230000000000004,48.38,2.0,675.0,0.0
680.0,18.700000000000003,56.31,43.230000000000004,1.0,751.5,0.0
643.5,19.1,55.230000000000004,42.22,2.0,766.0,0.0
559.0,19.0,55.239999999999995,45.625,3.0,713.0,0.0
413.0,18.5,56.525000000000006,52.595,3.0,603.5,0.0
403.5,17.55,60.145,61.89,1.0,444.0,0.0
177.0,16.4,65.64,72.56,3.0,254.5,0.0
71.0,15.0,73.45,83.89,0.5,71.0,0.0
0.0,12.25,97.24000000000001,138.955,4.0,0.0,0.7
0.0,12.200000000000001,98.13,144.95499999999998,5.5,0.0,9.2
0.0,12.25,98.00999999999999,146.19,7.0,0.0,15.4
0.0,12.350000000000001,97.28,142.175,4.0,0.0,10.4
0.0,12.45,96.58500000000001,134.29,4.0,0.0,3.0
0.0,12.55,95.955,124.2,4.0,0.0,1.6
0.0,12.55,96.045,112.99000000000001,3.5,0.0,1.3
0.0,12.5,96.59,101.28,3.5,0.0,1.9
7.0,13.05,93.39500000000001,89.355,3.5,18.5,0.6
40.5,15.0,82.75,77.76500000000001,3.5,167.0,11.8
142.0,16.3,73.46000000000001,66.75,5.5,361.5,3.9
384.0,17.5,65.58500000000001,56.785000000000004,7.5,534.5,0.0
302.0,18.35,61.900000000000006,48.69,6.5,662.5,0.0
239.5,19.0,59.480000000000004,43.59,6.0,739.5,0.0
155.0,19.200000000000003,58.644999999999996,42.61,6.0,753.0,0.0
112.0,18.8,60.545,46.010000000000005,7.0,699.0,0.0
255.0,18.05,64.09,52.96,6.5,591.5,0.0
192.0,17.5,66.625,62.225,6.5,435.0,0.0
94.0,16.75,69.49000000000001,72.87,7.5,247.5,0.0
6.0,15.75,75.17,84.19,6.0,66.5,0.0
0.0,13.650000000000002,88.69,145.35000000000002,6.0,0.0,0.1
0.0,13.45,89.6,146.56,4.0,0.0,0.4
0.0,13.25,90.21000000000001,142.495,7.0,0.0,0.9
0.0,13.05,90.675,134.54500000000002,7.0,0.0,1.5
0.0,12.9,91.01,124.41,7.5,0.0,5.0
0.0,12.8,91.07000000000001,113.18,4.0,0.0,1.3
0.0,12.8,90.285,101.455,6.0,0.0,4.4
7.0,13.0,88.575,89.53,4.0,17.5,9.8
96.0,14.0,86.465,77.95,3.0,162.5,13.1
87.5,15.2,79.38499999999999,66.965,4.0,356.0,4.0
215.5,16.25,70.57,57.04,4.0,531.5,0.0
200.0,17.1,64.93,48.995000000000005,3.5,662.0,0.0
105.0,17.8,60.61,43.95,4.0,738.5,0.0
157.0,18.2,58.24,42.995000000000005,8.0,753.5,0.0
146.5,18.3,57.58,46.400000000000006,4.0,704.5,0.0
490.5,18.200000000000003,57.945,53.315,7.5,594.0,0.0
435.0,17.75,59.715,62.56,1.0,435.0,0.0
213.0,16.9,63.21,73.18,4.5,243.5,0.0
64.0,15.55,71.25,84.475,0.0,64.0,0.0
0.0,12.3,94.72,139.685,0.0,0.0,0.7
0.0,12.05,96.47,145.74,0.0,0.0,9.5
0.0,11.850000000000001,97.995,146.935,0.0,0.0,16.6
0.0,11.650000000000002,99.755,142.81,0.0,0.0,15.4
0.0,11.45,100.0,134.8,0.0,0.0,13.2
0.0,11.25,100.0,124.62,0.0,0.0,1.6
0.0,11.200000000000001,100.0,113.36500000000001,1.5,0.0,1.2
0.0,11.150000000000002,100.0,101.63,2.0,0.0,3.1
8.5,11.9,99.125,89.7,3.0,17.0,0.2
32.5,14.100000000000001,89.81,78.14500000000001,3.0,162.5,0.0
143.0,15.600000000000001,80.82,67.185,3.0,354.5,0.0
170.0,16.75,73.76500000000001,57.3,3.0,527.0,0.0
165.0,17.700000000000003,68.23,49.3,3.0,659.0,0.0
193.0,18.4,64.455,44.31,3.0,732.0,0.0
212.0,18.65,62.865,43.385000000000005,3.0,741.0,0.0
223.0,18.5,63.385000000000005,46.78,3.0,688.0,0.0
93.0,18.0,65.32,53.675,3.0,577.0,0.0
108.0,17.200000000000003,68.58500000000001,62.894999999999996,3.0,418.0,0.0
74.0,15.950000000000001,74.38,73.495,3.0,232.0,0.0
57.0,14.75,80.80000000000001,84.76500000000001,0.0,57.0,0.0
0.0,13.25,87.655,140.05,1.0,0.0,0.5
0.0,13.100000000000001,88.17,146.125,3.0,0.0,8.5
0.0,13.100000000000001,87.91,147.31,3.0,0.0,15.0
0.0,13.100000000000001,87.43,143.125,3.0,0.0,19.4
0.0,12.95,88.15,135.05,3.0,0.0,22.0
0.0,12.9,88.32,124.825,3.0,0.0,24.5
0.0,12.9,88.31,113.55000000000001,1.5,0.0,25.5
0.0,12.9,88.275,101.81,0.0,0.0,23.7
14.5,13.15,86.81,89.875,0.0,14.5,19.3
148.0,14.15,81.985,78.33000000000001,0.0,148.0,12.4
337.5,15.5,75.435,67.4,0.0,337.5,3.5
511.5,17.15,68.51500000000001,57.56,0.0,511.5,0.0
654.5,19.0,62.275000000000006,49.61,0.0,654.5,0.0
731.5,20.700000000000003,55.760000000000005,44.665,0.0,731.5,0.0
747.5,22.1,50.43,43.769999999999996,0.0,747.5,0.0
696.5,22.8,47.81,47.165,0.0,696.5,0.0
587.5,22.65,47.35,54.035000000000004,0.0,587.5,0.0
429.5,22.0,48.315,63.225,0.0,429.5,0.0
238.5,20.35,53.44,73.80000000000001,0.0,238.5,0.0
58.0,17.5,67.28,85.05000000000001,0.0,58.0,0.0
0.0,12.95,91.14500000000001,140.41,0.0,0.0,0.5
0.0,12.75,91.65,146.515,0.0,0.0,8.7
0.0,12.55,92.0,147.675,0.0,0.0,15.9
0.0,12.5,90.84,143.43,0.0,0.0,20.5
0.0,12.45,88.61000000000001,135.3,0.0,0.0,23.0
0.0,12.3,86.05,125.03999999999999,0.0,0.0,23.0
0.0,12.150000000000002,83.025,113.72999999999999,0.0,0.0,23.5
0.0,12.05,79.68,101.97999999999999,0.0,0.0,22.7
16.0,12.45,74.68,90.055,0.0,16.0,19.1
162.5,14.4,64.785,78.525,0.0,162.5,12.0
360.0,16.55,55.075,67.62,0.0,360.0,3.3
537.5,19.15,49.495000000000005,57.82,0.0,537.5,0.0
670.5,21.700000000000003,42.81,49.925,0.0,670.5,0.0
746.5,23.9,36.41,45.025000000000006,0.0,746.5,0.0
760.0,25.400000000000002,32.06,44.155,0.0,760.0,0.0
708.0,26.05,29.88,47.545,0.0,708.0,0.0
596.5,25.950000000000003,29.55,54.39,0.0,596.5,0.0
435.0,25.1,31.265,63.55500000000001,0.0,435.0,0.0
242.0,22.900000000000002,37.615,74.11000000000001,0.0,242.0,0.0
58.0,19.3,53.565,85.33,0.0,58.0,0.0
0.0,14.45,75.64500000000001,140.76999999999998,0.0,0.0,0.3
0.0,14.100000000000001,77.705,146.89499999999998,0.0,0.0,8.0
0.0,13.850000000000001,80.41,148.04500000000002,0.0,0.0,13.8
0.0,13.700000000000001,83.15,143.74,0.0,0.0,16.7
0.0,13.700000000000001,84.24,135.55,0.0,0.0,19.2
0.0,13.8,83.56,125.245,0.0,0.0,18.6
0.0,13.75,83.64500000000001,113.915,0.0,0.0,19.1
0.0,13.600000000000001,84.745,102.16,0.0,0.0,16.9
15.0,14.0,83.28,90.23,0.0,15.0,13.0
157.0,15.7,76.065,78.72,0.0,157.0,5.0
351.5,17.75,66.125,67.845,0.0,351.5,0.0
526.0,20.150000000000002,51.375,58.08,0.0,526.0,0.0
659.0,22.150000000000002,42.435,50.230000000000004,0.0,659.0,0.0
734.0,23.8,36.3,45.38,0.0,734.0,0.0
746.5,24.800000000000004,32.825,44.535,0.0,746.5,0.0
689.0,25.0,32.55,47.925,0.0,689.0,0.0
548.0,24.75,33.400000000000006,54.745000000000005,1.5,577.5,0.0
419.0,23.85,36.315,63.885,3.5,419.0,0.0
170.5,21.85,44.22,74.41,3.0,229.0,0.0
36.0,18.75,61.095,85.61,5.5,51.5,0.0
0.0,13.700000000000001,94.54,147.28,0.0,0.0,5.2
0.0,13.350000000000001,96.435,148.41,0.0,0.0,12.1
0.0,13.05,98.89500000000001,144.055,0.0,0.0,2.6
0.0,12.850000000000001,100.0,135.8,0.0,0.0,6.3
0.0,12.75,100.0,125.44999999999999,0.0,0.0,15.6
0.0,12.55,100.0,114.1,0.0,0.0,20.3
0.0,12.4,100.0,102.34,1.5,0.0,11.5
13.5,12.9,97.89,90.4,0.0,13.5,14.1
153.5,14.8,87.24000000000001,78.91499999999999,0.0,153.5,4.4
350.0,16.4,74.03,68.065,0.0,350.0,0.0
525.5,17.950000000000003,63.25,58.345,0.0,525.5,0.0
658.5,19.1,57.82,50.540000000000006,0.0,658.5,0.0
731.5,19.9,54.105000000000004,45.735,0.0,731.5,0.0
743.0,20.35,51.849999999999994,44.92,0.0,743.0,0.0
689.5,20.450000000000003,51.115,48.300000000000004,0.5,689.5,0.0
577.5,20.35,51.315,55.1,0.0,577.5,0.0
415.5,19.900000000000002,52.75,64.205,0.0,415.5,0.0
223.5,18.8,57.065,74.715,0.0,223.5,0.0
47.5,16.900000000000002,66.91499999999999,85.88,0.0,47.5,0.0
0.0,13.100000000000001,98.34,141.47500000000002,0.0,0.0,0.4
0.0,12.850000000000001,100.0,147.655,0.0,0.0,8.6
0.0,12.600000000000001,100.0,148.77499999999998,0.0,0.0,15.6
0.0,12.5,100.0,144.36,0.0,0.0,20.2
0.0,12.45,100.0,136.04500000000002,0.0,0.0,22.8
0.0,12.600000000000001,97.75,125.655,0.0,0.0,24.4
0.0,12.600000000000001,95.16,114.285,0.0,0.0,24.7
0.0,12.55,92.72,102.515,0.0,0.0,22.4
11.5,12.7,89.075,90.58,0.0,11.5,17.8
143.5,14.150000000000002,79.42500000000001,79.11,0.0,143.5,11.4
333.5,16.05,68.255,68.28999999999999,0.0,333.5,2.0
505.5,18.25,58.730000000000004,58.605000000000004,0.0,505.5,0.0
644.0,20.5,50.02,50.85,0.0,644.0,0.0
720.0,22.450000000000003,41.160000000000004,46.09,3.5,720.0,0.0
733.0,23.550000000000004,37.065,45.3,0.0,733.0,0.0
682.0,24.0,35.550000000000004,48.675,0.0,682.0,0.0
571.5,23.9,35.61,55.45,0.0,571.5,0.0
360.5,23.200000000000003,37.215,64.53,1.5,411.0,0.0
199.0,21.450000000000003,43.135000000000005,75.015,1.5,221.0,0.0
42.5,18.35,59.225,86.15,3.5,45.5,0.0
0.0,13.55,86.85,141.825,0.0,0.0,0.4
0.0,13.3,88.02,148.035,0.0,0.0,8.4
0.0,13.200000000000001,88.25,149.145,0.0,0.0,15.7
0.0,13.200000000000001,87.78,144.66000000000003,0.0,0.0,21.0
0.0,13.200000000000001,87.19,136.29000000000002,0.0,0.0,24.2
0.0,13.05,87.79,125.86500000000001,0.5,0.0,25.8
0.0,12.850000000000001,89.19,114.47,0.0,0.0,25.5
0.0,12.600000000000001,91.4,102.69,0.0,0.0,23.0
12.0,12.95,89.95,90.755,0.0,12.0,18.4
146.5,14.650000000000002,80.64,79.31,0.0,146.5,11.6
340.5,16.6,67.75,68.51500000000001,0.0,340.5,1.7
514.0,18.6,58.040000000000006,58.864999999999995,0.0,514.0,0.0
647.0,20.450000000000003,50.94,51.165000000000006,0.0,647.0,0.0
720.0,22.15,44.730000000000004,46.45,0.0,720.0,0.0
730.5,23.150000000000002,41.07,45.68000000000001,0.0,730.5,0.0
678.0,23.1,41.695,49.045,0.0,678.0,0.0
565.5,22.25,44.82,55.795,0.0,565.5,0.0
334.5,20.650000000000002,50.93,64.855,3.5,405.0,0.0
208.0,18.4,61.415,75.315,7.5,215.5,0.0
26.0,15.8,76.55,86.41499999999999,3.5,37.5,0.0
0.0,13.150000000000002,97.39500000000001,142.175,0.5,0.0,0.6
0.0,12.95,99.215,148.41,3.0,0.0,8.2
0.0,12.75,100.0,149.505,3.0,0.0,15.0
0.0,12.55,100.0,144.965,3.0,0.0,20.1
0.0,12.45,100.0,136.53,3.0,0.0,23.1
0.0,12.55,100.0,126.07,3.0,0.0,24.1
0.0,12.650000000000002,99.805,114.65,3.0,0.0,22.4
0.0,12.75,98.975,102.87,3.0,0.0,20.3
4.0,13.350000000000001,94.68,90.935,3.0,10.0,16.0
22.0,14.600000000000001,87.025,79.505,3.0,135.5,5.3
70.0,15.8,79.175,68.74000000000001,3.0,322.5,0.6
160.5,17.0,72.13499999999999,59.129999999999995,3.0,495.5,0.0
224.5,18.200000000000003,65.61,51.475,3.0,633.5,0.0
708.0,19.15,60.6,46.8,0.5,708.0,0.0
720.0,19.6,57.83,46.055,0.5,720.0,0.0
664.0,19.5,57.385000000000005,49.42,0.0,664.0,0.0
339.5,18.950000000000003,59.19,56.145,3.0,553.0,0.0
198.5,17.85,63.59,65.17,3.0,393.5,0.0
90.0,16.35,70.545,75.61,3.0,205.0,0.0
34.5,14.600000000000001,80.075,86.675,0.5,34.5,0.0
0.0,12.9,89.01,142.515,3.0,0.0,0.5
0.0,12.8,89.41,148.785,3.0,0.0,8.2
0.0,12.9,89.25,149.865,3.0,0.0,15.1
0.0,13.0,89.19,145.26999999999998,3.0,0.0,20.0
0.0,13.0,89.53,136.775,3.0,0.0,22.8
0.0,13.05,89.35,126.275,3.0,0.0,24.3
0.0,13.100000000000001,88.79,114.83500000000001,3.0,0.0,24.5
0.0,13.100000000000001,88.65,103.05000000000001,3.0,0.0,21.9
3.5,13.350000000000001,87.635,91.11000000000001,3.0,9.5,17.7
23.0,14.2,83.69999999999999,79.70500000000001,3.0,133.0,10.9
53.5,15.0,79.65,68.97,3.0,319.5,0.7
132.5,15.95,74.8,59.395,3.0,492.5,0.0
172.5,16.95,70.07000000000001,51.785000000000004,3.0,625.0,0.0
299.5,17.75,66.71000000000001,47.155,3.0,696.0,0.0
481.5,18.35,64.58,46.435,3.0,707.0,0.0
496.5,18.55,63.97,49.785000000000004,3.0,653.0,0.0
542.5,18.3,64.545,56.49,0.0,542.5,0.0
384.5,17.5,67.545,65.485,0.0,384.5,0.0
198.0,16.1,73.89,75.89500000000001,0.0,198.0,0.0
32.5,14.55,81.86500000000001,86.92500000000001,3.5,32.5,0.0
0.0,13.0,87.87,142.85500000000002,5.0,0.0,0.5
0.0,12.9,88.11,149.16000000000003,3.0,0.0,8.2
0.0,12.8,88.2,150.22,3.0,0.0,15.3
0.0,12.8,87.93,145.57,3.0,0.0,20.7
0.0,12.75,87.905,137.015,3.0,0.0,23.6
0.0,12.700000000000001,87.88,126.475,3.0,0.0,25.0
0.0,12.700000000000001,88.1,115.025,3.0,0.0,24.9
0.0,12.8,88.10000000000001,103.225,3.0,0.0,22.3
2.0,12.850000000000001,88.095,91.29,5.0,9.5,17.8
13.5,13.350000000000001,84.945,79.9,3.5,136.0,10.8
20.5,14.0,80.305,69.195,3.5,324.5,0.5
62.5,14.900000000000002,75.14500000000001,59.660000000000004,4.0,496.0,0.0
82.5,15.7,71.10499999999999,52.09,3.0,624.0,0.0
126.0,16.35,68.27000000000001,47.505,3.0,697.0,0.0
152.5,16.7,67.15,46.805,3.0,708.0,0.0
401.0,16.700000000000003,67.64500000000001,50.150000000000006,1.5,654.0,0.0
122.0,16.35,69.57,56.825,3.0,541.5,0.0
123.0,15.7,72.88,65.795,3.0,384.0,0.0
83.0,14.850000000000001,77.33000000000001,76.19,3.0,197.0,0.0
31.0,14.0,82.545,87.17500000000001,1.5,31.0,0.0
0.0,13.850000000000001,93.34,143.195,1.0,0.0,0.1
0.0,14.05,94.315,149.52499999999998,2.0,0.0,7.6
0.0,14.200000000000001,95.45,150.57999999999998,3.0,0.0,15.1
0.0,14.25,96.79,145.865,3.0,0.0,20.7
0.0,14.100000000000001,98.155,137.26,3.0,0.0,24.2
0.0,13.8,99.16,126.68,8.0,0.0,25.5
0.0,13.350000000000001,99.45,115.205,7.5,0.0,24.8
0.0,12.75,99.92500000000001,103.405,2.0,0.0,22.0
3.0,12.7,97.70500000000001,91.465,3.5,9.0,15.4
41.0,13.850000000000001,89.02000000000001,80.105,3.0,139.0,0.0
264.0,15.05,79.20500000000001,69.42500000000001,2.0,332.5,0.0
380.0,16.55,68.79,59.93,1.5,504.5,0.0
634.0,17.85,61.63,52.405,0.0,634.0,0.0
640.0,18.8,57.14,47.855000000000004,1.0,708.0,0.0
716.5,19.5,53.47,47.175,0.5,716.5,0.0
661.0,19.700000000000003,51.74,50.515,0.0,661.0,0.0
546.5,19.550000000000004,51.245000000000005,57.165000000000006,0.0,546.5,0.0
385.5,18.900000000000002,53.010000000000005,66.11,0.0,385.5,0.0
196.0,17.5,58.864999999999995,76.475,0.0,196.0,0.0
30.0,15.65,69.89,87.42500000000001,0.0,30.0,0.0
0.0,13.600000000000001,85.05000000000001,143.525,0.0,0.0,0.4
0.0,13.15,88.1,149.89,0.0,0.0,7.8
0.0,12.700000000000001,92.075,150.93,0.0,0.0,14.3
0.0,12.350000000000001,96.015,146.16000000000003,0.0,0.0,19.5
0.0,12.05,98.945,137.5,0.0,0.0,22.2
0.0,11.8,100.0,126.88,0.0,0.0,24.2
0.0,11.45,100.0,115.39000000000001,0.0,0.0,24.2
0.0,11.25,100.0,103.58000000000001,0.0,0.0,22.2
8.5,11.600000000000001,97.78999999999999,91.64,0.0,8.5,17.9
137.0,13.600000000000001,84.375,80.30000000000001,0.0,137.0,10.5
330.0,15.600000000000001,67.4,69.655,0.0,330.0,0.1
504.0,17.5,52.769999999999996,60.195,0.0,504.0,0.0
636.0,19.0,45.305,52.715,0.0,636.0,0.0
710.5,20.05,40.345,48.205,0.0,710.5,0.0
721.0,20.800000000000004,36.885000000000005,47.54,0.0,721.0,0.0
667.5,21.1,35.4,50.870000000000005,0.0,667.5,0.0
554.5,21.05,35.254999999999995,57.5,0.0,554.5,0.0
391.5,20.650000000000002,36.254999999999995,66.41499999999999,0.0,391.5,0.0
199.0,19.25,40.85,76.75999999999999,0.0,199.0,0.0
30.0,16.55,53.295,87.985,0.0,30.0,0.0
0.0,13.150000000000002,68.17500000000001,143.85500000000002,0.0,0.0,0.4
0.0,12.850000000000001,64.96000000000001,150.255,0.0,0.0,8.0
0.0,12.55,61.010000000000005,151.285,0.0,0.0,14.9
0.0,12.25,57.55500000000001,146.45499999999998,1.0,0.0,19.4
0.0,11.95,55.77,137.735,0.0,0.0,21.3
0.0,11.600000000000001,55.980000000000004,127.08500000000001,0.0,0.0,22.9
0.0,11.3,56.765,115.575,0.0,0.0,22.3
0.0,11.05,57.6,103.75999999999999,0.0,0.0,21.7
8.0,11.4,56.385000000000005,91.815,0.0,8.0,17.8
136.0,13.45,50.910000000000004,80.5,0.0,136.0,10.5
328.5,15.8,41.965,69.88499999999999,0.0,328.5,0.0
500.5,18.200000000000003,37.605000000000004,60.46,0.0,500.5,0.0
632.0,20.35,33.230000000000004,53.025000000000006,0.0,632.0,0.0
704.0,21.950000000000003,27.915,48.555,0.0,704.0,0.0
712.5,22.9,24.75,47.91,0.0,712.5,0.0
657.0,23.150000000000002,24.240000000000002,51.224999999999994,0.0,657.0,0.0
544.0,22.900000000000002,25.72,57.83,0.0,544.0,0.0
382.0,22.0,29.07,66.715,0.0,382.0,0.0
192.5,20.050000000000004,36.67,77.035,0.0,192.5,0.0
27.5,16.950000000000003,51.41,88.245,0.0,27.5,0.0
0.0,13.05,78.77000000000001,144.185,0.0,0.0,0.4
0.0,13.200000000000001,76.38,150.61,0.0,0.0,8.0
0.0,13.25,75.155,151.63,0.0,0.0,15.1
0.0,13.05,76.57000000000001,146.75,0.0,0.0,20.0
0.0,12.75,79.235,137.97,0.0,0.0,22.2
0.0,12.55,80.34,127.28,0.0,0.0,22.3
0.0,12.4,79.28,115.755,0.0,0.0,22.0
0.0,12.150000000000002,76.81,103.94,0.0,0.0,21.4
6.5,12.25,71.96000000000001,91.995,0.0,6.5,17.4
125.0,13.850000000000001,62.605000000000004,80.70500000000001,0.0,125.0,10.1
310.5,16.05,49.83,70.11,0.0,310.5,0.0
478.5,18.55,40.785,60.730000000000004,0.0,478.5,0.0
606.5,20.85,33.31,53.335,0.0,606.5,0.0
678.5,22.800000000000004,27.405,48.900000000000006,0.0,678.5,0.0
686.5,24.1,24.135,48.27,0.0,686.5,0.0
633.5,24.75,23.5,51.58,0.0,633.5,0.0
522.0,24.85,25.105,58.155,0.0,522.0,0.0
364.5,24.25,28.545,67.02000000000001,0.0,364.5,0.0
180.5,22.300000000000004,36.870000000000005,77.31,0.0,180.5,0.0
25.0,19.05,51.315,88.505,0.0,25.0,0.0
0.0,14.75,85.685,144.505,0.0,0.0,0.3
0.0,14.700000000000001,87.36,150.97,0.0,0.0,7.8
0.0,14.8,87.275,151.98000000000002,0.0,0.0,14.6
0.0,15.0,85.9,147.04000000000002,0.5,0.0,18.5
0.0,14.95,85.015,138.20499999999998,0.0,0.0,20.8
0.0,14.75,83.93,127.48500000000001,0.0,0.0,21.6
0.0,14.55,82.775,115.94,0.0,0.0,21.8
0.0,14.3,82.17,104.12,0.0,0.0,21.3
0.0,14.4,79.795,92.17500000000001,0.0,0.0,17.1
125.5,16.1,70.775,80.91,0.0,125.5,10.0
313.5,18.25,61.225,70.345,0.0,313.5,0.0
485.0,20.35,52.835,61.0,0.0,485.0,0.0
614.5,22.25,46.17,53.645,0.0,614.5,0.0
688.5,24.050000000000004,40.54,49.245000000000005,0.0,688.5,0.0
698.5,25.450000000000003,36.370000000000005,48.63,0.0,698.5,0.0
645.0,26.35,33.27,51.935,0.0,645.0,0.0
534.0,26.6,31.45,58.485,0.0,534.0,0.0
373.0,25.900000000000002,31.695,67.32,0.0,373.0,0.0
184.0,23.450000000000003,39.2,77.58500000000001,0.0,184.0,0.0
24.5,19.75,52.635000000000005,88.755,0.0,24.5,0.0
0.0,15.0,71.965,144.815,0.0,0.0,0.3
0.0,15.0,71.12,151.32,0.0,0.0,7.7
0.0,14.9,69.13499999999999,152.33,0.0,0.0,14.7
0.0,14.400000000000002,67.535,147.325,0.0,0.0,19.4
0.0,13.8,64.015,138.435,0.0,0.0,20.9
0.0,13.350000000000001,58.18000000000001,127.68,0.0,0.0,21.6
0.0,13.100000000000001,52.805,116.12,0.0,0.0,21.1
0.0,13.0,49.25,104.30000000000001,0.0,0.0,19.7
0.0,13.45,46.535000000000004,92.35,0.0,0.0,16.9
124.5,15.25,42.415000000000006,81.11,0.0,124.5,9.6
314.5,17.6,37.5,70.575,0.0,314.5,0.0
486.0,20.15,35.315,61.260000000000005,0.0,486.0,0.0
613.5,22.75,31.720000000000002,53.955,0.0,613.5,0.0
683.5,24.9,28.450000000000003,49.59,0.0,683.5,0.0
691.5,26.400000000000002,25.69,48.99,0.0,691.5,0.0
636.0,27.4,23.405,52.28,0.0,636.0,0.0
521.5,27.65,22.625,58.81,0.0,521.5,0.0
361.5,26.85,23.97,67.61500000000001,0.0,361.5,0.0
173.0,24.700000000000003,31.735,77.855,0.0,173.0,0.0
21.5,21.900000000000002,38.82,89.005,0.0,21.5,0.0
0.0,16.5,61.864999999999995,145.13,0.0,0.0,0.3
0.0,16.1,62.415000000000006,151.675,7.0,0.0,7.6
0.0,15.75,62.965,152.67000000000002,7.5,0.0,14.3
0.0,15.5,62.735,147.615,0.0,0.0,19.7
0.0,15.200000000000001,62.075,138.67000000000002,0.0,0.0,22.2
0.0,14.9,60.74,127.88,0.0,0.0,23.7
0.0,14.600000000000001,59.14,116.305,0.0,0.0,24.1
0.0,14.200000000000001,57.33,104.485,0.0,0.0,22.0
0.0,14.25,54.845,92.525,0.0,0.0,16.6
114.0,15.5,50.775000000000006,81.315,0.5,114.0,9.7
297.5,17.55,41.875,70.805,0.0,297.5,0.0
466.0,19.85,38.075,61.53,0.0,466.0,0.0
598.0,22.35,32.28,54.254999999999995,0.0,598.0,0.0
669.0,24.4,27.925,49.93,0.0,669.0,0.0
678.5,25.85,25.130000000000003,49.34,0.0,678.5,0.0
624.5,26.700000000000003,23.72,52.625,0.0,624.5,0.0
512.5,26.400000000000002,24.9,59.125,0.0,512.5,0.0
320.5,24.9,29.025000000000002,67.9,1.5,353.0,0.0
167.5,22.0,39.010000000000005,78.12,0.5,167.5,0.0
19.5,18.5,54.004999999999995,89.25,0.0,19.5,0.0
0.0,14.850000000000001,81.03999999999999,145.44,0.0,0.0,0.2
0.0,14.95,78.94,152.01999999999998,0.0,0.0,7.4
0.0,15.05,76.765,153.01,0.0,0.0,14.4
0.0,14.95,75.795,147.89999999999998,0.0,0.0,19.1
0.0,14.650000000000002,76.535,138.9,0.0,0.0,21.9
0.0,14.3,77.68,128.075,0.0,0.0,22.0
0.0,13.95,78.685,116.48500000000001,0.0,0.0,22.1
0.0,13.650000000000002,78.995,104.665,0.0,0.0,21.0
0.0,13.75,76.83500000000001,92.7,0.0,0.0,16.7
109.5,14.9,70.685,81.52,0.0,109.5,9.5
293.0,16.9,59.790000000000006,71.04,1.0,293.0,0.0
461.5,19.35,51.825,61.8,0.0,461.5,0.0
592.5,21.900000000000002,42.47,54.565,0.0,592.5,0.0
664.0,23.85,36.28,50.265,0.0,664.0,0.0
672.5,25.0,32.63,49.69500000000001,0.0,672.5,0.0
619.0,25.200000000000003,32.19,52.96,0.0,619.0,0.0
506.5,24.650000000000002,34.2,59.44,0.0,506.5,0.0
348.0,23.35,38.07,68.19,0.0,348.0,0.0
163.0,21.15,45.545,78.385,0.0,163.0,0.0
18.5,18.05,57.935,89.49000000000001,0.0,18.5,0.0
0.0,14.150000000000002,76.89,152.36,0.0,0.0,7.6
0.0,13.8,78.885,153.35,0.0,0.0,14.7
0.0,13.350000000000001,82.22,148.18,0.0,0.0,19.7
0.0,12.9,85.83000000000001,139.13,0.0,0.0,23.1
0.0,12.55,88.52000000000001,128.27,0.0,0.0,24.7
0.0,12.350000000000001,90.165,116.67,0.0,0.0,24.0
0.0,12.25,90.765,104.845,2.0,0.0,21.2
0.0,12.450000000000001,89.6,92.88,3.0,0.0,16.6
46.0,13.55,82.9,81.725,2.0,105.0,9.4
195.5,15.150000000000002,74.46000000000001,71.27000000000001,3.0,286.5,0.0
350.0,16.85,66.575,62.07,2.0,455.0,0.0
577.5,18.5,59.230000000000004,54.870000000000005,0.0,577.5,0.0
648.0,19.550000000000004,55.010000000000005,50.605000000000004,0.0,648.0,0.0
658.5,19.950000000000003,53.900000000000006,50.04,0.5,658.5,0.0
563.5,20.05,53.275,53.3,7.5,610.0,0.0
437.5,19.75,53.485,59.75,7.0,496.5,0.0
284.5,19.05,55.22,68.465,5.5,339.0,0.0
121.0,17.65,60.85,78.64,7.5,155.0,0.0
13.5,15.700000000000001,71.03,89.73,3.5,16.0,0.0
0.0,13.75,75.36500000000001,152.7,0.0,0.0,7.2
0.0,13.600000000000001,66.18,153.68,0.0,0.0,14.1
0.0,13.200000000000001,58.405,148.45999999999998,0.0,0.0,19.2
0.0,12.8,52.865,139.35500000000002,0.0,0.0,22.9
0.0,12.45,48.55,128.465,1.0,0.0,24.5
0.0,12.150000000000002,46.89,116.85,0.0,0.0,23.7
0.0,11.95,47.195,105.025,0.0,0.0,21.0
0.0,12.05,47.705,93.05000000000001,0.0,0.0,16.8
114.5,13.5,44.150000000000006,81.925,0.0,114.5,9.2
307.0,15.5,37.835,71.50999999999999,0.0,307.0,0.0
484.0,17.5,31.45,62.33,0.0,484.0,0.0
617.5,19.300000000000004,27.275,55.175,0.0,617.5,0.0
692.5,20.75,24.08,50.94,0.5,692.5,0.0
703.0,21.65,22.02,50.39,0.0,703.0,0.0
641.0,22.25,20.955,53.63,0.0,641.0,0.0
525.5,22.35,20.939999999999998,60.06,0.0,525.5,0.0
361.0,21.900000000000002,21.83,68.745,0.0,361.0,0.0
167.0,20.15,26.015,78.89,0.0,167.0,0.0
17.0,17.25,33.2,89.96000000000001,0.0,17.0,0.0
0.0,13.200000000000001,39.265,153.03500000000003,0.0,0.0,7.1
0.0,12.8,39.015,154.015,0.0,0.0,13.7
0.0,12.45,39.36,148.735,0.0,0.0,18.4
0.0,12.25,39.5,139.57999999999998,0.0,0.0,20.1
0.0,11.9,39.79,128.66,0.0,0.0,20.8
0.0,11.5,39.900000000000006,117.03,0.0,0.0,20.2
0.0,11.0,40.36,105.205,0.0,0.0,18.6
0.0,11.0,39.905,93.22,0.0,0.0,15.4
108.0,12.5,36.385000000000005,82.13,0.0,108.0,8.6
296.5,14.9,29.17,71.74000000000001,0.0,296.5,0.0
469.0,17.4,24.285,62.6,0.0,469.0,0.0
603.0,19.700000000000003,22.925,55.480000000000004,0.0,603.0,0.0
676.5,21.35,21.205,51.269999999999996,0.0,676.5,0.0
685.0,22.650000000000002,18.895,50.730000000000004,0.0,685.0,0.0
627.0,23.5,17.04,53.965,0.0,627.0,0.0
511.5,23.900000000000002,16.03,60.364999999999995,0.0,511.5,0.0
347.5,23.35,16.52,69.02000000000001,0.0,347.5,0.0
157.5,21.200000000000003,24.485,79.14,0.0,157.5,0.0
15.0,18.4,31.035000000000004,90.185,0.0,15.0,0.0
0.0,14.8,38.605000000000004,153.365,0.0,0.0,7.0
0.0,14.15,39.415000000000006,154.34,0.0,0.0,13.3
0.0,13.450000000000001,39.765,149.01,0.0,0.0,17.7
0.0,12.850000000000001,40.295,139.805,0.0,0.0,20.8
0.0,12.3,41.495000000000005,128.85500000000002,0.0,0.0,21.1
0.0,11.850000000000001,42.265,117.22,0.0,0.0,20.5
0.0,11.350000000000001,41.855000000000004,105.39,0.0,0.0,18.3
0.0,11.2,41.46,93.39500000000001,0.0,0.0,14.7
102.0,12.75,37.95,82.34,0.0,102.0,8.2
289.0,15.3,30.76,71.975,0.0,289.0,0.0
462.0,17.75,27.22,62.86500000000001,0.0,462.0,0.0
597.0,20.1,25.93,55.78,0.0,597.0,0.0
670.0,22.150000000000002,23.515,51.6,0.0,670.0,0.0
679.0,23.85,20.57,51.07,0.0,679.0,0.0
624.5,25.1,17.78,54.290000000000006,0.0,624.5,0.0
509.5,25.650000000000002,15.845,60.66,0.0,509.5,0.0
346.5,25.150000000000002,15.785,69.295,0.0,346.5,0.0
156.5,23.05,23.125,79.385,0.0,156.5,0.0
14.0,20.35,27.16,90.41,0.0,14.0,0.0
0.0,17.05,33.394999999999996,153.69,0.0,0.0,7.0
0.0,16.45,34.66,154.67000000000002,0.0,0.0,13.9
0.0,15.450000000000001,39.805,149.285,0.0,0.0,18.7
0.0,14.600000000000001,42.465,140.03,0.0,0.0,21.1
0.0,13.850000000000001,42.230000000000004,129.05,0.0,0.0,21.9
0.0,13.3,41.945,117.4,0.0,0.0,20.6
0.0,12.75,42.555,105.57,0.0,0.0,18.3
0.0,12.55,42.74,93.895,0.0,0.0,14.6
96.5,13.5,40.495000000000005,82.53999999999999,0.0,96.5,8.5
278.5,15.8,32.845,72.21000000000001,0.0,278.5,0.0
447.0,17.950000000000003,29.795,63.129999999999995,0.0,447.0,0.0
586.5,20.450000000000003,27.285,56.075,0.0,586.5,0.0
659.5,22.5,23.715,51.925,0.0,659.5,0.0
668.0,24.1,19.825000000000003,51.400000000000006,0.0,668.0,0.0
608.0,25.0,17.225,54.605000000000004,0.0,608.0,0.0
493.5,25.200000000000003,16.085,60.95,0.0,493.5,0.0
333.0,24.3,17.36,69.56,0.0,333.0,0.0
146.5,21.800000000000004,26.47,79.625,0.0,146.5,0.0
12.0,18.4,36.24,90.63,0.0,12.0,0.0
0.0,12.05,79.06,154.01,0.0,0.0,7.1
0.0,11.8,84.495,154.995,0.0,0.0,14.2
0.0,11.5,90.86000000000001,149.555,0.0,0.0,19.6
0.0,11.200000000000001,96.95,140.25,1.0,0.0,22.9
0.0,10.8,100.0,129.245,1.0,0.0,24.1
0.0,10.45,100.0,117.58,0.0,0.0,23.7
0.0,10.25,100.0,105.75,4.5,0.0,21.0
0.0,10.450000000000001,100.0,94.08500000000001,7.5,0.0,15.5
29.5,12.0,94.61,82.745,5.0,90.0,8.8
75.0,13.75,81.64,72.44,3.0,267.5,0.0
152.0,14.950000000000001,72.82499999999999,63.394999999999996,3.0,436.5,0.0
240.0,16.0,65.545,56.375,3.0,573.5,0.0
474.5,16.8,60.040000000000006,52.245000000000005,2.0,645.5,0.0
654.0,17.25,56.515,51.730000000000004,0.0,654.0,0.0
602.5,17.35,55.015,54.925,0.0,602.5,0.0
488.0,17.1,55.19,61.245000000000005,0.0,488.0,0.0
327.5,16.15,58.645,69.82000000000001,0.0,327.5,0.0
143.0,14.55,66.86500000000001,79.86,0.0,143.0,0.0
11.0,12.600000000000001,80.105,90.83500000000001,1.0,11.0,0.0
0.0,10.45,94.055,154.32999999999998,3.0,0.0,7.1
0.0,10.600000000000001,93.35000000000001,155.315,3.0,0.0,14.2
0.0,10.700000000000001,92.99,149.825,3.0,0.0,19.7
0.0,10.75,93.0,140.47,3.0,0.0,22.8
0.0,10.95,92.125,129.44,3.0,0.0,24.4
0.0,11.150000000000002,91.35499999999999,117.765,3.0,0.0,23.6
0.0,11.350000000000001,91.19,105.935,3.0,0.0,20.8
0.0,11.600000000000001,90.36500000000001,94.28,3.0,0.0,16.1
19.5,12.05,87.575,82.95,3.0,87.5,8.7
34.5,12.850000000000001,82.2,72.67500000000001,3.0,264.5,0.0
62.0,13.850000000000001,75.965,63.660000000000004,5.0,433.0,0.0
121.5,15.0,69.815,56.67,5.5,565.0,0.0
209.5,15.950000000000001,65.055,52.57,3.0,637.0,0.0
223.0,16.400000000000002,62.43,52.055,4.0,645.5,0.0
252.5,16.4,61.730000000000004,55.235,3.0,586.5,0.0
397.0,15.900000000000002,63.045,61.525000000000006,3.0,474.5,0.0
290.0,14.900000000000002,66.805,70.075,3.5,316.0,0.0
103.0,13.55,73.31,80.09,5.5,134.5,0.0
7.5,12.100000000000001,81.765,91.045,7.0,10.0,0.0
0.0,11.0,81.54,154.64,5.5,0.0,5.7
0.0,11.0,79.91,155.625,5.5,0.0,12.8
0.0,10.850000000000001,79.885,150.09,4.0,0.0,17.3
0.0,10.600000000000001,81.2,140.685,5.0,0.0,21.6
0.0,10.25,83.0,129.625,3.0,0.0,23.3
0.0,10.05,84.245,117.94500000000001,3.0,0.0,22.8
0.0,10.05,83.99000000000001,106.11500000000001,3.0,0.0,19.2
0.0,10.3,82.545,94.47,3.0,0.0,13.6
33.5,11.15,78.56,83.15,5.5,85.0,6.6
93.5,12.100000000000001,72.665,72.9,5.0,260.0,0.0
184.0,12.950000000000001,67.89500000000001,63.92,3.0,427.5,0.0
400.5,13.950000000000001,62.93000000000001,56.96,3.0,551.0,0.0
515.0,14.850000000000001,58.565,52.885000000000005,2.0,623.0,0.0
633.0,15.4,55.725,52.38,0.0,633.0,0.0
583.5,15.700000000000001,54.04,55.545,0.0,583.5,0.0
474.5,15.600000000000001,53.655,61.81,0.0,474.5,0.0
316.0,15.05,55.3,70.325,0.0,316.0,0.0
102.5,13.850000000000001,60.605000000000004,80.315,5.0,134.0,0.0
6.5,12.2,70.36500000000001,91.245,7.0,9.5,0.0
0.0,10.8,82.3,154.95,5.0,0.0,6.4
0.0,10.9,81.39,155.94,5.5,0.0,12.9
0.0,11.0,80.73,150.35000000000002,7.5,0.0,17.3
0.0,11.05,80.7,140.905,7.0,0.0,20.1
0.0,11.150000000000002,80.315,129.82,7.0,0.0,21.0
0.0,11.3,79.82000000000001,118.12,7.0,0.0,20.0
0.0,11.200000000000001,80.79,106.29500000000002,7.0,0.0,18.0
0.0,11.200000000000001,81.63,94.66,7.5,0.0,13.7
63.5,11.65,80.36500000000001,83.355,7.0,82.5,4.3
119.0,12.950000000000001,74.42,73.13,5.5,254.0,0.0
303.0,14.4,65.99000000000001,64.18,3.0,416.0,0.0
274.5,16.05,57.1,57.255,2.5,538.5,0.0
607.5,17.25,51.379999999999995,53.2,0.5,607.5,0.0
532.0,18.1,49.185,52.695,2.0,616.0,0.0
411.0,18.700000000000003,47.095,55.85,2.5,562.5,0.0
231.5,18.950000000000003,47.230000000000004,62.09,3.0,456.0,0.0
82.5,18.55,50.455,70.58,3.0,302.5,0.0
15.5,17.450000000000003,56.88,80.53999999999999,3.0,127.0,0.0
2.5,15.950000000000001,65.035,91.445,3.0,8.0,0.0
0.0,13.95,81.19,155.25,5.5,0.0,1.8
0.0,13.75,84.985,156.25,7.0,0.0,3.9
0.0,13.700000000000001,88.3,150.615,5.5,0.0,4.5
0.0,13.75,91.035,141.115,7.5,0.0,3.9
0.0,13.850000000000001,93.13,130.01000000000002,5.0,0.0,2.7
0.0,14.05,94.095,118.30000000000001,5.0,0.0,4.0
0.0,14.25,94.64,106.475,6.0,0.0,6.9
0.0,14.55,94.465,94.85,7.5,0.0,0.1
19.5,15.15,93.36000000000001,83.565,7.0,75.0,0.1
130.5,15.900000000000002,91.75,73.36500000000001,7.5,240.5,0.0
106.5,16.8,89.655,64.44500000000001,8.0,399.5,0.0
116.5,17.700000000000003,87.105,57.545,5.5,520.5,0.0
127.5,18.4,83.945,53.510000000000005,4.0,589.0,0.0
121.5,18.75,81.83,53.015,4.0,599.0,0.0
84.5,18.900000000000002,80.47999999999999,56.144999999999996,4.0,545.5,0.0
20.0,18.9,80.13,62.36,3.0,440.0,0.0
119.0,18.35,83.36,70.82,3.0,290.5,0.0
119.0,17.4,89.57,80.755,0.5,119.0,0.0
7.0,16.4,94.91499999999999,91.63499999999999,0.5,7.0,0.0
0.0,15.05,96.55000000000001,155.55,7.0,0.0,0.1
0.0,15.05,96.255,156.56,7.0,0.0,3.8
0.0,15.100000000000001,95.9,150.87,5.5,0.0,4.3
0.0,15.200000000000001,95.41,141.32999999999998,7.5,0.0,3.5
0.0,15.3,94.7,130.195,7.0,0.0,1.2
0.0,15.200000000000001,95.28,118.47999999999999,7.0,0.0,0.5
0.0,15.200000000000001,95.08,106.66,6.5,0.0,1.4
0.0,15.200000000000001,95.03,95.045,6.5,0.0,0.6
19.5,15.350000000000001,94.41499999999999,83.77,6.0,72.0,0.0
44.5,15.600000000000001,94.525,73.595,7.0,235.5,0.0
138.0,16.1,92.88,64.7,5.5,394.5,0.0
82.0,16.9,89.74000000000001,57.83,4.0,518.0,0.0
226.0,18.0,82.56,53.815,4.0,590.5,0.0
366.5,19.1,72.47999999999999,53.32000000000001,7.0,602.5,0.0
549.5,19.700000000000003,65.52,56.44,1.0,549.5,0.0
363.5,19.650000000000002,63.415,62.625,1.5,441.0,0.0
158.0,19.1,64.49,71.055,2.0,289.0,0.0
116.5,17.700000000000003,72.825,80.965,0.0,116.5,0.0
6.5,15.600000000000001,86.215,91.82,0.0,6.5,0.0
0.0,13.05,100.0,155.845,1.0,0.0,6.3
0.0,13.05,100.0,156.85500000000002,1.0,0.0,13.3
0.0,13.100000000000001,100.0,151.125,1.0,0.0,18.3
0.0,13.0,100.0,141.54000000000002,1.0,0.0,21.0
0.0,12.65,100.0,130.38,0.5,0.0,21.7
0.0,12.3,100.0,118.66,0.5,0.0,20.0
0.0,12.200000000000001,100.0,106.84,1.0,0.0,17.8
0.0,12.350000000000001,100.0,95.235,2.0,0.0,13.6
72.0,13.350000000000001,96.78,83.97,0.5,72.0,7.1
32.0,15.05,87.475,73.82499999999999,3.0,238.0,0.0
101.0,16.0,82.995,64.96000000000001,3.0,398.0,0.0
209.5,16.9,78.66,58.114999999999995,4.0,521.0,0.0
363.5,18.150000000000002,72.39,54.120000000000005,7.5,590.5,0.0
479.5,19.0,67.66,53.629999999999995,7.0,597.5,0.0
413.5,19.200000000000003,65.91,56.730000000000004,7.5,546.5,0.0
359.0,19.150000000000002,65.735,62.89,4.0,440.5,0.0
264.0,18.8,67.53,71.28999999999999,1.5,289.0,0.0
117.5,17.35,76.975,81.17,0.0,117.5,0.0
6.0,15.55,86.86500000000001,92.0,4.0,6.0,0.0
0.0,12.600000000000001,100.0,156.13,2.0,0.0,6.2
0.0,12.600000000000001,100.0,157.16,4.0,0.0,13.3
0.0,12.600000000000001,100.0,151.38,3.0,0.0,18.3
0.0,12.600000000000001,100.0,141.75,2.5,0.0,21.4
0.0,12.4,100.0,130.57,5.0,0.0,22.3
0.0,12.05,100.0,118.84,7.0,0.0,21.5
0.0,11.850000000000001,100.0,107.02000000000001,7.0,0.0,19.7
0.0,12.0,100.0,95.43,7.0,0.0,14.7
56.5,13.100000000000001,96.225,84.17,7.0,68.5,7.1
188.5,15.0,85.47,74.055,5.0,233.5,0.0
347.0,16.75,76.9,65.215,1.5,391.0,0.0
509.5,17.85,71.015,58.394999999999996,0.0,509.5,0.0
575.5,18.1,69.295,54.42,0.0,575.5,0.0
584.5,18.700000000000003,66.33000000000001,53.93000000000001,0.0,584.5,0.0
536.0,19.75,61.635000000000005,57.015,0.0,536.0,0.0
428.5,20.55,57.82,63.144999999999996,0.0,428.5,0.0
278.0,20.400000000000002,58.02,71.52000000000001,0.5,278.0,0.0
109.5,18.8,68.785,81.375,0.0,109.5,0.0
0.0,14.100000000000001,99.28,156.41,7.0,0.0,5.9
0.0,14.05,99.50999999999999,157.45,4.0,0.0,12.3
0.0,13.850000000000001,100.0,151.63,3.5,0.0,17.3
0.0,13.600000000000001,100.0,141.96,5.0,0.0,20.1
0.0,13.45,100.0,130.755,3.5,0.0,21.4
0.0,13.4,100.0,119.02000000000001,4.0,0.0,21.0
0.0,13.350000000000001,100.0,107.205,5.0,0.0,18.7
0.0,13.5,99.33500000000001,95.61500000000001,5.5,0.0,14.3
28.0,14.55,93.445,84.37,3.0,66.0,6.9
151.0,16.450000000000003,83.8,74.28,3.5,228.5,0.0
296.0,18.400000000000002,75.71000000000001,65.465,3.5,386.5,0.0
503.5,20.4,67.92,58.68000000000001,0.5,503.5,0.0
551.5,21.85,62.835,54.715,7.0,571.5,0.0
535.5,22.700000000000003,60.17,54.225,8.0,579.0,0.0
486.0,23.0,59.79,57.29,7.5,530.0,0.0
380.0,22.85,61.285,63.394999999999996,5.0,423.5,0.0
250.5,22.05,65.57,71.745,2.0,274.5,0.0
69.0,20.25,76.945,81.57,3.0,107.5,0.0
0.0,15.25,100.0,156.69,1.5,0.0,5.9
0.0,15.05,100.0,157.745,0.0,0.0,12.4
0.0,14.9,100.0,151.88,0.0,0.0,17.6
0.0,14.75,100.0,142.165,0.0,0.0,20.7
0.0,14.55,100.0,130.94,0.0,0.0,22.1
0.0,14.350000000000001,100.0,119.2,0.0,0.0,21.9
0.0,14.05,100.0,107.385,1.0,0.0,19.4
0.0,14.0,100.0,95.805,0.5,0.0,14.4
68.5,15.0,97.03,84.575,0.5,68.5,6.8
235.5,16.75,89.5,74.51,0.0,235.5,0.0
397.0,18.3,83.77000000000001,65.72,0.5,397.0,0.0
463.0,20.0,75.78999999999999,58.955,2.0,519.5,0.0
588.5,20.950000000000003,70.685,55.015,0.0,588.5,0.0
597.5,21.400000000000002,68.14500000000001,54.519999999999996,0.0,597.5,0.0
544.5,21.35,67.88,57.565,0.0,544.5,0.0
435.0,20.900000000000002,69.53999999999999,63.645,0.0,435.0,0.0
282.0,19.950000000000003,74.09,71.96000000000001,0.5,282.0,0.0
110.5,18.5,81.98,81.76,0.0,110.5,0.0
0.0,15.05,98.055,156.955,0.0,0.0,6.0
0.0,15.0,97.53,158.03,0.0,0.0,13.2
0.0,15.05,96.43,152.125,1.0,0.0,18.6
0.0,14.95,96.385,142.37,0.0,0.0,20.1
0.0,14.850000000000001,96.33500000000001,131.125,0.0,0.0,0.4
0.0,14.650000000000002,97.05000000000001,119.37,3.0,0.0,0.3
0.0,14.4,97.415,107.565,4.0,0.0,0.1
0.0,14.200000000000001,97.03,96.0,4.0,0.0,0.1
23.0,14.5,94.015,84.775,3.0,66.5,0.0
92.5,15.350000000000001,86.61500000000001,74.73500000000001,3.0,238.5,0.0
409.5,16.4,72.235,65.97,0.0,409.5,0.0
541.5,17.4,56.525000000000006,59.230000000000004,0.0,541.5,0.0
612.5,18.1,47.89,55.300000000000004,0.0,612.5,0.0
621.5,18.35,44.69,54.80500000000001,0.0,621.5,0.0
566.0,18.3,43.86,57.835,0.0,566.0,0.0
451.5,17.950000000000003,45.245000000000005,63.88000000000001,0.0,451.5,0.0
292.5,17.200000000000003,49.515,72.17,0.0,292.5,0.0
113.0,15.9,58.325,81.945,0.0,113.0,0.0
0.0,11.850000000000001,84.70500000000001,157.22000000000003,0.0,0.0,5.8
0.0,11.3,85.91,158.315,0.0,0.0,12.7
0.0,10.95,87.78,152.365,0.0,0.0,17.7
0.0,10.700000000000001,89.2,142.575,0.0,0.0,20.7
0.0,10.3,91.475,131.315,0.0,0.0,22.4
0.0,9.95,93.845,119.55000000000001,0.0,0.0,21.4
0.0,9.700000000000001,95.775,107.745,0.0,0.0,19.1
0.0,9.850000000000001,95.035,96.19,0.0,0.0,14.4
66.0,10.700000000000001,89.83000000000001,84.965,0.0,66.0,6.7
237.5,12.75,76.485,74.96000000000001,0.0,237.5,0.0
403.5,14.55,60.585,66.22,0.0,403.5,0.0
529.0,15.95,49.875,59.495000000000005,0.0,529.0,0.0
600.0,16.9,44.22,55.58,0.0,600.0,0.0
611.0,17.5,41.80500000000001,55.085,0.0,611.0,0.0
558.0,17.8,40.93,58.099999999999994,0.0,558.0,0.0
445.5,17.75,40.55,64.12,0.0,445.5,0.0
287.5,17.15,41.79,72.375,0.5,287.5,0.0
110.0,15.450000000000001,51.79,82.125,0.0,110.0,0.0
0.0,10.850000000000001,76.56,157.48000000000002,0.0,0.0,5.7
0.0,10.600000000000001,76.53,158.595,0.0,0.0,12.7
0.0,10.55,76.08500000000001,152.60500000000002,0.5,0.0,17.7
0.0,10.4,76.555,142.77499999999998,1.5,0.0,20.4
0.0,10.100000000000001,78.10000000000001,131.495,5.0,0.0,21.1
0.0,10.100000000000001,76.97,119.72999999999999,5.0,0.0,20.2
0.0,10.05,74.57000000000001,107.92500000000001,3.0,0.0,18.9
0.0,10.100000000000001,71.795,96.375,1.5,0.0,14.0
45.0,10.65,68.13,85.16499999999999,5.0,63.0,6.5
151.5,12.200000000000001,63.925,75.185,3.5,232.0,0.0
345.0,14.25,54.105000000000004,66.465,2.5,397.0,0.0
513.5,15.95,47.84,59.77,4.0,518.0,0.0
536.0,16.55,46.045,55.86,7.0,588.0,0.0
539.0,16.4,44.85,55.364999999999995,7.0,599.0,0.0
455.0,16.1,45.53,58.355000000000004,7.0,544.0,0.0
350.5,15.75,49.34,64.345,7.0,431.0,0.0
164.5,15.3,52.84,72.575,7.0,276.0,0.0
60.0,13.75,62.81,82.295,7.0,104.0,0.0
0.0,11.4,91.28,157.735,6.5,0.0,4.9
0.0,11.650000000000002,92.99000000000001,158.87,6.0,0.0,6.2
0.0,11.95,93.5,152.84,6.0,0.0,6.4
0.0,12.100000000000001,94.44,142.975,6.0,0.0,5.0
0.0,12.25,94.73,131.675,6.0,0.0,4.1
0.0,12.4,94.39,119.905,5.0,0.0,4.3
0.0,12.5,94.04,108.11000000000001,5.5,0.0,0.4
14.5,12.5,92.995,85.36000000000001,3.0,53.5,0.0
79.0,12.9,89.5,75.41,2.5,216.5,0.0
204.5,13.5,82.53,66.71000000000001,2.5,382.0,0.0
227.0,14.3,74.005,60.03,2.5,501.5,0.0
234.0,15.100000000000001,65.855,56.14,3.0,573.0,0.0
153.5,15.5,60.21,55.64,3.0,582.5,0.0
425.0,15.350000000000001,58.754999999999995,58.61,1.5,527.0,0.0
395.0,14.75,60.86,64.57,1.0,416.0,0.0
254.0,13.850000000000001,64.42,72.77000000000001,1.0,264.0,0.0
31.0,12.55,69.595,82.46000000000001,1.0,97.5,0.0
0.0,9.5,75.17,157.98000000000002,0.0,0.0,5.4
0.0,9.55,71.02000000000001,159.14,0.0,0.0,12.4
0.0,9.55,67.69999999999999,153.08,0.0,0.0,17.6
0.0,8.75,69.23500000000001,143.18,2.0,0.0,20.7
0.0,8.0,71.645,131.85500000000002,4.0,0.0,21.5
0.0,7.550000000000001,72.03,120.08000000000001,1.5,0.0,20.7
0.0,7.0,73.39500000000001,108.285,3.0,0.0,17.7
0.0,6.800000000000001,74.215,96.755,1.0,0.0,13.3
45.0,7.700000000000001,71.32,85.555,4.0,59.5,6.3
162.0,9.9,61.485,75.625,8.0,229.0,0.0
304.0,11.45,51.425,66.95,7.0,393.5,0.0
429.5,13.200000000000001,42.504999999999995,60.295,7.0,516.5,0.0
521.5,14.600000000000001,36.005,56.410000000000004,3.5,586.0,0.0
524.0,15.65,31.39,55.905,7.0,593.5,0.0
254.0,16.05,30.485,58.855000000000004,6.5,533.5,0.0
115.0,15.7,32.17,64.79,7.5,422.0,0.0
165.0,14.850000000000001,43.620000000000005,72.96000000000001,8.0,268.0,0.0
59.0,14.0,50.28,82.625,5.5,97.5,0.0
0.0,12.100000000000001,79.64,159.40500000000003,7.5,0.0,0.1
0.0,12.100000000000001,81.75,153.31,7.0,0.0,0.3
0.0,12.05,83.0,143.375,4.0,0.0,0.5
0.0,12.100000000000001,84.77,132.035,4.0,0.0,0.5
0.0,12.200000000000001,86.44,120.25999999999999,3.0,0.0,0.4
0.0,12.3,88.03,108.465,3.0,0.0,0.1
19.5,12.850000000000001,90.61500000000001,85.75,5.0,46.0,0.0
72.5,13.5,90.67500000000001,75.85,7.0,195.5,0.0
70.5,14.450000000000001,89.105,67.195,4.0,349.0,0.0
92.0,15.400000000000002,87.075,60.55,8.0,466.0,0.0
92.0,16.05,85.38,56.68,7.0,531.0,0.0
155.0,16.15,86.185,56.165000000000006,8.0,540.5,0.0
83.5,16.05,87.72,59.095,4.0,491.0,0.0
70.5,15.850000000000001,89.725,65.0,5.5,390.5,0.0
71.0,15.700000000000001,91.64500000000001,73.14500000000001,7.0,248.0,0.0
6.0,15.4,94.11500000000001,82.78,8.0,88.0,0.0
0.0,14.95,96.07,159.67000000000002,3.5,0.0,10.2
0.0,14.600000000000001,96.37,153.54000000000002,0.0,0.0,16.5
0.0,13.900000000000002,96.72,143.57,0.0,0.0,20.0
0.0,13.15,97.32,132.22000000000003,0.5,0.0,21.1
0.0,12.65,97.135,120.43,0.0,0.0,20.4
0.0,12.05,97.6,108.64500000000001,0.0,0.0,18.1
0.0,11.600000000000001,96.68,97.13,0.0,0.0,13.1
52.0,11.950000000000001,92.89500000000001,85.94,0.0,52.0,6.0
214.5,13.100000000000001,87.275,76.065,0.0,214.5,0.0
376.5,14.05,78.08500000000001,67.43,0.0,376.5,0.0
498.5,15.3,67.1,60.805,0.0,498.5,0.0
566.0,16.3,60.56,56.945,0.0,566.0,0.0
576.5,16.9,57.120000000000005,56.42,0.0,576.5,0.0
523.5,17.1,55.52,59.33,0.0,523.5,0.0
381.5,17.0,55.955,65.205,1.0,415.0,0.0
211.5,16.450000000000003,58.59,73.32000000000001,3.0,262.5,0.0
74.0,14.8,69.26,82.93,1.5,93.5,0.0
0.0,10.600000000000001,90.27000000000001,158.67000000000002,0.0,0.0,5.0
0.0,10.95,87.12,159.93,0.0,0.0,11.4
0.0,11.05,85.46000000000001,153.765,0.0,0.0,16.3
0.0,10.850000000000001,86.325,143.765,0.0,0.0,18.4
0.0,10.55,86.91,132.39999999999998,4.0,0.0,19.8
0.0,10.4,86.43,120.61000000000001,7.0,0.0,19.8
0.0,10.45,85.855,108.82000000000001,7.0,0.0,17.6
0.0,10.55,84.86,97.32,9.0,0.0,13.3
33.5,10.900000000000002,82.555,86.125,2.0,48.0,5.9
208.0,11.55,82.26,76.28,0.0,208.0,0.0
368.5,12.3,78.75,67.665,0.0,368.5,0.0
493.0,13.9,71.83000000000001,61.055,0.0,493.0,0.0
455.0,16.1,64.275,57.2,2.5,563.0,0.0
561.0,17.15,61.495000000000005,56.675000000000004,1.5,570.5,0.0
519.5,17.8,59.0,59.56,0.0,519.5,0.0
381.5,17.950000000000003,58.504999999999995,65.41,7.0,412.5,0.0
257.0,17.3,61.57000000000001,73.49000000000001,4.0,260.5,0.0
92.0,15.4,74.66499999999999,83.075,0.5,92.0,0.0
0.0,11.150000000000002,98.965,160.18,7.0,0.0,0.1
0.0,11.3,100.0,153.99,2.5,0.0,0.2
0.0,11.45,100.0,143.955,3.0,0.0,0.4
0.0,11.75,100.0,132.575,2.0,0.0,2.2
0.0,11.95,100.0,120.78,1.5,0.0,1.7
0.0,12.200000000000001,100.0,109.0,0.5,0.0,3.9
0.0,12.55,100.0,97.505,2.0,0.0,0.6
37.0,13.350000000000001,98.03,86.32,2.0,42.5,0.0
38.0,14.75,92.19,76.495,3.0,190.5,0.0
343.0,15.75,88.89500000000001,67.9,1.0,343.0,0.0
329.0,16.55,86.19999999999999,61.305,1.5,459.5,0.0
263.5,17.05,83.675,57.455,3.0,526.5,0.0
162.5,17.2,82.68,56.915,3.0,536.5,0.0
56.0,17.2,82.57000000000001,59.785,3.0,485.5,0.0
48.5,17.15,82.97999999999999,65.6,3.0,383.5,0.0
45.5,16.8,84.995,73.655,3.0,241.5,0.0
83.0,15.8,91.225,83.215,0.0,83.0,0.0
0.0,13.100000000000001,100.0,159.10000000000002,1.5,0.0,4.5
0.0,13.100000000000001,100.0,160.43,1.0,0.0,7.0
0.0,13.100000000000001,100.0,154.21,0.5,0.0,0.2
0.0,13.100000000000001,100.0,144.15,0.0,0.0,0.4
0.0,13.05,99.86,132.755,0.0,0.0,0.4
0.0,12.95,99.75999999999999,120.95500000000001,1.5,0.0,0.3
0.0,12.9,99.18,109.18,3.0,0.0,0.1
16.5,13.3,95.44,86.505,1.5,36.5,6.5
34.0,14.65,90.11,76.71000000000001,3.0,195.0,0.0
175.0,16.05,84.565,68.13,3.0,351.5,0.0
202.5,17.45,75.67,61.55,3.5,470.0,0.0
435.0,18.4,68.89500000000001,57.7,3.0,537.5,0.0
479.0,18.65,66.50999999999999,57.155,2.5,544.0,0.0
399.0,18.4,66.92,60.0,6.0,494.0,0.0
322.0,17.8,69.22,65.78999999999999,7.0,388.0,0.0
211.5,16.950000000000003,73.18,73.815,5.0,243.0,0.0
54.5,15.55,81.74000000000001,83.35,3.0,84.0,0.0
0.0,12.25,94.45,159.3,1.5,0.0,4.7
0.0,12.05,95.13,160.67000000000002,0.0,0.0,11.5
0.0,11.850000000000001,96.075,154.43,0.0,0.0,16.4
0.0,11.600000000000001,97.655,144.335,0.0,0.0,19.3
0.0,11.45,98.725,132.925,0.0,0.0,19.5
0.0,11.25,99.86,121.13,0.0,0.0,19.3
0.0,10.95,100.0,109.35,0.0,0.0,17.3
0.0,10.8,100.0,97.88,0.0,0.0,13.0
35.5,11.350000000000001,97.465,86.685,0.0,35.5,5.7
194.5,13.350000000000001,87.035,76.91499999999999,0.0,194.5,0.0
353.0,15.200000000000001,79.92500000000001,68.355,0.0,353.0,0.0
475.5,17.1,73.49000000000001,61.785000000000004,0.0,475.5,0.0
544.5,18.45,66.995,57.945,0.0,544.5,0.0
553.0,19.450000000000003,61.230000000000004,57.385000000000005,0.0,553.0,0.0
504.0,19.8,58.59,60.21,0.0,504.0,0.0
398.0,19.85,58.4,65.975,0.0,398.0,0.0
249.0,19.400000000000002,60.72,73.97,0.0,249.0,0.0
76.5,17.900000000000002,71.44500000000001,83.475,3.5,85.0,0.0
0.0,14.350000000000001,85.64,159.5,3.0,0.0,4.5
0.0,14.05,87.02,160.91000000000003,4.0,0.0,11.0
0.0,13.75,88.295,154.645,3.0,0.0,16.1
0.0,13.55,88.83500000000001,144.525,7.5,0.0,19.1
0.0,13.45,88.87,133.10000000000002,7.0,0.0,20.3
0.0,13.25,89.96000000000001,121.30000000000001,7.0,0.0,19.3
0.0,13.05,91.4,109.525,7.0,0.0,17.5
0.0,12.95,92.62,98.06,7.0,0.0,12.3
21.5,13.100000000000001,92.455,86.86500000000001,7.0,33.0,5.6
115.5,13.900000000000002,88.925,77.13,7.0,187.0,0.0
233.5,15.150000000000002,83.33000000000001,68.58,7.0,343.5,0.0
263.0,16.700000000000003,77.41,62.025,4.0,461.5,0.0
385.0,17.85,72.09,58.18,5.5,531.0,0.0
413.5,18.700000000000003,67.71000000000001,57.614999999999995,7.0,541.0,0.0
385.0,19.200000000000003,64.84,60.415,7.0,492.5,0.0
304.0,19.1,65.44,66.14500000000001,7.5,389.0,0.0
193.0,18.15,70.255,74.11500000000001,6.0,241.5,0.0
64.0,16.3,82.87,83.595,7.0,80.5,0.0
0.0,12.700000000000001,99.92,159.69,7.0,0.0,4.7
0.0,12.8,98.95500000000001,161.14,7.0,0.0,11.5
0.0,13.05,96.935,154.85500000000002,7.0,0.0,16.6
0.0,13.150000000000002,95.87,144.71,6.0,0.0,19.0
0.0,13.05,96.08,133.275,7.5,0.0,20.3
0.0,13.0,96.0,121.47,7.0,0.0,20.3
0.0,13.100000000000001,95.14,109.70500000000001,7.5,0.0,17.6
0.0,13.0,95.71000000000001,98.245,7.5,0.0,13.0
14.5,13.25,94.41,87.05000000000001,7.5,31.5,5.7
83.5,13.850000000000001,91.445,77.33500000000001,7.0,182.0,0.0
169.5,14.55,88.11,68.8,7.0,336.5,0.0
215.0,15.5,84.89500000000001,62.25,7.0,456.0,0.0
300.5,16.25,82.285,58.410000000000004,7.0,524.0,0.0
346.0,16.75,80.475,57.83500000000001,7.0,533.0,0.0
310.0,17.3,78.4,60.61,7.0,482.5,0.0
240.0,17.8,77.19,66.32,7.5,379.5,0.0
82.5,17.700000000000003,78.465,74.255,6.5,236.5,0.0
38.0,16.8,85.055,83.71000000000001,7.5,78.5,0.0
0.0,13.8,99.69,159.875,7.0,0.0,4.4
0.0,13.5,100.0,161.37,7.0,0.0,10.5
0.0,13.5,99.62,155.065,7.0,0.0,13.5
0.0,13.5,98.60000000000001,144.89499999999998,7.0,0.0,16.2
0.0,13.45,97.84,133.445,6.5,0.0,15.7
0.0,13.350000000000001,97.435,121.64000000000001,6.0,0.0,13.8
0.0,13.25,97.155,109.875,6.5,0.0,10.4
0.0,13.200000000000001,96.12,98.42500000000001,6.0,0.0,7.5
7.0,13.25,94.29,87.225,6.0,29.5,0.6
77.0,13.850000000000001,89.73,77.535,6.5,177.0,0.0
172.0,14.65,81.85,69.015,7.0,334.5,0.0
302.5,15.75,71.66499999999999,62.480000000000004,7.0,460.0,0.0
405.0,16.8,64.89500000000001,58.64,7.0,533.0,0.0
386.5,17.450000000000003,62.005,58.05,7.0,546.0,0.0
402.5,17.7,61.32,60.805,1.5,498.0,0.0
392.5,17.55,61.925,66.48,0.0,392.5,0.0
244.5,16.75,65.635,74.39,0.0,244.5,0.0
81.5,15.0,77.18,83.815,0.0,81.5,0.0
0.0,11.75,100.0,160.04500000000002,3.0,0.0,4.3
0.0,11.75,100.0,161.59500000000003,4.0,0.0,10.9
0.0,11.75,100.0,155.27,1.5,0.0,16.2
0.0,11.9,100.0,145.07999999999998,3.5,0.0,19.1
0.0,11.95,100.0,133.615,3.5,0.0,20.5
0.0,12.100000000000001,99.57000000000001,121.81,4.0,0.0,20.1
0.0,11.95,99.695,110.045,8.0,0.0,17.9
0.0,11.75,100.0,98.6,7.0,0.0,13.0
11.0,11.8,99.455,87.39000000000001,7.0,29.5,0.0
106.5,12.350000000000001,96.315,77.74000000000001,7.0,177.0,0.0
229.5,13.25,92.655,69.23,7.0,332.0,0.0
295.0,13.850000000000001,90.055,62.7,7.0,453.0,0.0
345.0,14.450000000000001,86.13,58.864999999999995,7.0,522.0,0.0
317.5,14.850000000000001,82.83500000000001,58.255,7.0,532.5,0.0
317.5,15.0,81.74,60.985,7.5,484.5,0.0
259.0,14.9,83.055,66.63499999999999,7.0,382.0,0.0
151.0,14.450000000000001,87.815,74.51500000000001,6.0,236.5,0.0
50.5,13.600000000000001,92.86,83.91499999999999,7.0,77.0,0.0
0.0,10.4,95.73,160.21,2.0,0.0,4.5
0.0,9.9,94.625,161.815,0.5,0.0,11.6
0.0,9.4,93.37,155.475,0.0,0.0,17.0
0.0,8.9,92.605,145.255,0.0,0.0,20.2
0.0,8.5,91.075,133.785,0.0,0.0,21.6
0.0,8.100000000000001,91.72,121.97999999999999,0.0,0.0,20.7
0.0,7.700000000000001,92.61,110.22,0.0,0.0,18.1
0.0,7.4,92.68,98.78,0.0,0.0,12.9
31.0,7.9,89.33,87.555,0.0,31.0,5.6
189.0,9.600000000000001,84.055,77.935,0.0,189.0,0.0
352.0,10.95,75.24000000000001,69.44,0.0,352.0,0.0
474.0,12.65,60.33,62.92,0.0,474.0,0.0
546.5,14.05,49.675000000000004,59.075,0.0,546.5,0.0
558.0,14.950000000000001,43.8,58.46,0.0,558.0,0.0
508.0,15.5,40.61,61.165000000000006,0.0,508.0,0.0
401.0,15.600000000000001,40.115,66.785,0.0,401.0,0.0
251.0,14.9,42.555,74.635,0.0,251.0,0.0
83.5,12.9,53.845,84.01,0.0,83.5,0.0
0.0,7.5,89.58,160.37,0.0,0.0,4.2
0.0,7.0,93.96000000000001,162.01999999999998,0.0,0.0,10.7
0.0,6.65,97.405,155.675,0.0,0.0,16.0
0.0,6.45,98.775,145.44,1.0,0.0,19.2
0.0,6.2,100.0,133.955,0.5,0.0,20.2
0.0,6.2,99.33,122.14000000000001,0.5,0.0,20.3
0.0,6.3500000000000005,97.66499999999999,110.39,2.0,0.0,17.9
0.0,6.700000000000001,94.47999999999999,98.96000000000001,1.0,0.0,12.8
19.5,7.450000000000001,90.435,87.725,5.0,28.5,5.2
152.5,8.75,85.795,78.13,1.5,178.5,0.0
337.5,10.100000000000001,79.945,69.645,0.5,337.5,0.0
462.0,12.05,67.61500000000001,63.135000000000005,0.0,462.0,0.0
530.5,13.55,58.44,59.290000000000006,0.0,530.5,0.0
542.0,14.450000000000001,54.92,58.655,0.0,542.0,0.0
480.0,14.8,54.71,61.34,4.0,493.0,0.0
328.0,14.700000000000001,56.31,66.93,7.0,387.0,0.0
207.0,13.9,61.245000000000005,74.75,7.5,238.5,0.0
56.5,12.25,73.48500000000001,84.1,7.0,76.5,0.0
0.0,8.95,99.41499999999999,160.52,0.0,0.0,4.1
0.0,8.4,100.0,162.23000000000002,0.0,0.0,10.8
0.0,8.0,100.0,155.87,0.0,0.0,16.1
0.0,7.700000000000001,100.0,145.615,0.0,0.0,19.6
0.0,7.4,100.0,134.125,0.0,0.0,21.0
0.0,7.2,100.0,122.31,0.0,0.0,20.8
0.0,7.1000000000000005,99.92,110.555,0.0,0.0,18.1
0.0,7.15,97.965,99.135,0.0,0.0,12.9
27.5,7.7,93.16499999999999,88.21000000000001,0.5,27.5,5.4
175.5,9.350000000000001,83.845,78.32,0.0,175.5,0.0
334.0,11.5,71.06,69.845,0.0,334.0,0.0
454.5,13.600000000000001,61.755,63.34,0.0,454.5,0.0
524.5,14.75,58.315,59.495000000000005,0.0,524.5,0.0
534.5,15.200000000000001,58.53,58.85,0.0,534.5,0.0
483.0,15.200000000000001,61.445,61.505,0.0,483.0,0.0
357.5,14.65,66.91499999999999,67.06,4.0,377.5,0.0
184.0,13.8,74.18,74.855,8.0,230.5,0.0
28.0,12.55,83.41,84.18,7.0,72.0,0.0
0.0,8.8,96.7,160.66000000000003,0.0,0.0,4.1
0.0,8.55,96.83,162.43,0.0,0.0,10.8
0.0,8.350000000000001,96.85,156.065,0.0,0.0,16.0
0.0,8.3,95.34,145.785,5.5,0.0,19.0
0.0,8.350000000000001,92.795,134.29,0.0,0.0,18.8
0.0,8.45,90.95,122.47,0.0,0.0,16.0
0.0,8.55,89.935,110.725,5.5,0.0,10.5
0.0,8.600000000000001,90.18,99.305,7.0,0.0,8.0
6.5,9.2,87.8,88.39,7.0,24.5,0.5
85.5,10.400000000000002,84.30000000000001,78.51500000000001,7.0,161.5,0.0
117.5,11.15,84.375,70.045,7.5,311.0,0.0
137.0,11.55,85.875,63.545,6.0,430.0,0.0
114.5,11.850000000000001,87.24000000000001,59.69,6.5,498.5,0.0
113.5,12.200000000000001,87.85,59.03,7.5,509.5,0.0
77.0,12.55,88.795,61.66,4.0,461.5,0.0
67.5,12.75,90.575,67.19,4.0,359.5,0.0
25.0,12.9,92.36,74.96000000000001,4.0,221.0,0.0
27.0,12.55,94.625,84.26,5.0,70.5,0.0
0.0,9.5,98.33,160.8,3.5,0.0,0.5
0.0,9.350000000000001,97.99000000000001,162.625,3.0,0.0,4.0
0.0,9.15,96.885,156.25,1.5,0.0,7.1
0.0,9.0,96.08000000000001,145.96,0.0,0.0,10.4
0.0,8.8,95.49,134.45,3.0,0.0,11.1
0.0,8.700000000000001,94.65,122.635,3.0,0.0,11.8
0.0,8.65,93.305,110.89,1.5,0.0,11.5
0.0,8.55,92.87,99.47999999999999,5.5,0.0,7.7
15.0,9.05,89.515,88.57,4.0,21.5,0.0
127.0,10.400000000000002,85.54,78.695,1.5,156.0,0.0
281.0,11.100000000000001,80.71000000000001,70.24000000000001,1.0,311.5,0.0
367.0,11.8,73.9,63.745000000000005,1.0,440.5,0.0
342.0,12.4,68.63,59.885000000000005,3.0,512.0,0.0
446.0,12.75,64.97,59.205,1.0,524.5,0.0
416.0,12.600000000000001,64.22,61.81,1.0,477.0,0.0
338.5,12.3,64.51,67.31,2.0,376.0,0.0
233.5,11.7,65.36500000000001,75.055,0.0,233.5,0.0
74.5,10.350000000000001,71.03999999999999,84.32499999999999,0.0,74.5,0.0
0.0,7.15,93.72,160.93,0.0,0.0,4.0
0.0,6.8500000000000005,94.5,162.815,0.0,0.0,10.8
0.0,6.65,94.17,156.435,0.0,0.0,16.2
0.0,6.45,93.41,146.13,0.0,0.0,19.5
0.0,6.4,92.49,134.61,0.0,0.0,20.8
0.0,6.25,93.4,122.795,2.0,0.0,20.4
0.0,6.15,94.555,111.055,1.0,0.0,17.2
0.0,6.0,96.04,99.65,4.0,0.0,8.7
14.0,6.700000000000001,92.36,88.74000000000001,1.0,23.0,3.9
163.5,8.8,81.695,78.88,0.5,163.5,0.0
322.5,10.2,71.315,70.43,0.0,322.5,0.0
449.0,11.2,62.415000000000006,63.935,0.0,449.0,0.0
522.0,11.850000000000001,56.650000000000006,60.07000000000001,0.0,522.0,0.0
535.5,12.25,53.475,59.375,0.0,535.5,0.0
486.5,12.5,52.050000000000004,61.955,0.0,486.5,0.0
371.5,12.4,52.555,67.43,4.0,382.0,0.0
235.0,11.75,55.41,75.145,0.5,235.0,0.0
73.5,10.200000000000001,65.465,84.39,0.0,73.5,0.0
0.0,5.6,88.765,161.04000000000002,1.5,0.0,4.0
0.0,5.25,87.26,163.0,1.0,0.0,11.0
0.0,5.050000000000001,85.255,156.62,0.5,0.0,16.1
0.0,4.8500000000000005,83.63,146.29500000000002,1.0,0.0,19.0
0.0,4.6,82.58500000000001,134.775,1.0,0.0,19.7
0.0,4.25,80.98,122.955,1.0,0.0,19.1
0.0,3.95,78.435,111.215,0.0,0.0,17.6
0.0,3.8000000000000003,75.94,99.815,0.0,0.0,13.1
23.5,4.4,71.08000000000001,88.91,0.0,23.5,5.4
166.0,6.4,60.385000000000005,79.06,0.0,166.0,0.0
324.0,8.350000000000001,47.865,70.62,0.0,324.0,0.0
448.0,10.0,37.42,64.12,0.0,448.0,0.0
520.0,11.25,31.875,60.25,0.0,520.0,0.0
533.5,12.2,28.76,59.540000000000006,0.0,533.5,0.0
486.5,12.8,27.23,62.095,0.0,486.5,0.0
384.0,13.0,26.755000000000003,67.535,0.0,384.0,0.0
237.5,12.25,28.494999999999997,75.225,0.0,237.5,0.0
75.5,10.100000000000001,41.67,84.445,0.0,75.5,0.0
0.0,5.300000000000001,61.135000000000005,161.15,2.0,0.0,3.8
0.0,4.800000000000001,65.44,163.17000000000002,1.0,0.0,10.4
0.0,4.4,69.25,156.79500000000002,0.5,0.0,15.8
0.0,4.1000000000000005,72.32000000000001,146.45999999999998,2.0,0.0,18.1
0.0,3.95,73.285,134.935,2.0,0.0,19.1
0.0,3.7,73.495,123.11000000000001,1.0,0.0,18.7
0.0,3.5,73.5,111.375,0.5,0.0,16.5
0.0,3.45,73.02000000000001,99.97999999999999,0.0,0.0,12.2
21.0,4.050000000000001,70.4,89.08000000000001,0.0,21.0,3.7
159.5,6.15,61.04,79.235,0.0,159.5,0.0
317.5,8.15,51.260000000000005,70.80000000000001,0.0,317.5,0.0
441.0,10.3,41.595,64.305,0.0,441.0,0.0
513.0,12.0,34.885000000000005,60.425,0.0,513.0,0.0
526.5,13.15,31.275000000000002,59.695,0.0,526.5,0.0
479.5,13.75,30.115000000000002,62.22,0.5,479.5,0.0
377.0,13.8,30.485,67.63499999999999,0.0,377.0,0.0
231.5,13.05,33.53,75.3,0.0,231.5,0.0
72.5,11.15,46.55500000000001,84.495,0.0,72.5,0.0
0.0,8.45,53.730000000000004,161.26,0.0,0.0,3.9
0.0,8.15,57.91,163.345,0.0,0.0,10.7
0.0,7.6,64.55,156.97500000000002,0.0,0.0,15.5
0.0,7.25,69.915,146.625,1.0,0.0,18.4
0.0,6.95,73.69,135.09,0.0,0.0,19.5
0.0,6.75,76.12,123.265,1.0,0.0,19.1
0.0,6.5,78.75,111.535,0.5,0.0,17.5
0.0,6.15,82.025,100.14500000000001,1.0,0.0,13.2
20.0,6.5,81.465,89.24000000000001,0.0,20.0,5.8
155.0,8.350000000000001,75.225,79.41,0.0,155.0,0.0
311.0,10.3,66.28,70.97999999999999,0.0,311.0,0.0
434.0,12.55,58.995000000000005,64.48,0.0,434.0,0.0
505.5,14.2,55.92,60.595,0.0,505.5,0.0
519.5,15.2,56.28,59.845,0.0,519.5,0.0
473.5,15.9,55.94500000000001,62.345,0.0,473.5,0.0
372.5,16.0,56.355000000000004,67.73,0.0,372.5,0.0
229.5,15.15,60.41,75.36500000000001,0.0,229.5,0.0
72.5,12.650000000000002,74.825,84.54,0.0,72.5,0.0
0.0,7.550000000000001,87.15,161.35000000000002,0.0,0.0,3.8
0.0,7.0,85.375,163.505,0.0,0.0,11.0
0.0,6.5,82.355,157.145,0.0,0.0,16.2
0.0,6.050000000000001,79.005,146.785,0.0,0.0,19.4
0.0,5.5,77.265,135.245,0.0,0.0,20.1
0.0,5.0,77.125,123.42000000000002,0.0,0.0,20.0
0.0,4.75,77.13,111.69,0.0,0.0,17.6
0.0,4.7,76.60000000000001,100.305,0.0,0.0,12.9
20.5,5.25,73.25999999999999,89.405,0.0,20.5,5.5
161.5,7.45,63.065000000000005,79.575,0.0,161.5,0.0
321.5,9.600000000000001,52.765,71.15,0.0,321.5,0.0
446.5,11.9,43.644999999999996,64.65,0.0,446.5,0.0
520.5,13.850000000000001,37.365,60.760000000000005,0.0,520.5,0.0
535.0,15.2,34.25,59.99,0.0,535.0,0.0
485.0,15.850000000000001,34.065,62.465,0.0,485.0,0.0
382.0,15.950000000000001,34.254999999999995,67.82,0.0,382.0,0.0
235.5,14.8,40.44,75.43,0.0,235.5,0.0
73.5,12.150000000000002,54.165,84.58500000000001,0.0,73.5,0.0
0.0,7.15,64.215,161.44,0.0,0.0,3.8
0.0,6.95,64.7,163.66500000000002,0.0,0.0,10.8
0.0,6.75,64.89,157.315,0.0,0.0,15.9
0.0,6.65,64.35,146.945,0.0,0.0,19.0
0.0,6.550000000000001,63.375,135.39499999999998,0.0,0.0,19.4
0.0,6.3500000000000005,62.80500000000001,123.575,0.0,0.0,18.7
0.0,6.1,62.92,111.84,0.0,0.0,16.9
0.0,5.8500000000000005,63.885000000000005,100.46000000000001,0.0,0.0,12.9
18.5,6.15,62.775,89.565,0.0,18.5,5.4
153.5,7.95,55.485,79.745,0.0,153.5,0.0
311.5,9.9,47.370000000000005,71.32,0.0,311.5,0.0
433.5,12.150000000000002,41.175,64.815,0.0,433.5,0.0
507.5,14.3,36.77,60.91,0.0,507.5,0.0
522.0,15.850000000000001,34.99,60.125,0.0,522.0,0.0
477.0,16.65,34.315,62.57,0.0,477.0,0.0
378.0,16.75,34.769999999999996,67.9,0.0,378.0,0.0
232.5,15.600000000000001,41.95,75.485,0.0,232.5,0.0
72.0,12.95,54.925,84.61500000000001,0.0,72.0,0.0
0.0,7.550000000000001,62.325,161.515,0.0,0.0,3.6
0.0,7.25,63.535,163.81,1.0,0.0,10.5
0.0,6.95,65.32499999999999,157.47500000000002,0.0,0.0,15.5
0.0,6.6,67.42500000000001,147.095,0.0,0.0,18.6
0.0,6.15,69.89,135.54500000000002,0.0,0.0,19.3
0.0,5.700000000000001,72.24,123.725,0.0,0.0,18.9
0.0,5.300000000000001,74.35,112.0,2.0,0.0,17.1
0.0,5.050000000000001,75.685,100.61500000000001,4.0,0.0,12.3
18.0,5.65,72.85,89.72,0.5,18.0,5.4
150.5,7.95,63.18000000000001,79.905,0.0,150.5,0.0
309.5,10.2,53.965,71.47999999999999,0.0,309.5,0.0
433.5,12.8,46.065,64.975,0.0,433.5,0.0
508.5,14.950000000000001,40.92,61.06,0.0,508.5,0.0
523.5,16.25,39.53,60.25,0.0,523.5,0.0
479.0,17.0,37.85,62.67,0.0,479.0,0.0
377.5,17.05,37.480000000000004,67.97,0.0,377.5,0.0
232.5,15.9,46.06,75.53,0.0,232.5,0.0
72.0,13.75,56.605000000000004,84.645,0.0,72.0,0.0
0.0,10.15,68.28,161.585,0.0,0.0,3.6
0.0,9.15,68.58500000000001,163.95499999999998,0.0,0.0,10.4
0.0,8.15,70.195,157.635,0.0,0.0,15.7
0.0,7.450000000000001,71.725,147.25,0.0,0.0,19.0
0.0,6.85,73.58000000000001,135.695,0.0,0.0,19.3
0.0,6.4,75.55000000000001,123.875,0.0,0.0,18.6
0.0,5.95,78.05000000000001,112.14500000000001,0.0,0.0,16.5
0.0,5.7,79.61,100.77000000000001,0.0,0.0,12.1
17.5,6.300000000000001,76.67,89.87,0.0,17.5,5.3
149.5,8.6,67.00999999999999,80.06,0.0,149.5,0.0
307.5,10.700000000000001,57.78,71.64,0.0,307.5,0.0
432.5,13.150000000000002,49.745000000000005,65.135,0.0,432.5,0.0
506.5,15.15,44.894999999999996,61.2,0.0,506.5,0.0
522.0,16.3,42.754999999999995,60.370000000000005,0.0,522.0,0.0
477.5,16.950000000000003,40.695,62.765,0.0,477.5,0.0
376.5,16.950000000000003,40.515,68.03999999999999,0.0,376.5,0.0
232.0,15.8,48.065,75.575,0.0,232.0,0.0
72.5,13.4,60.245000000000005,84.66,0.0,72.5,0.0
0.0,8.600000000000001,66.51,161.645,0.5,0.0,3.5
0.0,8.2,67.655,164.095,0.5,0.0,10.2
0.0,7.700000000000001,69.66,157.79,0.5,0.0,15.4
0.0,7.300000000000001,71.00999999999999,147.4,3.0,0.0,18.6
0.0,6.9,72.125,135.845,1.0,0.0,19.3
0.0,6.5,73.035,124.015,1.0,0.0,19.2
0.0,6.1,73.815,112.28999999999999,1.0,0.0,16.6
0.0,5.8500000000000005,73.955,100.92,2.0,0.0,12.2
16.0,6.25,71.745,90.02,0.5,16.0,5.5
145.0,8.350000000000001,64.305,80.21000000000001,0.0,145.0,0.0
303.5,10.4,54.545,71.78999999999999,0.0,303.5,0.0
430.5,12.650000000000002,48.44,65.28,0.0,430.5,0.0
505.5,14.65,43.96,61.335,0.0,505.5,0.0
522.0,16.0,42.3,60.485,0.0,522.0,0.0
477.5,16.75,40.72,62.855000000000004,0.0,477.5,0.0
376.5,16.950000000000003,40.040000000000006,68.1,0.0,376.5,0.0
231.5,15.750000000000002,49.010000000000005,75.61,0.0,231.5,0.0
72.0,13.450000000000001,60.135000000000005,84.67500000000001,0.0,72.0,0.0
0.0,8.25,68.89,161.695,0.0,0.0,3.4
0.0,7.700000000000001,70.995,164.22000000000003,0.5,0.0,10.1
0.0,7.25,73.06,157.94,0.5,0.0,15.4
0.0,6.95,74.20500000000001,147.55,1.0,0.0,18.9
0.0,6.75,74.67500000000001,135.985,1.0,0.0,20.5
0.0,6.45,75.375,124.165,0.5,0.0,19.6
0.0,6.15,75.95,112.44,0.0,0.0,17.2
0.0,6.0,76.03,101.07000000000001,0.0,0.0,12.2
15.5,6.5,73.235,90.16499999999999,0.0,15.5,5.4
144.5,8.45,65.315,80.36000000000001,0.0,144.5,0.0
304.5,10.3,56.504999999999995,71.94,0.0,304.5,0.0
431.0,12.55,48.84,65.42,0.0,431.0,0.0
507.5,14.600000000000001,43.95,61.465,0.0,507.5,0.0
524.0,16.150000000000002,41.019999999999996,60.59,0.0,524.0,0.0
479.5,17.1,37.92,62.93,0.0,479.5,0.0
375.5,17.15,38.7,68.15,0.0,375.5,0.0
231.0,15.950000000000001,47.879999999999995,75.64,0.0,231.0,0.0
71.5,13.650000000000002,58.97,84.69,0.0,71.5,0.0
0.0,8.600000000000001,75.72999999999999,161.745,0.0,0.0,3.5
0.0,8.3,76.74000000000001,164.345,7.5,0.0,10.4
0.0,8.25,76.405,158.09,7.0,0.0,15.8
0.0,8.75,73.755,147.69,7.0,0.0,19.5
0.0,9.25,72.38499999999999,136.13,7.0,0.0,20.9
0.0,9.4,72.36,124.305,7.0,0.0,20.6
0.0,9.4,72.51,112.58000000000001,7.0,0.0,18.0
0.0,9.4,72.9,101.21000000000001,6.5,0.0,12.5
6.5,9.8,72.07499999999999,90.31,6.0,14.0,5.6
70.5,11.100000000000001,69.045,80.50999999999999,8.0,139.5,0.0
20.5,12.850000000000001,64.18,72.09,9.0,293.0,0.0
222.0,14.350000000000001,59.675,65.56,6.5,413.0,0.0
353.5,15.75,55.585,61.585,5.5,481.0,0.0
255.0,16.450000000000003,54.885000000000005,60.69,7.0,491.5,0.0
88.0,16.0,60.915000000000006,63.004999999999995,6.0,440.5,0.0
22.5,15.2,71.97,68.2,6.0,342.0,0.0
76.0,14.600000000000001,82.015,75.655,6.0,205.5,0.0
21.0,14.25,87.715,84.69,7.0,60.0,0.0
0.0,13.200000000000001,93.94,161.78,4.0,0.0,0.2
0.0,12.9,94.99000000000001,164.45999999999998,4.0,0.0,3.4
0.0,12.55,96.11500000000001,158.23000000000002,4.0,0.0,3.8
0.0,12.3,96.59,147.835,4.0,0.0,5.0
0.0,12.150000000000002,96.63,136.265,4.0,0.0,5.8
0.0,12.100000000000001,96.42,124.44500000000001,2.5,0.0,4.4
0.0,12.05,96.515,112.72,3.5,0.0,3.6
0.0,11.9,96.42,101.35,2.0,0.0,0.7
11.5,12.15,94.215,90.45,0.0,11.5,0.0
89.5,13.100000000000001,90.765,80.65,1.5,124.0,0.0
244.5,13.900000000000002,85.995,72.225,1.0,275.5,0.0
353.0,14.65,78.92,65.685,1.0,400.0,0.0
229.5,15.05,73.535,61.7,4.0,474.5,0.0
265.0,15.3,69.77000000000001,60.785,3.0,490.5,0.0
274.5,15.5,67.035,63.075,3.0,444.0,0.0
105.0,15.15,68.515,68.235,5.5,341.0,0.0
62.5,14.15,77.785,75.67,6.5,197.5,0.0
14.5,13.3,87.37,84.685,6.0,55.0,0.0
0.0,10.700000000000001,83.44,161.81,7.5,0.0,3.6
0.0,10.600000000000001,82.15,164.565,7.5,0.0,9.6
0.0,10.5,80.995,158.37,1.0,0.0,11.6
0.0,10.0,83.015,147.97,7.5,0.0,8.4
0.0,9.5,86.75,136.405,7.5,0.0,2.0
0.0,9.600000000000001,88.275,124.575,6.5,0.0,1.3
0.0,9.9,89.205,112.855,6.5,0.0,1.2
3.0,10.850000000000001,90.78,90.58000000000001,4.0,9.5,0.0
16.0,11.350000000000001,91.055,80.78999999999999,4.0,110.5,0.0
57.0,12.0,90.92,72.355,3.5,254.5,0.0
139.5,12.850000000000001,90.075,65.81,2.5,378.0,0.0
412.5,13.850000000000001,85.47,61.80500000000001,1.5,456.0,0.0
281.0,14.45,79.14500000000001,60.870000000000005,2.5,473.5,0.0
172.0,14.55,75.02000000000001,63.129999999999995,8.0,431.5,0.0
215.0,14.3,73.815,68.27000000000001,7.0,338.0,0.0
184.5,13.4,78.6,75.67500000000001,7.5,203.5,0.0
29.0,12.100000000000001,86.73500000000001,84.67,5.5,59.5,0.0
0.0,9.25,100.0,161.83,2.0,0.0,3.1
0.0,8.600000000000001,100.0,164.66500000000002,2.0,0.0,9.3
0.0,8.350000000000001,100.0,158.505,3.0,0.0,13.5
0.0,8.3,100.0,148.10500000000002,2.0,0.0,16.0
0.0,8.25,100.0,136.54000000000002,2.0,0.0,16.3
0.0,8.200000000000001,99.93,124.715,3.5,0.0,7.6
0.0,8.25,98.785,112.995,4.0,0.0,1.4
2.0,8.950000000000001,95.385,90.70500000000001,4.0,9.5,0.5
17.5,9.900000000000002,91.825,80.92,5.5,112.0,0.0
88.5,10.75,89.23,72.485,6.5,255.5,0.0
253.5,11.75,85.03999999999999,65.93,6.5,376.0,0.0
182.0,12.8,79.945,61.910000000000004,5.5,451.5,0.0
114.0,13.5,76.74,60.945,4.0,469.0,0.0
226.0,13.850000000000001,77.13,63.18000000000001,3.5,426.0,0.0
181.0,14.05,79.16,68.28999999999999,3.5,331.0,0.0
58.5,13.7,84.44500000000001,75.68,5.5,198.5,0.0
28.5,12.850000000000001,89.47500000000001,84.655,7.0,58.5,0.0
0.0,13.200000000000001,95.165,164.76,6.5,0.0,0.1
0.0,13.25,95.13,158.63,6.0,0.0,1.3
0.0,13.150000000000002,95.33500000000001,148.24,6.0,0.0,0.3
0.0,13.100000000000001,95.02,136.67000000000002,7.0,0.0,0.3
0.0,13.05,95.05,124.845,6.5,0.0,0.2
0.0,13.05,95.01500000000001,113.125,7.0,0.0,0.1
0.0,13.200000000000001,94.87,101.76,7.0,0.0,0.2
2.5,13.4,94.805,90.84,8.0,9.5,0.0
8.5,13.900000000000002,93.95,81.03999999999999,6.0,113.5,0.0
29.0,14.600000000000001,92.45,72.605,7.5,259.0,0.0
59.0,15.350000000000001,90.49000000000001,66.045,6.0,379.0,0.0
126.0,16.0,87.26,62.004999999999995,7.0,451.5,0.0
105.5,16.35,84.47,61.015,6.5,470.5,0.0
86.0,16.400000000000002,82.87,63.224999999999994,7.0,431.0,0.0
124.0,16.15,82.745,68.305,7.0,339.0,0.0
119.5,15.3,86.36000000000001,75.67500000000001,5.5,205.0,0.0
23.5,13.950000000000001,94.225,84.63,4.0,62.0,0.0
0.0,12.600000000000001,98.74000000000001,158.76,7.0,0.0,0.1
0.0,12.600000000000001,98.57000000000001,148.365,7.0,0.0,0.3
0.0,12.700000000000001,98.01,136.8,7.0,0.0,0.3
0.0,12.700000000000001,98.16,124.975,6.5,0.0,0.2
0.0,12.700000000000001,98.09,113.255,7.0,0.0,0.1
1.5,13.0,96.225,90.95500000000001,3.5,9.0,0.0
10.5,13.75,94.0,81.17,4.0,114.0,0.0
67.5,14.400000000000002,92.245,72.72,6.0,260.0,0.0
61.0,15.3,90.205,66.14500000000001,6.0,377.5,0.0
88.5,16.1,87.78999999999999,62.09,5.5,451.5,0.0
122.0,16.700000000000003,85.065,61.08,7.0,470.5,0.0
105.0,16.900000000000002,83.55000000000001,63.26,7.0,429.0,0.0
18.5,16.700000000000003,83.95,68.32,6.0,338.0,0.0
17.0,15.9,88.03,75.66,4.0,206.5,0.0
28.5,14.7,94.41499999999999,84.60499999999999,7.0,62.5,0.0
0.0,12.25,100.0,161.84,7.0,0.0,2.2
0.0,12.100000000000001,100.0,164.92000000000002,7.0,0.0,9.1
0.0,12.100000000000001,100.0,158.875,7.0,0.0,14.5
0.0,12.100000000000001,100.0,148.495,7.0,0.0,18.3
0.0,12.100000000000001,100.0,136.925,6.0,0.0,17.3
0.0,12.0,100.0,125.095,7.0,0.0,7.6
0.0,12.0,100.0,113.375,4.0,0.0,4.0
0.0,12.100000000000001,100.0,102.01,4.0,0.0,0.3
4.0,12.600000000000001,98.225,91.08000000000001,7.0,9.0,5.3
20.5,13.7,94.955,81.285,7.5,117.0,0.0
81.0,14.7,92.005,72.83500000000001,7.5,266.5,0.0
119.5,15.450000000000001,89.62,66.245,5.5,386.5,0.0
160.5,16.05,86.095,62.17,7.0,462.0,0.0
192.0,16.2,83.42,61.135000000000005,7.5,481.5,0.0
128.5,16.1,81.96000000000001,63.285000000000004,4.0,442.0,0.0
169.5,15.75,81.73,68.315,6.0,348.5,0.0
32.5,14.900000000000002,85.015,75.64500000000001,5.5,214.0,0.0
34.0,13.600000000000001,92.755,84.57,7.0,66.0,0.0
0.0,13.700000000000001,94.48,164.99,7.0,0.0,0.2
0.0,13.600000000000001,94.6,158.99,7.0,0.0,0.2
0.0,13.2,92.31,148.615,7.0,0.0,0.2
0.0,12.400000000000002,89.32,137.05,7.0,0.0,0.3
0.0,11.600000000000001,87.96000000000001,125.225,7.0,0.0,3.3
0.0,11.0,87.86,113.5,7.0,0.0,6.1
0.0,10.600000000000001,88.11,102.13,4.0,0.0,7.8
4.5,10.600000000000001,86.58500000000001,91.19,2.0,8.0,0.0
58.5,10.95,83.7,81.39500000000001,4.0,114.0,0.0
226.0,11.200000000000001,79.13499999999999,72.935,5.5,268.5,0.0
340.5,11.7,69.83,66.33500000000001,7.5,396.5,0.0
437.5,12.350000000000001,59.635000000000005,62.239999999999995,7.5,479.5,0.0
393.0,12.700000000000001,52.355000000000004,61.18,6.0,500.5,0.0
301.5,12.600000000000001,49.455,63.305,7.5,464.5,0.0
260.5,12.15,50.295,68.31,7.0,369.5,0.0
155.5,11.3,57.735,75.62,7.0,228.0,0.0
45.0,10.3,65.87,84.53,7.0,72.0,0.0
0.0,6.35,78.47,161.81,6.0,0.0,0.1
0.0,5.800000000000001,75.85,165.05,7.0,0.0,8.3
0.0,5.550000000000001,72.21000000000001,159.10000000000002,1.5,0.0,13.2
0.0,5.300000000000001,69.94500000000001,148.73000000000002,1.5,0.0,17.9
0.0,4.9,69.25999999999999,137.16500000000002,1.0,0.0,19.0
0.0,4.5,69.03999999999999,125.34,1.0,0.0,17.9
0.0,4.15,69.015,113.62,1.5,0.0,10.8
0.0,3.7,71.965,102.25,7.5,0.0,1.8
4.0,3.85,73.305,91.295,6.5,9.5,0.0
26.0,5.550000000000001,68.575,81.5,6.0,126.5,0.0
78.5,7.15,57.55,73.035,6.0,284.5,0.0
206.5,8.450000000000001,51.025000000000006,66.42,6.5,412.5,0.0
341.0,9.3,47.36,62.31,7.0,490.0,0.0
347.5,9.75,46.565,61.22,7.0,508.5,0.0
197.0,10.0,48.22,63.32000000000001,6.0,466.0,0.0
229.5,9.9,53.075,68.305,6.5,369.0,0.0
107.0,9.4,62.875,75.58500000000001,6.5,227.5,0.0
33.5,8.3,74.465,84.48,7.0,72.0,0.0
0.0,5.800000000000001,90.23,161.785,7.0,0.0,1.9
0.0,5.6000000000000005,92.08500000000001,165.10000000000002,4.0,0.0,9.2
0.0,5.6000000000000005,93.8,159.2,1.0,0.0,14.5
0.0,5.6000000000000005,95.4,148.85,2.0,0.0,18.0
0.0,5.6000000000000005,96.31,137.285,2.0,0.0,19.1
0.0,5.65,96.785,125.455,2.0,0.0,18.8
0.0,5.800000000000001,95.52000000000001,113.735,2.0,0.0,17.0
0.0,5.800000000000001,94.665,102.36,1.5,0.0,12.6
7.5,5.9,92.79,91.4,4.5,7.5,5.6
77.5,6.800000000000001,87.84,81.605,2.0,112.0,0.0
265.0,8.0,78.975,73.13,1.0,265.0,0.0
398.5,9.25,69.6,66.495,0.0,398.5,0.0
477.5,10.100000000000001,63.065,62.365,0.0,477.5,0.0
501.0,10.700000000000001,58.275000000000006,61.255,0.0,501.0,0.0
462.0,11.0,55.06,63.32,0.0,462.0,0.0
369.0,11.0,52.91,68.28,0.0,369.0,0.0
230.0,10.200000000000001,54.185,75.545,0.0,230.0,0.0
74.5,8.350000000000001,64.99000000000001,84.43,0.0,74.5,0.0
0.0,4.800000000000001,75.695,161.75,0.0,0.0,2.0
0.0,4.45,78.99000000000001,165.15,0.5,0.0,9.2
0.0,4.15,81.42500000000001,159.305,0.5,0.0,14.3
0.0,3.9000000000000004,82.295,148.96,1.5,0.0,17.2
0.0,3.5,83.035,137.39499999999998,1.0,0.0,18.4
0.0,3.1,83.53999999999999,125.57,1.5,0.0,18.2
0.0,2.7,83.985,113.845,1.0,0.0,16.7
0.0,2.25,84.0,102.47,1.0,0.0,12.7
9.0,2.6,79.465,91.495,1.0,9.0,5.6
128.5,4.6000000000000005,68.94500000000001,81.695,0.0,128.5,0.0
290.0,6.5,54.925,73.22,0.0,290.0,0.0
422.0,8.5,43.625,66.57,0.0,422.0,0.0
503.5,10.350000000000001,35.545,62.42,0.0,503.5,0.0
526.0,11.8,29.310000000000002,61.275000000000006,0.0,526.0,0.0
486.0,12.5,27.39,63.325,0.0,486.0,0.0
389.0,12.5,28.59,68.255,0.0,389.0,0.0
245.0,11.3,40.0,75.5,0.0,245.0,0.0
82.0,8.9,51.815,84.37,0.0,82.0,0.0
0.0,4.6,74.415,161.71,1.0,0.0,1.5
0.0,4.2,74.78,165.185,0.5,0.0,8.8
0.0,3.7,75.34,159.39,0.5,0.0,13.8
0.0,3.1500000000000004,75.245,149.065,1.5,0.0,16.9
0.0,2.6,75.465,137.505,1.0,0.0,18.5
0.0,2.1,76.775,125.68,1.5,0.0,17.9
0.0,1.8000000000000003,78.185,113.95500000000001,1.0,0.0,15.9
0.0,1.5,80.37,102.575,6.0,0.0,11.7
8.5,1.85,79.34,91.59,2.0,8.5,5.2
122.5,3.75,71.59,81.78999999999999,1.0,122.5,0.0
277.0,5.550000000000001,61.195,73.30000000000001,3.5,280.5,0.0
409.0,7.55,53.265,66.63499999999999,0.0,409.0,0.0
489.5,9.5,43.114999999999995,62.46,0.0,489.5,0.0
508.0,10.900000000000002,35.805,61.29,0.0,508.0,0.0
470.0,11.55,32.685,63.31,0.0,470.0,0.0
374.0,11.650000000000002,32.155,68.225,0.0,374.0,0.0
233.0,11.05,37.64,75.44999999999999,0.0,233.0,0.0
69.5,9.75,43.515,84.305,3.5,75.5,0.0
0.0,6.0,64.43,161.66000000000003,7.0,0.0,1.2
0.0,5.75,66.35,165.215,7.0,0.0,8.6
0.0,5.5,67.54,159.48000000000002,7.0,0.0,13.5
0.0,5.4,67.93,149.16500000000002,5.0,0.0,16.8
0.0,5.4,68.5,137.615,3.0,0.0,18.0
0.0,5.4,70.10000000000001,125.785,7.5,0.0,17.7
0.0,5.300000000000001,72.48,114.06,7.0,0.0,15.5
0.0,5.15,74.92,102.67500000000001,5.0,0.0,11.4
3.5,5.15,76.665,91.685,5.5,7.0,5.3
90.0,5.95,75.8,81.88,7.5,114.0,0.0
184.5,6.95,71.055,73.375,6.0,268.0,0.0
293.0,8.0,65.31,66.695,6.0,395.5,0.0
341.5,9.55,58.385000000000005,62.495000000000005,7.0,475.0,0.0
356.0,10.8,53.035,61.30500000000001,7.0,499.0,0.0
459.5,11.45,50.305,63.295,0.5,459.5,0.0
364.0,11.5,49.385000000000005,68.185,0.5,364.0,0.0
200.5,10.850000000000001,53.695,75.39000000000001,2.0,224.5,0.0
35.0,9.65,61.275000000000006,84.235,4.0,72.0,0.0
0.0,7.800000000000001,76.69,161.60500000000002,7.0,0.0,1.1
0.0,7.7,76.60000000000001,165.235,7.0,0.0,6.0
0.0,7.65,76.87,159.56,7.5,0.0,0.1
0.0,7.8500000000000005,77.725,149.265,7.5,0.0,0.2
0.0,8.100000000000001,80.15,137.715,6.5,0.0,0.3
0.0,8.5,82.95,125.89,7.0,0.0,0.2
0.0,8.9,86.965,114.16,6.5,0.0,0.1
0.0,9.350000000000001,91.01500000000001,102.775,7.0,0.0,0.1
1.0,9.850000000000001,93.65,91.775,7.0,5.5,0.0
19.5,10.600000000000001,93.965,81.96000000000001,6.0,98.0,0.0
28.0,11.400000000000002,92.63,73.445,6.0,240.5,0.0
25.0,12.2,91.08000000000001,66.745,6.0,363.0,0.0
80.0,12.850000000000001,90.345,62.525,6.0,440.5,0.0
56.0,13.100000000000001,90.98,61.305,6.0,464.5,0.0
29.0,13.05,92.53,63.27,6.0,425.5,0.0
29.5,12.95,93.555,68.13499999999999,6.0,336.0,0.0
108.5,12.55,95.305,75.325,7.5,206.5,0.0
12.5,11.900000000000002,96.295,84.16499999999999,4.0,66.0,0.0
0.0,7.300000000000001,97.275,161.54,3.0,0.0,1.2
0.0,6.9,96.52000000000001,165.25,4.0,0.0,8.4
0.0,6.5,95.99000000000001,159.635,1.0,0.0,13.1
0.0,6.4,95.02,149.36,3.0,0.0,16.3
0.0,6.300000000000001,94.91,137.815,3.0,0.0,17.5
0.0,6.1,94.58000000000001,125.985,3.0,0.0,17.7
0.0,5.800000000000001,94.385,114.255,3.0,0.0,16.1
0.0,5.4,94.58500000000001,102.86500000000001,3.0,0.0,12.0
0.0,5.35,92.51500000000001,91.85,3.0,0.0,5.3
65.0,6.25,88.1,82.035,2.5,115.0,0.0
273.5,7.800000000000001,81.19,73.505,0.0,273.5,0.0
407.0,9.850000000000001,71.29,66.78999999999999,0.0,407.0,0.0
488.0,11.5,61.7,62.545,0.0,488.0,0.0
509.5,12.600000000000001,54.644999999999996,61.3,0.0,509.5,0.0
472.5,13.150000000000002,52.269999999999996,63.24,0.0,472.5,0.0
379.0,13.200000000000001,52.915,68.08500000000001,0.0,379.0,0.0
240.5,12.4,59.400000000000006,75.255,0.0,240.5,0.0
82.5,10.600000000000001,69.795,84.08000000000001,0.0,82.5,0.0
0.0,9.25,77.03999999999999,161.47000000000003,6.5,0.0,0.9
0.0,8.850000000000001,79.13,165.25,5.0,0.0,7.3
0.0,8.3,82.23,159.70499999999998,7.0,0.0,11.8
0.0,8.100000000000001,82.43,149.45,7.0,0.0,16.5
0.0,7.550000000000001,84.64,137.905,3.5,0.0,18.0
0.0,6.700000000000001,88.065,126.08,2.0,0.0,17.9
0.0,6.300000000000001,88.905,114.35,4.5,0.0,15.7
0.0,6.0,89.3,102.95500000000001,1.0,0.0,11.7
50.0,7.65,82.345,82.10499999999999,3.5,106.0,0.0
254.0,8.5,78.32000000000001,73.565,1.0,254.0,0.0
219.5,8.95,77.08,66.825,5.0,375.5,0.0
297.5,9.7,74.03999999999999,62.56,7.5,453.0,0.0
411.5,10.8,64.15,61.285000000000004,7.0,475.5,0.0
373.5,11.5,59.15,63.195,2.5,440.5,0.0
334.5,11.850000000000001,57.11,68.02,7.0,352.5,0.0
144.0,11.450000000000001,61.09,75.18,5.5,221.0,0.0
63.5,10.15,71.165,83.995,4.0,74.5,0.0
0.0,6.800000000000001,88.095,161.395,4.0,0.0,0.5
0.0,6.5,91.405,165.245,7.0,0.0,7.0
0.0,6.45,92.75,159.765,7.0,0.0,10.5
0.0,6.300000000000001,93.60000000000001,149.53,7.0,0.0,11.1
0.0,6.45,92.185,137.995,5.5,0.0,5.9
0.0,6.6000000000000005,91.13,126.17,1.0,0.0,5.2
0.0,6.6000000000000005,90.93,114.435,1.5,0.0,6.5
0.0,6.5,91.4,103.03999999999999,7.0,0.0,5.2
0.0,6.7,89.88,92.0,7.0,0.0,5.4
74.0,7.75,84.96000000000001,82.17,7.5,106.5,0.0
195.5,8.7,80.85,73.61500000000001,7.5,256.5,0.0
208.0,9.450000000000001,78.53999999999999,66.86,7.0,370.0,0.0
294.0,9.9,77.32499999999999,62.565,7.0,448.0,0.0
304.5,10.350000000000001,75.39500000000001,61.265,7.0,472.5,0.0
209.0,10.950000000000001,72.77,63.150000000000006,7.0,437.0,0.0
104.5,11.600000000000001,70.94,67.95500000000001,7.0,349.5,0.0
131.0,11.65,71.735,75.095,7.5,219.5,0.0
45.5,10.25,80.515,83.905,7.0,73.0,0.0
0.0,8.100000000000001,90.99000000000001,161.315,7.5,0.0,0.4
0.0,7.9,94.39,165.23,7.5,0.0,6.6
0.0,7.95,96.94,159.82,7.0,0.0,11.2
0.0,8.0,99.43,149.61,7.0,0.0,14.2
0.0,8.0,100.0,138.085,7.0,0.0,14.8
0.0,8.0,100.0,126.25999999999999,7.0,0.0,14.9
0.0,8.0,100.0,114.52000000000001,8.0,0.0,13.0
0.0,8.05,100.0,103.11500000000001,7.0,0.0,9.1
0.0,8.600000000000001,100.0,92.065,7.0,0.0,4.7
67.0,10.25,94.515,82.23,7.0,107.5,0.0
113.5,11.65,88.265,73.66,7.0,262.0,0.0
262.0,12.7,84.22,66.88499999999999,7.0,392.0,0.0
215.5,14.05,78.655,62.565,7.5,474.5,0.0
251.5,15.25,72.965,61.24,7.0,499.0,0.0
304.5,15.75,70.185,63.1,7.5,464.0,0.0
257.5,15.450000000000001,71.49000000000001,67.88,7.5,373.0,0.0
56.5,14.200000000000001,80.88,75.00999999999999,5.5,235.5,0.0
29.5,12.5,88.55000000000001,83.81,7.0,81.5,0.0
0.0,10.700000000000001,99.46000000000001,165.20999999999998,7.0,0.0,2.7
0.0,11.100000000000001,98.845,159.87,6.5,0.0,3.7
0.0,11.350000000000001,99.22,149.685,7.0,0.0,3.2
0.0,11.5,99.67,138.16500000000002,6.5,0.0,3.7
0.0,11.600000000000001,99.655,126.34,6.5,0.0,3.6
0.0,12.0,98.385,114.595,7.5,0.0,3.2
0.0,12.45,96.545,103.19,8.0,0.0,0.6
0.0,12.850000000000001,95.13,92.13,6.5,0.0,3.4
18.5,13.450000000000001,93.14,82.285,6.0,95.5,0.0
176.5,13.850000000000001,91.995,73.695,7.0,242.0,0.0
171.0,14.0,90.93,66.9,7.0,368.5,0.0
155.0,14.25,89.45,62.555,6.0,448.5,0.0
81.5,14.600000000000001,87.825,61.2,7.0,472.5,0.0
85.5,14.55,87.80000000000001,63.035000000000004,7.0,438.5,0.0
28.5,14.4,88.83000000000001,67.80000000000001,6.5,348.0,0.0
30.0,14.25,90.625,74.91499999999999,6.5,219.0,0.0
14.5,14.100000000000001,91.98,83.71000000000001,6.0,75.0,0.0
0.0,11.650000000000002,83.555,161.13,3.5,0.0,0.2
0.0,11.4,84.59,165.18,4.0,0.0,5.2
0.0,11.25,85.035,159.91500000000002,6.0,0.0,6.0
0.0,11.100000000000001,86.26,149.75,8.0,0.0,4.3
0.0,11.05,85.39500000000001,138.24,7.5,0.0,4.1
0.0,10.75,81.86500000000001,126.42,7.5,0.0,4.6
0.0,10.100000000000001,79.44,114.675,7.5,0.0,0.4
0.0,9.05,78.015,92.185,1.5,0.0,1.0
99.5,9.400000000000002,75.12,82.33000000000001,0.5,99.5,0.0
253.0,10.25,70.75,73.72999999999999,0.0,253.0,0.0
384.5,11.100000000000001,66.065,66.91,0.0,384.5,0.0
471.5,11.900000000000002,61.405,62.540000000000006,0.0,471.5,0.0
502.0,12.5,57.445,61.155,0.0,502.0,0.0
470.0,12.95,54.545,62.97,0.0,470.0,0.0
382.5,12.95,53.465,67.71000000000001,0.0,382.5,0.0
248.0,12.400000000000002,55.14,74.81,0.0,248.0,0.0
89.5,11.2,59.63,83.6,0.0,89.5,0.0
0.0,7.0,67.09,161.025,1.0,0.0,0.5
0.0,6.7,66.8,165.14,0.5,0.0,7.4
0.0,6.550000000000001,66.17500000000001,159.945,0.0,0.0,12.1
0.0,6.5,65.46000000000001,149.815,0.5,0.0,15.4
0.0,6.4,65.17,138.31,0.0,0.0,16.9
0.0,6.3500000000000005,64.405,126.49,0.0,0.0,16.6
0.0,6.15,64.19,114.74000000000001,0.0,0.0,14.8
0.0,5.95,64.01,103.32,0.0,0.0,11.0
0.0,6.0,62.77,92.235,0.0,0.0,5.1
115.0,7.15,57.86,82.37,0.0,115.0,0.0
278.0,8.7,50.5,73.755,0.0,278.0,0.0
413.0,10.2,42.93000000000001,66.915,0.0,413.0,0.0
499.5,11.350000000000001,38.33,62.515,0.0,499.5,0.0
522.0,12.15,36.30500000000001,61.11,0.0,522.0,0.0
487.0,12.600000000000001,36.36,62.895,0.0,487.0,0.0
392.5,12.600000000000001,38.614999999999995,67.61500000000001,0.0,392.5,0.0
254.0,11.8,44.71,74.705,0.0,254.0,0.0
93.5,9.850000000000001,57.63,83.485,0.0,93.5,0.0
0.0,6.2,76.015,160.91500000000002,2.0,0.0,0.5
0.0,6.15,76.33000000000001,165.095,1.0,0.0,7.1
0.0,5.85,76.53,159.97500000000002,0.5,0.0,11.7
0.0,5.25,77.75,149.875,2.5,0.0,14.8
0.0,4.550000000000001,79.745,138.38,1.0,0.0,15.6
0.0,3.95,81.78,126.56,1.0,0.0,15.3
0.0,3.3000000000000003,84.625,114.805,3.5,0.0,14.2
0.0,2.95,85.34,103.38,7.0,0.0,10.7
0.0,3.3500000000000005,81.81,92.275,7.0,0.0,5.1
69.0,5.300000000000001,74.305,82.405,7.0,110.0,0.0
183.5,7.15,65.075,73.77,7.0,269.0,0.0
319.0,9.200000000000001,55.09,66.91,5.5,399.5,0.0
413.0,10.900000000000002,47.625,62.485,5.0,483.5,0.0
412.5,11.8,45.489999999999995,61.05,3.0,508.0,0.0
438.5,12.100000000000001,45.985,62.81,3.5,475.5,0.0
308.5,12.0,48.63,67.515,7.0,387.0,0.0
153.0,11.4,56.019999999999996,74.595,7.0,251.0,0.0
92.5,10.0,62.225,83.37,0.5,92.5,0.0
0.0,7.4,79.06,160.8,1.0,0.0,0.5
0.0,6.85,79.355,165.03500000000003,0.5,0.0,7.2
0.0,6.4,78.58000000000001,159.995,1.0,0.0,11.7
0.0,6.15,76.61500000000001,149.925,3.0,0.0,14.9
0.0,5.8500000000000005,75.46000000000001,138.44,1.5,0.0,16.2
0.0,5.550000000000001,75.15,126.62,2.0,0.0,15.5
0.0,5.1,76.49000000000001,114.87,1.0,0.0,13.9
0.0,4.700000000000001,77.985,103.43,3.0,0.0,10.7
0.0,4.85,77.09,92.32,2.0,0.0,5.2
67.0,6.35,73.825,82.43,1.5,105.0,0.0
222.5,7.95,65.27000000000001,73.78,2.0,261.0,0.0
390.0,9.850000000000001,58.58,66.89500000000001,0.5,390.0,0.0
473.0,11.55,52.4,62.44,0.5,473.0,0.0
499.5,12.55,49.725,60.985,0.0,499.5,0.0
411.0,13.05,51.290000000000006,62.725,1.5,463.5,0.0
340.0,13.100000000000001,54.504999999999995,67.41,1.5,373.5,0.0
240.5,12.5,59.269999999999996,74.475,0.5,240.5,0.0
56.0,11.400000000000002,66.965,83.25,3.0,87.5,0.0
0.0,8.05,92.72,160.685,7.0,0.0,0.4
0.0,7.95,95.73500000000001,164.97500000000002,5.5,0.0,6.8
0.0,8.05,96.4,160.01,4.0,0.0,11.1
0.0,8.200000000000001,96.05,149.97500000000002,5.0,0.0,12.5
0.0,8.350000000000001,95.23,138.5,5.0,0.0,11.2
0.0,8.55,93.67,126.68,7.0,0.0,13.0
0.0,8.65,92.35,114.92,7.0,0.0,12.2
0.0,8.700000000000001,91.435,103.48,7.0,0.0,0.1
29.0,9.15,88.935,82.45500000000001,3.0,95.0,0.0
167.0,9.850000000000001,84.72999999999999,73.78,5.0,247.0,0.0
108.0,10.600000000000001,80.305,66.875,3.0,378.5,0.0
176.5,11.200000000000001,76.04,62.395,3.0,462.0,0.0
155.5,11.650000000000002,73.38499999999999,60.91,3.0,488.5,0.0
150.0,11.8,72.275,62.620000000000005,3.0,452.0,0.0
103.0,11.850000000000001,71.565,67.295,3.0,365.0,0.0
53.5,11.4,74.155,74.35,3.0,236.0,0.0
